品番,仕入先名/工場名,箱種類,収容数,基準在庫日数,基準在庫枚数,サイクル間隔,サイクル回数,サイクル情報,当月計算数,翌月計算数,翌々月計算数,翌々々月計算数,1(木),2(金),3(土),4(日),5(月),6(火),7(水),8(木),9(金),10(土),11(日),12(月),13(火),14(水),15(木),16(金),17(土),18(日),19(月),20(火),21(水),22(木),23(金),24(土),25(日),26(月),27(火),28(水),29(木),30(金)
35300-ECB010,アイシン精機（株）,TP-341 ﾊﾝﾖｳ,12,0.91,3,1,4,8.04,"21,214","20,918","16,975","20,206",919,945,0,0,919,"1,028",920,"1,029",918,0,0,"1,027",920,"1,029",919,947,0,0,920,"1,029",946,"1,027",879,0,0,946,"1,029",945,"1,028",945
35580-ECB011,アイシン精機（株）,TP-342 ｾﾝﾖｳ,6,0.9,3,1,4,8.04,"9,254","8,882","7,398","9,215",396,408,0,0,397,432,390,439,396,0,0,444,410,450,409,411,0,0,412,457,426,456,397,0,0,411,445,411,452,405
1040 052 001Z,（株）青山製作所,TP-131 ﾊﾝﾖｳ,200,0.53,3,1,6,5.76,"11,959","12,035","9,576","10,991",523,537,0,0,522,596,530,590,522,0,0,583,510,579,510,535,0,0,508,572,520,571,482,0,0,535,584,534,576,540
1040 183 011P,（株）青山製作所,TP-331 ﾊﾝﾖｳ,500,0.54,3,1,6,5.76,"27,762","26,646","22,194","27,645","1,188","1,224",0,0,"1,191","1,296","1,170","1,317","1,188",0,0,"1,332","1,230","1,350","1,227","1,233",0,0,"1,236","1,371","1,278","1,368","1,191",0,0,"1,233","1,335","1,233","1,356","1,215"
3040 052 001B,（株）青山製作所,TP-331 ﾊﾝﾖｳ,500,0.52,3,1,6,5.76,"96,815","95,707","77,476","91,815","4,199","4,317",0,0,"4,198","4,708","4,210","4,706","4,194",0,0,"4,691","4,190","4,695","4,186","4,323",0,0,"4,188","4,688","4,304","4,679","3,998",0,0,"4,319","4,700","4,314","4,688","4,320"
90105-06A003,（株）青山製作所,TP-331 ﾊﾝﾖｳ,"2,000",0.52,3,1,6,5.76,"37,020","35,532","29,596","36,860","1,584","1,632",0,0,"1,588","1,728","1,560","1,756","1,584",0,0,"1,776","1,640","1,800","1,636","1,648",0,0,"1,648","1,828","1,704","1,824","1,588",0,0,"1,644","1,780","1,644","1,808","1,620"
90105-06A089,（株）青山製作所,TP-331 ﾊﾝﾖｳ,"1,500",0.5,3,1,6,5.76,"42,428","41,836","33,950","40,412","1,838","1,890",0,0,"1,838","2,056","1,840","2,058","1,836",0,0,"2,054","1,840","2,058","1,838","1,894",0,0,"1,840","2,058","1,892","2,054","1,758",0,0,"1,892","2,058","1,890","2,056","1,890"
90105-08A014,（株）青山製作所,TP-331 ﾊﾝﾖｳ,500,0.54,3,1,6,5.76,"802,285","792,305","642,005","762,165","34,780","35,760",0,0,"34,775","38,960","34,850","38,965","34,740",0,0,"38,860","34,750","38,910","34,715","35,820",0,0,"34,740","38,875","35,710","38,800","33,175",0,0,"35,785","38,935","35,745","38,860","35,775"
90105-08A042,（株）青山製作所,TP-331 ﾊﾝﾖｳ,300,0.53,3,1,6,5.76,"46,275","44,415","36,995","46,075","1,980","2,040",0,0,"1,985","2,160","1,950","2,195","1,980",0,0,"2,220","2,050","2,250","2,045","2,060",0,0,"2,060","2,285","2,130","2,280","1,985",0,0,"2,055","2,225","2,055","2,260","2,025"
90105-12A018,（株）青山製作所,TP-331 ﾊﾝﾖｳ,200,0.54,3,1,6,5.76,"291,588","286,548","233,296","279,332","12,612","12,972",0,0,"12,616","14,064","12,600","14,104","12,600",0,0,"14,100","12,680","14,148","12,664","13,012",0,0,"12,688","14,176","13,056","14,148","12,136",0,0,"12,996","14,128","12,984","14,144","12,960"
90119-06908,（株）青山製作所,TP-331 ﾊﾝﾖｳ,"2,000",0.54,3,1,6,5.76,"30,469","29,801","24,374","29,421","1,315","1,353",0,0,"1,316","1,460","1,310","1,468","1,314",0,0,"1,471","1,330","1,479","1,328","1,359",0,0,"1,332","1,486","1,372","1,483","1,276",0,0,"1,357","1,474","1,356","1,480","1,350"
90119-06A065,（株）青山製作所,TP-331 ﾊﾝﾖｳ,"1,000",0.53,3,1,6,5.76,"63,642","62,754","50,925","60,618","2,757","2,835",0,0,"2,757","3,084","2,760","3,087","2,754",0,0,"3,081","2,760","3,087","2,757","2,841",0,0,"2,760","3,087","2,838","3,081","2,637",0,0,"2,838","3,087","2,835","3,084","2,835"
90148-60027,（株）青山製作所,TP-331 ﾊﾝﾖｳ,"2,000",0.56,3,1,6,5.76,"9,255","8,883","7,399","9,215",396,408,0,0,397,432,390,439,396,0,0,444,410,450,409,412,0,0,412,457,426,456,397,0,0,411,445,411,452,405
90149-08A008,（株）青山製作所,TP-331 ﾊﾝﾖｳ,800,0.52,3,1,6,5.76,"63,642","62,754","50,925","60,618","2,757","2,835",0,0,"2,757","3,084","2,760","3,087","2,754",0,0,"3,081","2,760","3,087","2,757","2,841",0,0,"2,760","3,087","2,838","3,081","2,637",0,0,"2,838","3,087","2,835","3,084","2,835"
90159-05A007,（株）青山製作所,TP-331 ﾊﾝﾖｳ,"2,000",0.53,3,1,6,5.76,"127,260","125,484","101,826","121,236","5,514","5,670",0,0,"5,514","6,168","5,520","6,174","5,508",0,0,"6,162","5,520","6,168","5,508","5,676",0,0,"5,514","6,174","5,676","6,162","5,274",0,0,"5,676","6,174","5,670","6,168","5,670"
90159-06A021,（株）青山製作所,TP-331 ﾊﾝﾖｳ,"1,200",0.52,3,1,6,5.76,"178,933","176,193","143,165","170,863","7,748","7,968",0,0,"7,749","8,656","7,750","8,671","7,740",0,0,"8,660","7,770","8,674","7,752","7,979",0,0,"7,764","8,689","7,994","8,672","7,429",0,0,"7,979","8,677","7,971","8,676","7,965"
90159-06A022,（株）青山製作所,TP-331 ﾊﾝﾖｳ,"1,500",0.51,3,1,6,5.76,"318,180","313,740","254,595","303,090","13,785","14,175",0,0,"13,785","15,420","13,800","15,435","13,770",0,0,"15,405","13,800","15,435","13,785","14,190",0,0,"13,785","15,435","14,190","15,405","13,185",0,0,"14,190","15,435","14,175","15,420","14,175"
90159-06A023,（株）青山製作所,TP-331 ﾊﾝﾖｳ,"1,300",0.52,3,1,6,5.76,"63,630","62,742","50,913","60,618","2,757","2,835",0,0,"2,757","3,084","2,760","3,087","2,754",0,0,"3,081","2,760","3,084","2,754","2,838",0,0,"2,757","3,087","2,838","3,081","2,637",0,0,"2,838","3,087","2,835","3,084","2,835"
90341-14A004,（株）青山製作所,TP-331 ﾊﾝﾖｳ,500,0.5,3,1,6,5.76,"9,255","8,883","7,399","9,215",396,408,0,0,397,432,390,439,396,0,0,444,410,450,409,412,0,0,412,457,426,456,397,0,0,411,445,411,452,405
90341-18A024,（株）青山製作所,TP-131 ﾊﾝﾖｳ,200,0.52,3,1,6,5.76,"11,959","12,035","9,576","10,991",523,537,0,0,522,596,530,590,522,0,0,583,510,579,510,535,0,0,508,572,520,571,482,0,0,535,584,534,576,540
90930-03179,（株）青山製作所,TP-331 ﾊﾝﾖｳ,500,0.5,3,1,6,5.76,"21,214","20,918","16,975","20,206",919,945,0,0,919,"1,028",920,"1,029",918,0,0,"1,027",920,"1,029",919,947,0,0,920,"1,029",946,"1,027",879,0,0,946,"1,029",945,"1,028",945
91551-80614,（株）青山製作所,TP-331 ﾊﾝﾖｳ,"1,500",0.54,3,1,6,5.76,"103,366","101,438","82,698","99,254","4,468","4,596",0,0,"4,470","4,976","4,460","4,994","4,464",0,0,"4,996","4,500","5,016","4,494","4,612",0,0,"4,504","5,030","4,636","5,020","4,310",0,0,"4,606","5,006","4,602","5,016","4,590"
91551-80640,（株）青山製作所,TP-331 ﾊﾝﾖｳ,"1,000",0.54,3,1,6,5.76,"42,428","41,836","33,950","40,412","1,838","1,890",0,0,"1,838","2,056","1,840","2,058","1,836",0,0,"2,054","1,840","2,058","1,838","1,894",0,0,"1,840","2,058","1,892","2,054","1,758",0,0,"1,892","2,058","1,890","2,056","1,890"
91611-40614,（株）青山製作所,TP-331 ﾊﾝﾖｳ,"2,500",0.52,3,1,6,5.76,"339,424","334,688","271,600","323,296","14,704","15,120",0,0,"14,704","16,448","14,720","16,464","14,688",0,0,"16,432","14,720","16,464","14,704","15,152",0,0,"14,720","16,464","15,136","16,432","14,064",0,0,"15,136","16,464","15,120","16,448","15,120"
91671-80618,（株）青山製作所,TP-331 ﾊﾝﾖｳ,"1,000",0.53,3,1,6,5.76,"63,642","62,754","50,925","60,618","2,757","2,835",0,0,"2,757","3,084","2,760","3,087","2,754",0,0,"3,081","2,760","3,087","2,757","2,841",0,0,"2,760","3,087","2,838","3,081","2,637",0,0,"2,838","3,087","2,835","3,084","2,835"
G1163-ECB010,（株）青山製作所,TP-331 ﾊﾝﾖｳ,80,0.54,3,1,6,5.76,"15,531","14,382","12,915","17,112",666,702,0,0,687,756,666,777,684,0,0,720,672,720,669,657,0,0,696,774,720,774,669,0,0,684,738,693,741,666
G1163-ECE010,（株）青山製作所,TP-331 ﾊﾝﾖｳ,100,0.53,3,1,6,5.76,"48,111","48,372","38,010","43,506","2,091","2,133",0,0,"2,070","2,328","2,094","2,310","2,070",0,0,"2,361","2,088","2,367","2,088","2,184",0,0,"2,064","2,313","2,118","2,307","1,968",0,0,"2,154","2,349","2,142","2,343","2,169"
35145-ECE020,（株）浅賀井製作所,TP-131 ﾊﾝﾖｳ,100,0.65,3,1,4,6.88,"11,959","12,035","9,576","10,991",523,537,0,0,522,596,530,590,522,0,0,583,510,579,510,535,0,0,508,572,520,571,482,0,0,535,584,534,576,540
35174-ECB010,（株）浅賀井製作所,TP-332 ﾊﾝﾖｳ,20,0.87,3,1,4,6.88,"9,255","8,883","7,399","9,215",396,408,0,0,397,432,390,439,396,0,0,444,410,450,409,412,0,0,412,457,426,456,397,0,0,411,445,411,452,405
35174-ECE010,（株）浅賀井製作所,TP-332 ﾊﾝﾖｳ,40,0.87,3,1,4,6.88,"11,959","12,035","9,576","10,991",523,537,0,0,522,596,530,590,522,0,0,583,510,579,510,535,0,0,508,572,520,571,482,0,0,535,584,534,576,540
35174-ECE020,（株）浅賀井製作所,TP-331 ﾊﾝﾖｳ,90,0.63,3,1,4,6.88,"11,959","12,035","9,576","10,991",523,537,0,0,522,596,530,590,522,0,0,583,510,579,510,535,0,0,508,572,520,571,482,0,0,535,584,534,576,540
35312-ECB010,（株）旭工業所,TP-331 ﾊﾝﾖｳ,63,0.59,3,1,1,1.9,"9,255","8,883","7,399","9,215",396,408,0,0,397,432,390,439,396,0,0,444,410,450,409,412,0,0,412,457,426,456,397,0,0,411,445,411,452,405
01912-ECB040,愛産樹脂工業（株）,TP-342 ﾊﾝﾖｳ,50,0.25,3,1,1,2.12,"21,214","20,918","16,975","20,206",919,945,0,0,919,"1,028",920,"1,029",918,0,0,"1,027",920,"1,029",919,947,0,0,920,"1,029",946,"1,027",879,0,0,946,"1,029",945,"1,028",945
01912-8GA010,石黒ゴム工業（株）,TP-342 ﾊﾝﾖｳ,50,1.07,3,1,2,3.64,"21,214","20,918","16,975","20,206",919,945,0,0,919,"1,028",920,"1,029",918,0,0,"1,027",920,"1,029",919,947,0,0,920,"1,029",946,"1,027",879,0,0,946,"1,029",945,"1,028",945
01912-ECB010,石黒ゴム工業（株）,TP-332 ﾊﾝﾖｳ,300,0.85,3,1,2,3.64,"42,420","41,828","33,942","40,412","1,838","1,890",0,0,"1,838","2,056","1,840","2,058","1,836",0,0,"2,054","1,840","2,056","1,836","1,892",0,0,"1,838","2,058","1,892","2,054","1,758",0,0,"1,892","2,058","1,890","2,056","1,890"
82821-CWA030,石黒ゴム工業（株）,TP-332 ﾊﾝﾖｳ,200,0.83,3,1,2,3.64,"21,210","20,914","16,971","20,206",919,945,0,0,919,"1,028",920,"1,029",918,0,0,"1,027",920,"1,028",918,946,0,0,919,"1,029",946,"1,027",879,0,0,946,"1,029",945,"1,028",945
82821-ECB010,石黒ゴム工業（株）,TP-332 ｾﾝﾖｳ,400,0.83,3,1,2,3.64,"21,214","20,918","16,975","20,206",919,945,0,0,919,"1,028",920,"1,029",918,0,0,"1,027",920,"1,029",919,947,0,0,920,"1,029",946,"1,027",879,0,0,946,"1,029",945,"1,028",945
82821-ECB020,石黒ゴム工業（株）,TP-131 ﾊﾝﾖｳ,200,0.87,3,1,2,3.64,"21,214","20,918","16,975","20,206",919,945,0,0,919,"1,028",920,"1,029",918,0,0,"1,027",920,"1,029",919,947,0,0,920,"1,029",946,"1,027",879,0,0,946,"1,029",945,"1,028",945
82821-ECB040,石黒ゴム工業（株）,TP-342 ｾﾝﾖｳ,100,0.83,3,1,2,3.64,"9,255","8,883","7,399","9,215",396,408,0,0,397,432,390,439,396,0,0,444,410,450,409,412,0,0,412,457,426,456,397,0,0,411,445,411,452,405
82821-ECB050,石黒ゴム工業（株）,TP-332 ﾊﾝﾖｳ,100,0.83,3,1,2,3.64,"21,210","20,914","16,971","20,206",919,945,0,0,919,"1,028",920,"1,029",918,0,0,"1,027",920,"1,028",918,946,0,0,919,"1,029",946,"1,027",879,0,0,946,"1,029",945,"1,028",945
82821-ECE010,石黒ゴム工業（株）,TP-332 ﾊﾝﾖｳ,50,1.07,3,1,2,3.64,"11,958","12,034","9,575","10,991",523,537,0,0,522,596,530,590,522,0,0,583,510,579,510,535,0,0,507,572,520,571,482,0,0,535,584,534,576,540
82821-XAE010,石黒ゴム工業（株）,TP-131 ﾊﾝﾖｳ,100,0.87,3,1,2,3.64,"21,214","20,918","16,975","20,206",919,945,0,0,919,"1,028",920,"1,029",918,0,0,"1,027",920,"1,029",919,947,0,0,920,"1,029",946,"1,027",879,0,0,946,"1,029",945,"1,028",945
82821-XAE020,石黒ゴム工業（株）,TP-332 ﾊﾝﾖｳ,400,0.81,3,1,2,3.64,"9,255","8,883","7,399","9,215",396,408,0,0,397,432,390,439,396,0,0,444,410,450,409,412,0,0,412,457,426,456,397,0,0,411,445,411,452,405
2030 045 013L,伊藤金属工業（株）,TP-331 ﾊﾝﾖｳ,"2,000",0.53,3,1,1,1.96,"54,387","53,871","43,526","51,403","2,361","2,427",0,0,"2,360","2,652","2,370","2,648","2,358",0,0,"2,637","2,350","2,637","2,348","2,429",0,0,"2,348","2,630","2,412","2,625","2,240",0,0,"2,427","2,642","2,424","2,632","2,430"
36108-ECB010,（株）オーハシテクニカ,TP-331-5 ﾊﾝﾖｳ,150,0.64,3,1,1,1.97,"9,255","8,883","7,399","9,215",396,408,0,0,397,432,390,439,396,0,0,444,410,450,409,412,0,0,412,457,426,456,397,0,0,411,445,411,452,405
35501-ECB010,大橋鉄工（株）,TP-331 ﾊﾝﾖｳ,100,0.6,3,1,1,1.38,"9,255","8,883","7,399","9,215",396,408,0,0,397,432,390,439,396,0,0,444,410,450,409,412,0,0,412,457,426,456,397,0,0,411,445,411,452,405
90363-45A004,岡谷鋼機（株）,ｻﾝﾎﾞｯｸｽ#9T,90,0.64,3,1,1,2.29,"21,214","20,918","16,975","20,206",919,945,0,0,919,"1,028",920,"1,029",918,0,0,"1,027",920,"1,029",919,947,0,0,920,"1,029",946,"1,027",879,0,0,946,"1,029",945,"1,028",945
35557-ECB010,小川工業（株）,TP-131 ﾊﾝﾖｳ,46,0.89,3,1,2,4.94,"9,255","8,883","7,399","9,215",396,408,0,0,397,432,390,439,396,0,0,444,410,450,409,412,0,0,412,457,426,456,397,0,0,411,445,411,452,405
41310-ECB010,（株）オンド,ｻﾝﾎﾞｯｸｽ#24-A,2,1.1,3,1,4,4,"9,255","8,883","7,399","9,215",396,408,0,0,397,432,390,439,396,0,0,444,410,450,409,412,0,0,412,457,426,456,397,0,0,411,445,411,452,405
41310-ECE010,（株）オンド,ｻﾝﾎﾞｯｸｽ#24-A,2,1.1,3,1,4,4,"11,959","12,035","9,576","10,991",523,537,0,0,522,596,530,590,522,0,0,583,510,579,510,535,0,0,508,572,520,571,482,0,0,535,584,534,576,540
1040 043 104R,（株）ギフ加藤製作所,AW-131 ｾﾝﾖｳ,"1,000",0.75,3,1,2,3.8,"42,428","41,836","33,950","40,412","1,838","1,890",0,0,"1,838","2,056","1,840","2,058","1,836",0,0,"2,054","1,840","2,058","1,838","1,894",0,0,"1,840","2,058","1,892","2,054","1,758",0,0,"1,892","2,058","1,890","2,056","1,890"
35556-ECB010,（株）ギフ加藤製作所,TP-131 ﾊﾝﾖｳ,100,0.75,3,1,2,3.8,"9,255","8,883","7,399","9,215",396,408,0,0,397,432,390,439,396,0,0,444,410,450,409,412,0,0,412,457,426,456,397,0,0,411,445,411,452,405
90250-06A007,（株）ギフ加藤製作所,AW-131 ｾﾝﾖｳ,200,0.76,3,1,2,3.8,"18,510","17,766","14,798","18,430",792,816,0,0,794,864,780,878,792,0,0,888,820,900,818,824,0,0,824,914,852,912,794,0,0,822,890,822,904,810
33490-ECB010,マレリ（株）,TP-332 ﾊﾝﾖｳ,4,0.82,3,1,2,3.92,"9,255","8,883","7,399","9,215",396,408,0,0,397,432,390,439,396,0,0,444,410,450,409,412,0,0,412,457,426,456,397,0,0,411,445,411,452,405
33490-ECE010,マレリ（株）,TP-332 ﾊﾝﾖｳ,4,0.81,3,1,2,3.92,"11,959","12,035","9,576","10,991",523,537,0,0,522,596,530,590,522,0,0,583,510,579,510,535,0,0,508,572,520,571,482,0,0,535,584,534,576,540
90366-28A005,（株）ジェイテクト,PT- 9 ｾﾝﾖｳ,60,0.63,3,1,1,1.9,"9,255","8,883","7,399","9,215",396,408,0,0,397,432,390,439,396,0,0,444,410,450,409,412,0,0,412,457,426,456,397,0,0,411,445,411,452,405
90366-28A006,（株）ジェイテクト,PT- 9 ｾﾝﾖｳ,80,0.63,3,1,1,1.9,"9,255","8,883","7,399","9,215",396,408,0,0,397,432,390,439,396,0,0,444,410,450,409,412,0,0,412,457,426,456,397,0,0,411,445,411,452,405
90366-28A007,（株）ジェイテクト,PT- 9 ｾﾝﾖｳ,72,0.58,3,1,1,1.9,"11,959","12,035","9,576","10,991",523,537,0,0,522,596,530,590,522,0,0,583,510,579,510,535,0,0,508,572,520,571,482,0,0,535,584,534,576,540
90366-28A008,（株）ジェイテクト,PT- 9 ｾﾝﾖｳ,100,0.59,3,1,1,1.9,"11,959","12,035","9,576","10,991",523,537,0,0,522,596,530,590,522,0,0,583,510,579,510,535,0,0,508,572,520,571,482,0,0,535,584,534,576,540
90366-30A017,（株）ジェイテクト,PT- 9 ｾﾝﾖｳ,72,0.61,3,1,1,1.9,"21,214","20,918","16,975","20,206",919,945,0,0,919,"1,028",920,"1,029",918,0,0,"1,027",920,"1,029",919,947,0,0,920,"1,029",946,"1,027",879,0,0,946,"1,029",945,"1,028",945
90366-30A018,（株）ジェイテクト,PT- 9 ｾﾝﾖｳ,38,0.34,3,1,1,1.9,"21,214","20,918","16,975","20,206",919,945,0,0,919,"1,028",920,"1,029",918,0,0,"1,027",920,"1,029",919,947,0,0,920,"1,029",946,"1,027",879,0,0,946,"1,029",945,"1,028",945
90366-52A003,（株）ジェイテクト,PT- 9 ｾﾝﾖｳ,60,0.58,3,1,1,1.9,"11,959","12,035","9,576","10,991",523,537,0,0,522,596,530,590,522,0,0,583,510,579,510,535,0,0,508,572,520,571,482,0,0,535,584,534,576,540
90366-52A004,（株）ジェイテクト,PT- 9 ｾﾝﾖｳ,63,0.58,3,1,1,1.9,"11,959","12,035","9,576","10,991",523,537,0,0,522,596,530,590,522,0,0,583,510,579,510,535,0,0,508,572,520,571,482,0,0,535,584,534,576,540
90366-58A001,（株）ジェイテクト,PT- 9 ｾﾝﾖｳ,45,0.58,3,1,1,1.9,"9,255","8,883","7,399","9,215",396,408,0,0,397,432,390,439,396,0,0,444,410,450,409,412,0,0,412,457,426,456,397,0,0,411,445,411,452,405
90366-58A002,（株）ジェイテクト,PT- 9 ｾﾝﾖｳ,36,0.6,3,1,1,1.9,"9,255","8,883","7,399","9,215",396,408,0,0,397,432,390,439,396,0,0,444,410,450,409,412,0,0,412,457,426,456,397,0,0,411,445,411,452,405
90366-59A009,（株）ジェイテクト,PT- 9 ｾﾝﾖｳ,36,0.6,3,1,1,1.9,"21,214","20,918","16,975","20,206",919,945,0,0,919,"1,028",920,"1,029",918,0,0,"1,027",920,"1,029",919,947,0,0,920,"1,029",946,"1,027",879,0,0,946,"1,029",945,"1,028",945
90366-59A010,（株）ジェイテクト,PT- 9 ｾﾝﾖｳ,36,0.6,3,1,1,1.9,"21,214","20,918","16,975","20,206",919,945,0,0,919,"1,028",920,"1,029",918,0,0,"1,027",920,"1,029",919,947,0,0,920,"1,029",946,"1,027",879,0,0,946,"1,029",945,"1,028",945
35352-ECB010,五興商事（株）,TP-331 ﾊﾝﾖｳ,504,0.64,3,1,1,1.97,"9,255","8,883","7,399","9,215",396,408,0,0,397,432,390,439,396,0,0,444,410,450,409,412,0,0,412,457,426,456,397,0,0,411,445,411,452,405
G9201-ECB030,佐藤工業（株）,ｻﾝﾎﾞｯｸｽ#20B,8,0.58,3,1,2,1.82,"9,254","8,882","7,398","9,215",396,408,0,0,397,432,390,439,396,0,0,444,410,450,409,411,0,0,412,457,426,456,397,0,0,411,445,411,452,405
G9201-ECE010,佐藤工業（株）,ｻﾝﾎﾞｯｸｽ#20B,8,0.66,3,1,2,1.82,"11,958","12,034","9,575","10,991",523,537,0,0,522,596,530,590,522,0,0,583,510,579,510,535,0,0,507,572,520,571,482,0,0,535,584,534,576,540
35198-ECE010,サトープレス工業（株）,AW-331 ｾﾝﾖｳ,200,0.58,3,1,1,1.78,"11,959","12,035","9,576","10,991",523,537,0,0,522,596,530,590,522,0,0,583,510,579,510,535,0,0,508,572,520,571,482,0,0,535,584,534,576,540
35482-55A010,サトープレス工業（株）,AW-131 ｾﾝﾖｳ,300,0.57,3,1,1,1.78,"11,959","12,035","9,576","10,991",523,537,0,0,522,596,530,590,522,0,0,583,510,579,510,535,0,0,508,572,520,571,482,0,0,535,584,534,576,540
35482-TFA010,サトープレス工業（株）,TP-131 ﾊﾝﾖｳ,"1,000",0.66,3,1,1,1.78,"9,255","8,883","7,399","9,215",396,408,0,0,397,432,390,439,396,0,0,444,410,450,409,412,0,0,412,457,426,456,397,0,0,411,445,411,452,405
35595-ECB010,サトープレス工業（株）,TP-131 ｾﾝﾖｳ,40,0.57,3,1,1,1.78,"9,255","8,883","7,399","9,215",396,408,0,0,397,432,390,439,396,0,0,444,410,450,409,412,0,0,412,457,426,456,397,0,0,411,445,411,452,405
5040 056 001E,サトープレス工業（株）,AW-131 ｾﾝﾖｳ,300,0.58,3,1,1,1.78,"46,275","44,415","36,995","46,075","1,980","2,040",0,0,"1,985","2,160","1,950","2,195","1,980",0,0,"2,220","2,050","2,250","2,045","2,060",0,0,"2,060","2,285","2,130","2,280","1,985",0,0,"2,055","2,225","2,055","2,260","2,025"
90331-06A003,サトープレス工業（株）,AW-131 ｾﾝﾖｳ,"5,000",0.67,3,1,1,1.78,"11,959","12,035","9,576","10,991",523,537,0,0,522,596,530,590,522,0,0,583,510,579,510,535,0,0,508,572,520,571,482,0,0,535,584,534,576,540
90339-04A002,サトープレス工業（株）,AW-131 ｾﾝﾖｳ,"1,000",0.61,3,1,1,1.78,"21,214","20,918","16,975","20,206",919,945,0,0,919,"1,028",920,"1,029",918,0,0,"1,027",920,"1,029",919,947,0,0,920,"1,029",946,"1,027",879,0,0,946,"1,029",945,"1,028",945
90339-04A003,サトープレス工業（株）,AW-131 ｾﾝﾖｳ,"2,000",0.6,3,1,1,1.78,"18,510","17,766","14,798","18,430",792,816,0,0,794,864,780,878,792,0,0,888,820,900,818,824,0,0,824,914,852,912,794,0,0,822,890,822,904,810
35145-ECB010,三共鋼業（株）,AW-131 ｾﾝﾖｳ,100,0.62,3,1,1,1.74,"9,255","8,883","7,399","9,215",396,408,0,0,397,432,390,439,396,0,0,444,410,450,409,412,0,0,412,457,426,456,397,0,0,411,445,411,452,405
35145-ECE010,三共鋼業（株）,AW-131 ｾﾝﾖｳ,100,0.65,3,1,1,1.74,"11,959","12,035","9,576","10,991",523,537,0,0,522,596,530,590,522,0,0,583,510,579,510,535,0,0,508,572,520,571,482,0,0,535,584,534,576,540
35195-ECE010,三共鋼業（株）,TP-131 ﾊﾝﾖｳ,400,0.62,3,1,1,1.74,"23,918","24,070","19,152","21,982","1,046","1,074",0,0,"1,044","1,192","1,060","1,180","1,044",0,0,"1,166","1,020","1,158","1,020","1,070",0,0,"1,016","1,144","1,040","1,142",964,0,0,"1,070","1,168","1,068","1,152","1,080"
35195-TFG010,三共鋼業（株）,TP-131 ﾊﾝﾖｳ,400,0.62,3,1,1,1.74,"23,918","24,070","19,152","21,982","1,046","1,074",0,0,"1,044","1,192","1,060","1,180","1,044",0,0,"1,166","1,020","1,158","1,020","1,070",0,0,"1,016","1,144","1,040","1,142",964,0,0,"1,070","1,168","1,068","1,152","1,080"
35771-ECB010,アイシン機工（株）,TP-341 ﾊﾝﾖｳ,4,0.7,3,1,6,4.92,"9,255","8,883","7,399","9,215",396,408,0,0,397,432,390,439,396,0,0,444,410,450,409,412,0,0,412,457,426,456,397,0,0,411,445,411,452,405
35771-ECE010,アイシン機工（株）,TP-341 ﾊﾝﾖｳ,6,0.47,3,1,6,4.92,"11,959","12,035","9,576","10,991",523,537,0,0,522,596,530,590,522,0,0,583,510,579,510,535,0,0,508,572,520,571,482,0,0,535,584,534,576,540
35141-ECB010,（株）アイシン福井,Aﾊﾟﾚ ﾊﾝﾖｳ,16,0.62,3,1,24,19.68,"9,255","8,883","7,399","9,215",396,408,0,0,397,432,390,439,396,0,0,444,410,450,409,412,0,0,412,457,426,456,397,0,0,411,445,411,452,405
35141-ECE010,（株）アイシン福井,Aﾊﾟﾚ ﾊﾝﾖｳ,20,0.63,3,1,24,19.68,"11,959","12,035","9,576","10,991",523,537,0,0,522,596,530,590,522,0,0,583,510,579,510,535,0,0,508,572,520,571,482,0,0,535,584,534,576,540
39171-ECB010,（株）アイシン福井,Aﾊﾟﾚ ﾊﾝﾖｳ,16,0.62,3,1,24,19.68,"9,255","8,883","7,399","9,215",396,408,0,0,397,432,390,439,396,0,0,444,410,450,409,412,0,0,412,457,426,456,397,0,0,411,445,411,452,405
39171-ECE010,（株）アイシン福井,Aﾊﾟﾚ ﾊﾝﾖｳ,20,0.63,3,1,24,19.68,"11,959","12,035","9,576","10,991",523,537,0,0,522,596,530,590,522,0,0,583,510,579,510,535,0,0,508,572,520,571,482,0,0,535,584,534,576,540
01912-ECB060,新光ゴム工業（株）,TP-331 ﾊﾝﾖｳ,400,0.78,3,1,1,3.25,"9,255","8,883","7,399","9,215",396,408,0,0,397,432,390,439,396,0,0,444,410,450,409,412,0,0,412,457,426,456,397,0,0,411,445,411,452,405
2030 052 002N,（株）杉浦製作所,TP-331 ﾊﾝﾖｳ,300,0.5,3,1,2,1.06,"21,214","20,918","16,975","20,206",919,945,0,0,919,"1,028",920,"1,029",918,0,0,"1,027",920,"1,029",919,947,0,0,920,"1,029",946,"1,027",879,0,0,946,"1,029",945,"1,028",945
90116-06048,（株）杉浦製作所,TP-331 ﾊﾝﾖｳ,"3,000",0.61,3,1,2,1.06,"18,544","18,791","14,993","17,317",812,828,0,0,810,907,825,903,810,0,0,896,786,893,786,823,0,0,798,898,812,896,754,0,0,830,909,834,894,840
90341-08A006,（株）杉浦製作所,TP-331 ﾊﾝﾖｳ,"1,000",0.53,3,1,2,1.06,"94,111","92,555","75,299","90,039","4,072","4,188",0,0,"4,073","4,544","4,070","4,555","4,068",0,0,"4,552","4,090","4,566","4,085","4,200",0,0,"4,092","4,573","4,210","4,564","3,913",0,0,"4,195","4,561","4,191","4,564","4,185"
90341-08A010,（株）杉浦製作所,TP-331 ﾊﾝﾖｳ,"1,000",0.47,3,1,2,1.06,"18,510","17,766","14,798","18,430",792,816,0,0,794,864,780,878,792,0,0,888,820,900,818,824,0,0,824,914,852,912,794,0,0,822,890,822,904,810
90341-18090,（株）杉浦製作所,TP-331 ﾊﾝﾖｳ,300,0.54,3,1,2,1.06,"21,214","20,918","16,975","20,206",919,945,0,0,919,"1,028",920,"1,029",918,0,0,"1,027",920,"1,029",919,947,0,0,920,"1,029",946,"1,027",879,0,0,946,"1,029",945,"1,028",945
35598-50A010,アイコー（株）,AW-131 ｾﾝﾖｳ,100,0.9,3,1,2,3.92,"9,255","8,883","7,399","9,215",396,408,0,0,397,432,390,439,396,0,0,444,410,450,409,412,0,0,412,457,426,456,397,0,0,411,445,411,452,405
90341-18060,住友商事（株）鉄鋼部輸送機材,TP-331 ﾊﾝﾖｳ,300,0.74,3,1,1,3,"11,959","12,035","9,576","10,991",523,537,0,0,522,596,530,590,522,0,0,583,510,579,510,535,0,0,508,572,520,571,482,0,0,535,584,534,576,540
G1174-ECB010,住友電装（株）,TP-362 ﾊﾝﾖｳ,50,0.85,3,1,1,2.28,"9,255","8,883","7,399","9,215",396,408,0,0,397,432,390,439,396,0,0,444,410,450,409,412,0,0,412,457,426,456,397,0,0,411,445,411,452,405
G1174-ECE010,住友電装（株）,TP-362 ﾊﾝﾖｳ,50,0.87,3,1,1,2.28,"11,959","12,035","9,576","10,991",523,537,0,0,522,596,530,590,522,0,0,583,510,579,510,535,0,0,508,572,520,571,482,0,0,535,584,534,576,540
82824-ECE010,住友電装（株）,TP-332 ﾊﾝﾖｳ,45,0.36,3,1,1,3.25,"11,959","12,035","9,576","10,991",523,537,0,0,522,596,530,590,522,0,0,583,510,579,510,535,0,0,508,572,520,571,482,0,0,535,584,534,576,540
G1144-ECB010,住友電気工業（株）,TP-331 ﾊﾝﾖｳ,6,0.63,3,1,1,2.28,"9,255","8,883","7,399","9,215",396,408,0,0,397,432,390,439,396,0,0,444,410,450,409,412,0,0,412,457,426,456,397,0,0,411,445,411,452,405
G1173-62010,多摩川精機販売（株）,TP-331-5 ﾊﾝﾖｳ,18,0.85,3,1,1,3.05,"21,214","20,918","16,975","20,206",919,945,0,0,919,"1,028",920,"1,029",918,0,0,"1,027",920,"1,029",919,947,0,0,920,"1,029",946,"1,027",879,0,0,946,"1,029",945,"1,028",945
Y0217-82011,（株）チューゲン,TP-332 ﾊﾝﾖｳ,400,0.54,3,1,1,2.19,"9,255","8,883","7,399","9,215",396,408,0,0,397,432,390,439,396,0,0,444,410,450,409,412,0,0,412,457,426,456,397,0,0,411,445,411,452,405
35195-10A010,中庸スプリング（株）,AW-131 ｾﾝﾖｳ,600,0.63,3,1,2,2.34,"9,255","8,883","7,399","9,215",396,408,0,0,397,432,390,439,396,0,0,444,410,450,409,412,0,0,412,457,426,456,397,0,0,411,445,411,452,405
35505-ECB010,中庸スプリング（株）,AW-131 ｾﾝﾖｳ,24,0.81,3,1,2,2.34,"9,255","8,883","7,399","9,215",396,408,0,0,397,432,390,439,396,0,0,444,410,450,409,412,0,0,412,457,426,456,397,0,0,411,445,411,452,405
90949-06A012,中庸スプリング（株）,TP-131 ﾊﾝﾖｳ,500,0.59,3,1,2,2.34,"72,897","71,637","58,324","69,833","3,153","3,243",0,0,"3,154","3,516","3,150","3,526","3,150",0,0,"3,525","3,170","3,537","3,166","3,253",0,0,"3,172","3,544","3,264","3,537","3,034",0,0,"3,249","3,532","3,246","3,536","3,240"
34989-ECB010,（株）槌屋,TP-131 ﾊﾝﾖｳ,500,0.81,3,1,1,2.33,"5,177","4,794","4,305","5,704",222,234,0,0,229,252,222,259,228,0,0,240,224,240,223,219,0,0,232,258,240,258,223,0,0,228,246,231,247,222
34989-ECB020,（株）槌屋,TP-131 ﾊﾝﾖｳ,500,0.81,3,1,1,2.33,"21,212","20,916","16,973","20,206",919,945,0,0,919,"1,028",920,"1,029",918,0,0,"1,027",920,"1,029",919,946,0,0,919,"1,029",946,"1,027",879,0,0,946,"1,029",945,"1,028",945
34989-ECB030,（株）槌屋,TP-131 ﾊﾝﾖｳ,"1,000",0.8,3,1,1,2.33,"21,212","20,916","16,973","20,206",919,945,0,0,919,"1,028",920,"1,029",918,0,0,"1,027",920,"1,029",919,946,0,0,919,"1,029",946,"1,027",879,0,0,946,"1,029",945,"1,028",945
34989-ECC010,（株）槌屋,TP-131 ﾊﾝﾖｳ,500,0.78,3,1,1,2.33,"4,077","4,088","3,093","3,511",174,174,0,0,168,180,168,180,168,0,0,204,186,210,186,192,0,0,180,199,186,198,174,0,0,183,199,180,205,183
34989-ECE010,（株）槌屋,TP-131 ﾊﾝﾖｳ,500,0.72,3,1,1,2.33,"4,068","4,117","3,097","3,511",181,180,0,0,180,192,181,192,174,0,0,192,174,193,174,186,0,0,180,193,180,192,174,0,0,181,199,186,198,186
34989-ECE020,（株）槌屋,TP-131 ﾊﾝﾖｳ,500,0.82,3,1,1,2.33,"5,372","5,274","4,157","4,665",234,246,0,0,234,285,235,277,234,0,0,270,234,265,234,247,0,0,216,246,228,246,210,0,0,240,259,234,258,240
34989-ECE030,（株）槌屋,TP-131 ﾊﾝﾖｳ,500,0.8,3,1,1,2.33,"2,518","2,643","2,321","2,815",108,111,0,0,108,119,114,121,114,0,0,121,102,121,102,102,0,0,111,133,112,133,98,0,0,114,126,114,120,114
90508-27A011,（株）東郷製作所,TP-331 ﾊﾝﾖｳ,200,0.78,3,1,8,11.12,"9,255","8,883","7,399","9,215",396,408,0,0,397,432,390,439,396,0,0,444,410,450,409,412,0,0,412,457,426,456,397,0,0,411,445,411,452,405
90524-09A003,（株）東郷製作所,TP-331 ﾊﾝﾖｳ,500,0.78,3,1,8,11.12,"9,255","8,883","7,399","9,215",396,408,0,0,397,432,390,439,396,0,0,444,410,450,409,412,0,0,412,457,426,456,397,0,0,411,445,411,452,405
90331-14006,ナミコー（株）,TP-331 ﾊﾝﾖｳ,"2,000",0.94,3,1,1,3.25,"5,372","5,274","4,157","4,665",234,246,0,0,234,285,235,277,234,0,0,270,234,265,234,247,0,0,216,246,228,246,210,0,0,240,259,234,258,240
2030 044 001J,ＮＯＫ（株）,TP-131 ﾊﾝﾖｳ,400,0.54,3,1,2,3.52,"9,255","8,883","7,399","9,215",396,408,0,0,397,432,390,439,396,0,0,444,410,450,409,412,0,0,412,457,426,456,397,0,0,411,445,411,452,405
90301-06A018,ＮＯＫ（株）,TP-131 ﾊﾝﾖｳ,"2,000",0.56,3,1,2,3.52,"112,621","110,321","90,097","108,469","4,864","5,004",0,0,"4,867","5,408","4,850","5,433","4,860",0,0,"5,440","4,910","5,466","4,903","5,024",0,0,"4,916","5,487","5,062","5,476","4,707",0,0,"5,017","5,451","5,013","5,468","4,995"
90301-11A014,ＮＯＫ（株）,TP-131 ﾊﾝﾖｳ,"1,000",0.56,3,1,2,3.52,"106,070","104,590","84,875","101,030","4,595","4,725",0,0,"4,595","5,140","4,600","5,145","4,590",0,0,"5,135","4,600","5,145","4,595","4,735",0,0,"4,600","5,145","4,730","5,135","4,395",0,0,"4,730","5,145","4,725","5,140","4,725"
90301-15A011,ＮＯＫ（株）,TP-131 ﾊﾝﾖｳ,"1,000",0.56,3,1,2,3.52,"23,918","24,070","19,152","21,982","1,046","1,074",0,0,"1,044","1,192","1,060","1,180","1,044",0,0,"1,166","1,020","1,158","1,020","1,070",0,0,"1,016","1,144","1,040","1,142",964,0,0,"1,070","1,168","1,068","1,152","1,080"
90301-17A010,ＮＯＫ（株）,TP-131 ﾊﾝﾖｳ,"1,000",0.54,3,1,2,3.52,"30,469","29,801","24,374","29,421","1,315","1,353",0,0,"1,316","1,460","1,310","1,468","1,314",0,0,"1,471","1,330","1,479","1,328","1,359",0,0,"1,332","1,486","1,372","1,483","1,276",0,0,"1,357","1,474","1,356","1,480","1,350"
90301-19A010,ＮＯＫ（株）,TP-131 ﾊﾝﾖｳ,"1,000",0.58,3,1,2,3.52,"23,918","24,070","19,152","21,982","1,046","1,074",0,0,"1,044","1,192","1,060","1,180","1,044",0,0,"1,166","1,020","1,158","1,020","1,070",0,0,"1,016","1,144","1,040","1,142",964,0,0,"1,070","1,168","1,068","1,152","1,080"
90301-19A011,ＮＯＫ（株）,TP-131 ﾊﾝﾖｳ,200,0.54,3,1,2,3.52,"18,510","17,766","14,798","18,430",792,816,0,0,794,864,780,878,792,0,0,888,820,900,818,824,0,0,824,914,852,912,794,0,0,822,890,822,904,810
90311-50A014,ＮＯＫ（株）,B-24,84,0.54,3,1,2,3.52,"21,214","20,918","16,975","20,206",919,945,0,0,919,"1,028",920,"1,029",918,0,0,"1,027",920,"1,029",919,947,0,0,920,"1,029",946,"1,027",879,0,0,946,"1,029",945,"1,028",945
90311-50A015,ＮＯＫ（株）,B-24,84,0.53,3,1,2,3.52,"21,214","20,918","16,975","20,206",919,945,0,0,919,"1,028",920,"1,029",918,0,0,"1,027",920,"1,029",919,947,0,0,920,"1,029",946,"1,027",879,0,0,946,"1,029",945,"1,028",945
G1250-ECB010,（株）バルカー,TP-332.5ｾﾝﾖｳ,60,0.87,3,1,2,6.2,"5,177","4,794","4,305","5,704",222,234,0,0,229,252,222,259,228,0,0,240,224,240,223,219,0,0,232,258,240,258,223,0,0,228,246,231,247,222
G1250-ECC010,（株）バルカー,TP-332.5ｾﾝﾖｳ,60,0.87,3,1,2,6.2,"4,078","4,089","3,094","3,511",174,174,0,0,168,180,168,180,168,0,0,204,186,210,186,193,0,0,180,199,186,198,174,0,0,183,199,180,205,183
G1250-ECE010,（株）バルカー,TP-332.5ｾﾝﾖｳ,60,0.88,3,1,2,6.2,"11,959","12,035","9,576","10,991",523,537,0,0,522,596,530,590,522,0,0,583,510,579,510,535,0,0,508,572,520,571,482,0,0,535,584,534,576,540
90363-24A003,日本精工（株）,T-10 ﾊﾝﾖｳ,22,0.74,3,1,8,9,"9,255","8,883","7,399","9,215",396,408,0,0,397,432,390,439,396,0,0,444,410,450,409,412,0,0,412,457,426,456,397,0,0,411,445,411,452,405
90363-24A004,日本精工（株）,T-10 ﾊﾝﾖｳ,30,0.74,3,1,8,9,"21,214","20,918","16,975","20,206",919,945,0,0,919,"1,028",920,"1,029",918,0,0,"1,027",920,"1,029",919,947,0,0,920,"1,029",946,"1,027",879,0,0,946,"1,029",945,"1,028",945
90363-24A005,日本精工（株）,T-10 ｾﾝﾖｳ,22,0.74,3,1,8,9,"11,959","12,035","9,576","10,991",523,537,0,0,522,596,530,590,522,0,0,583,510,579,510,535,0,0,508,572,520,571,482,0,0,535,584,534,576,540
90363-40085,日本精工（株）,T-10 ｾﾝﾖｳ,80,0.76,3,1,8,9,0,0,0,0,0,0,0,0,0,0,0,0,0,0,0,0,0,0,0,0,0,0,0,0,0,0,0,0,0,0,0,0,0,0
90363-40A010,日本精工（株）,T-10 ｾﾝﾖｳ,80,0.76,3,1,8,9,"42,428","41,836","33,950","40,412","1,838","1,890",0,0,"1,838","2,056","1,840","2,058","1,836",0,0,"2,054","1,840","2,058","1,838","1,894",0,0,"1,840","2,058","1,892","2,054","1,758",0,0,"1,892","2,058","1,890","2,056","1,890"
35165-ECE010,（株）松尾製作所,TP-131 ﾊﾝﾖｳ,200,0.63,3,1,1,1.21,"11,959","12,035","9,576","10,991",523,537,0,0,522,596,530,590,522,0,0,583,510,579,510,535,0,0,508,572,520,571,482,0,0,535,584,534,576,540
35394-50A010,ミズショー（株）,TP-331 ﾊﾝﾖｳ,"2,000",0.71,3,1,1,1.88,"42,428","41,836","33,950","40,412","1,838","1,890",0,0,"1,838","2,056","1,840","2,058","1,836",0,0,"2,054","1,840","2,058","1,838","1,894",0,0,"1,840","2,058","1,892","2,054","1,758",0,0,"1,892","2,058","1,890","2,056","1,890"
90250-06027,（株）水野鉄工所,TP-131 ﾊﾝﾖｳ,"2,000",0.62,3,1,1,1.81,"21,214","20,918","16,975","20,206",919,945,0,0,919,"1,028",920,"1,029",918,0,0,"1,027",920,"1,029",919,947,0,0,920,"1,029",946,"1,027",879,0,0,946,"1,029",945,"1,028",945
90201-50A002,（株）ムロコーポレーション,TP-131 ﾊﾝﾖｳ,100,0.71,3,1,1,0.73,"9,255","8,883","7,399","9,215",396,408,0,0,397,432,390,439,396,0,0,444,410,450,409,412,0,0,412,457,426,456,397,0,0,411,445,411,452,405
90201-56A001,（株）ムロコーポレーション,TP-131 ﾊﾝﾖｳ,100,0.73,3,1,1,0.73,"9,255","8,883","7,399","9,215",396,408,0,0,397,432,390,439,396,0,0,444,410,450,409,412,0,0,412,457,426,456,397,0,0,411,445,411,452,405
90201-56A002,（株）ムロコーポレーション,TP-131 ﾊﾝﾖｳ,100,0.71,3,1,1,0.73,"11,959","12,035","9,576","10,991",523,537,0,0,522,596,530,590,522,0,0,583,510,579,510,535,0,0,508,572,520,571,482,0,0,535,584,534,576,540
90564-39A001,（株）ムロコーポレーション,TP-131 ﾊﾝﾖｳ,100,0.93,3,1,1,0.73,0,0,0,0,0,0,0,0,0,0,0,0,0,0,0,0,0,0,0,0,0,0,0,0,0,0,0,0,0,0,0,0,0,0
90564-39A002,（株）ムロコーポレーション,TP-131 ﾊﾝﾖｳ,100,0.93,3,1,1,0.73,0,0,0,0,0,0,0,0,0,0,0,0,0,0,0,0,0,0,0,0,0,0,0,0,0,0,0,0,0,0,0,0,0,0
90564-39A003,（株）ムロコーポレーション,TP-131 ﾊﾝﾖｳ,100,0.93,3,1,1,0.73,0,0,0,0,0,0,0,0,0,0,0,0,0,0,0,0,0,0,0,0,0,0,0,0,0,0,0,0,0,0,0,0,0,0
90564-39A004,（株）ムロコーポレーション,TP-131 ﾊﾝﾖｳ,100,0.93,3,1,1,0.73,"1,698","1,708","1,359","1,560",74,76,0,0,74,84,75,83,74,0,0,82,72,82,72,75,0,0,72,81,73,81,68,0,0,75,82,75,81,76
90564-39A005,（株）ムロコーポレーション,TP-131 ﾊﾝﾖｳ,100,0.93,3,1,1,0.73,"7,486","7,533","5,994","6,880",327,336,0,0,326,373,331,369,326,0,0,364,319,362,319,334,0,0,318,358,325,357,301,0,0,334,365,334,360,338
90564-39A006,（株）ムロコーポレーション,TP-131 ﾊﾝﾖｳ,100,0.93,3,1,1,0.73,"2,642","2,659","2,116","2,429",115,118,0,0,115,131,117,130,115,0,0,128,112,127,112,118,0,0,112,126,114,126,106,0,0,118,129,118,127,119
90564-39A007,（株）ムロコーポレーション,TP-131 ﾊﾝﾖｳ,100,0.93,3,1,1,0.73,131,132,105,120,5,5,0,0,5,6,5,6,5,0,0,6,5,6,5,5,0,0,5,6,5,6,5,0,0,5,6,5,6,5
90564-39A008,（株）ムロコーポレーション,TP-131 ﾊﾝﾖｳ,100,0.93,3,1,1,0.73,0,0,0,0,0,0,0,0,0,0,0,0,0,0,0,0,0,0,0,0,0,0,0,0,0,0,0,0,0,0,0,0,0,0
90564-39A009,（株）ムロコーポレーション,TP-131 ﾊﾝﾖｳ,100,0.93,3,1,1,0.73,0,0,0,0,0,0,0,0,0,0,0,0,0,0,0,0,0,0,0,0,0,0,0,0,0,0,0,0,0,0,0,0,0,0
90564-50A001,（株）ムロコーポレーション,TP-131 ﾊﾝﾖｳ,100,0.93,3,1,1,0.73,0,0,0,0,0,0,0,0,0,0,0,0,0,0,0,0,0,0,0,0,0,0,0,0,0,0,0,0,0,0,0,0,0,0
90564-50A002,（株）ムロコーポレーション,TP-131 ﾊﾝﾖｳ,100,0.93,3,1,1,0.73,"2,045","1,963","1,635","2,036",87,90,0,0,87,95,86,97,87,0,0,98,90,99,90,91,0,0,91,100,94,100,87,0,0,90,98,90,99,89
90564-50A003,（株）ムロコーポレーション,TP-131 ﾊﾝﾖｳ,100,0.93,3,1,1,0.73,"5,793","5,560","4,631","5,768",247,255,0,0,248,270,244,274,247,0,0,277,256,281,256,257,0,0,257,286,266,285,248,0,0,257,278,257,282,253
90564-50A004,（株）ムロコーポレーション,TP-131 ﾊﾝﾖｳ,100,0.93,3,1,1,0.73,"1,416","1,359","1,132","1,409",60,62,0,0,60,66,59,67,60,0,0,67,62,68,62,63,0,0,63,69,65,69,60,0,0,62,68,62,69,61
90564-50A005,（株）ムロコーポレーション,TP-131 ﾊﾝﾖｳ,100,0.93,3,1,1,0.73,0,0,0,0,0,0,0,0,0,0,0,0,0,0,0,0,0,0,0,0,0,0,0,0,0,0,0,0,0,0,0,0,0,0
90564-50A006,（株）ムロコーポレーション,TP-131 ﾊﾝﾖｳ,100,0.93,3,1,1,0.73,0,0,0,0,0,0,0,0,0,0,0,0,0,0,0,0,0,0,0,0,0,0,0,0,0,0,0,0,0,0,0,0,0,0
90564-50A007,（株）ムロコーポレーション,TP-131 ﾊﾝﾖｳ,100,0.93,3,1,1,0.73,0,0,0,0,0,0,0,0,0,0,0,0,0,0,0,0,0,0,0,0,0,0,0,0,0,0,0,0,0,0,0,0,0,0
90564-50A008,（株）ムロコーポレーション,TP-131 ﾊﾝﾖｳ,100,0.93,3,1,1,0.73,0,0,0,0,0,0,0,0,0,0,0,0,0,0,0,0,0,0,0,0,0,0,0,0,0,0,0,0,0,0,0,0,0,0
90564-50A009,（株）ムロコーポレーション,TP-131 ﾊﾝﾖｳ,100,0.93,3,1,1,0.73,0,0,0,0,0,0,0,0,0,0,0,0,0,0,0,0,0,0,0,0,0,0,0,0,0,0,0,0,0,0,0,0,0,0
90564-51A066,（株）ムロコーポレーション,TP-131 ﾊﾝﾖｳ,100,0.93,3,1,1,0.73,0,0,0,0,0,0,0,0,0,0,0,0,0,0,0,0,0,0,0,0,0,0,0,0,0,0,0,0,0,0,0,0,0,0
90564-51A067,（株）ムロコーポレーション,TP-131 ﾊﾝﾖｳ,100,0.93,3,1,1,0.73,0,0,0,0,0,0,0,0,0,0,0,0,0,0,0,0,0,0,0,0,0,0,0,0,0,0,0,0,0,0,0,0,0,0
90564-51A068,（株）ムロコーポレーション,TP-131 ﾊﾝﾖｳ,100,0.93,3,1,1,0.73,0,0,0,0,0,0,0,0,0,0,0,0,0,0,0,0,0,0,0,0,0,0,0,0,0,0,0,0,0,0,0,0,0,0
90564-51A069,（株）ムロコーポレーション,TP-131 ﾊﾝﾖｳ,100,0.93,3,1,1,0.73,0,0,0,0,0,0,0,0,0,0,0,0,0,0,0,0,0,0,0,0,0,0,0,0,0,0,0,0,0,0,0,0,0,0
90564-51A070,（株）ムロコーポレーション,TP-131 ﾊﾝﾖｳ,100,0.93,3,1,1,0.73,0,0,0,0,0,0,0,0,0,0,0,0,0,0,0,0,0,0,0,0,0,0,0,0,0,0,0,0,0,0,0,0,0,0
90564-51A071,（株）ムロコーポレーション,TP-131 ﾊﾝﾖｳ,100,0.93,3,1,1,0.73,0,0,0,0,0,0,0,0,0,0,0,0,0,0,0,0,0,0,0,0,0,0,0,0,0,0,0,0,0,0,0,0,0,0
90564-51A072,（株）ムロコーポレーション,TP-131 ﾊﾝﾖｳ,100,0.93,3,1,1,0.73,0,0,0,0,0,0,0,0,0,0,0,0,0,0,0,0,0,0,0,0,0,0,0,0,0,0,0,0,0,0,0,0,0,0
90564-51A073,（株）ムロコーポレーション,TP-131 ﾊﾝﾖｳ,100,0.93,3,1,1,0.73,0,0,0,0,0,0,0,0,0,0,0,0,0,0,0,0,0,0,0,0,0,0,0,0,0,0,0,0,0,0,0,0,0,0
90564-51A074,（株）ムロコーポレーション,TP-131 ﾊﾝﾖｳ,100,0.93,3,1,1,0.73,0,0,0,0,0,0,0,0,0,0,0,0,0,0,0,0,0,0,0,0,0,0,0,0,0,0,0,0,0,0,0,0,0,0
90564-51A075,（株）ムロコーポレーション,TP-131 ﾊﾝﾖｳ,100,0.93,3,1,1,0.73,0,0,0,0,0,0,0,0,0,0,0,0,0,0,0,0,0,0,0,0,0,0,0,0,0,0,0,0,0,0,0,0,0,0
90564-51A076,（株）ムロコーポレーション,TP-131 ﾊﾝﾖｳ,100,0.93,3,1,1,0.73,0,0,0,0,0,0,0,0,0,0,0,0,0,0,0,0,0,0,0,0,0,0,0,0,0,0,0,0,0,0,0,0,0,0
90564-51A077,（株）ムロコーポレーション,TP-131 ﾊﾝﾖｳ,100,0.93,3,1,1,0.73,0,0,0,0,0,0,0,0,0,0,0,0,0,0,0,0,0,0,0,0,0,0,0,0,0,0,0,0,0,0,0,0,0,0
90564-51A078,（株）ムロコーポレーション,TP-131 ﾊﾝﾖｳ,100,0.93,3,1,1,0.73,0,0,0,0,0,0,0,0,0,0,0,0,0,0,0,0,0,0,0,0,0,0,0,0,0,0,0,0,0,0,0,0,0,0
90564-51A079,（株）ムロコーポレーション,TP-131 ﾊﾝﾖｳ,100,0.93,3,1,1,0.73,0,0,0,0,0,0,0,0,0,0,0,0,0,0,0,0,0,0,0,0,0,0,0,0,0,0,0,0,0,0,0,0,0,0
90564-51A080,（株）ムロコーポレーション,TP-131 ﾊﾝﾖｳ,100,0.93,3,1,1,0.73,185,177,147,184,7,8,0,0,7,8,7,8,7,0,0,8,8,9,8,8,0,0,8,9,8,9,7,0,0,8,8,8,9,8
90564-51A081,（株）ムロコーポレーション,TP-131 ﾊﾝﾖｳ,100,0.93,3,1,1,0.73,499,479,399,497,21,22,0,0,21,23,21,23,21,0,0,23,22,24,22,22,0,0,22,24,23,24,21,0,0,22,24,22,24,21
90564-51A082,（株）ムロコーポレーション,TP-131 ﾊﾝﾖｳ,100,0.93,3,1,1,0.73,"1,156","1,110",924,"1,151",49,51,0,0,49,54,48,54,49,0,0,55,51,56,51,51,0,0,51,57,53,57,49,0,0,51,55,51,56,50
90564-51A083,（株）ムロコーポレーション,TP-131 ﾊﾝﾖｳ,100,0.93,3,1,1,0.73,"1,980","1,900","1,583","1,972",84,87,0,0,84,92,83,93,84,0,0,95,87,96,87,88,0,0,88,97,91,97,84,0,0,87,95,87,96,86
90564-51A084,（株）ムロコーポレーション,TP-131 ﾊﾝﾖｳ,100,0.93,3,1,1,0.73,"2,073","1,989","1,657","2,064",88,91,0,0,88,96,87,98,88,0,0,99,91,100,91,92,0,0,92,102,95,102,88,0,0,92,99,92,101,90
90564-51A085,（株）ムロコーポレーション,TP-131 ﾊﾝﾖｳ,100,0.93,3,1,1,0.73,"1,730","1,661","1,383","1,723",74,76,0,0,74,80,72,82,74,0,0,83,76,84,76,77,0,0,77,85,79,85,74,0,0,76,83,76,84,75
90564-51A086,（株）ムロコーポレーション,TP-131 ﾊﾝﾖｳ,100,0.93,3,1,1,0.73,"1,156","1,110",924,"1,151",49,51,0,0,49,54,48,54,49,0,0,55,51,56,51,51,0,0,51,57,53,57,49,0,0,51,55,51,56,50
90564-51A087,（株）ムロコーポレーション,TP-131 ﾊﾝﾖｳ,100,0.93,3,1,1,0.73,342,328,273,340,14,15,0,0,14,15,14,16,14,0,0,16,15,16,15,15,0,0,15,16,15,16,14,0,0,15,16,15,16,14
90564-51A088,（株）ムロコーポレーション,TP-131 ﾊﾝﾖｳ,100,0.93,3,1,1,0.73,111,106,88,110,4,4,0,0,4,5,4,5,4,0,0,5,4,5,4,4,0,0,4,5,5,5,4,0,0,4,5,4,5,4
90564-51A089,（株）ムロコーポレーション,TP-131 ﾊﾝﾖｳ,100,0.93,3,1,1,0.73,0,0,0,0,0,0,0,0,0,0,0,0,0,0,0,0,0,0,0,0,0,0,0,0,0,0,0,0,0,0,0,0,0,0
90564-51A090,（株）ムロコーポレーション,TP-131 ﾊﾝﾖｳ,100,0.93,3,1,1,0.73,18,17,14,18,0,0,0,0,0,0,0,0,0,0,0,0,0,0,0,0,0,0,0,0,0,0,0,0,0,0,0,0,0,0
90564-51A091,（株）ムロコーポレーション,TP-131 ﾊﾝﾖｳ,100,0.93,3,1,1,0.73,0,0,0,0,0,0,0,0,0,0,0,0,0,0,0,0,0,0,0,0,0,0,0,0,0,0,0,0,0,0,0,0,0,0
90564-51A092,（株）ムロコーポレーション,TP-131 ﾊﾝﾖｳ,100,0.93,3,1,1,0.73,0,0,0,0,0,0,0,0,0,0,0,0,0,0,0,0,0,0,0,0,0,0,0,0,0,0,0,0,0,0,0,0,0,0
90564-51A093,（株）ムロコーポレーション,TP-131 ﾊﾝﾖｳ,100,0.93,3,1,1,0.73,0,0,0,0,0,0,0,0,0,0,0,0,0,0,0,0,0,0,0,0,0,0,0,0,0,0,0,0,0,0,0,0,0,0
90564-51A094,（株）ムロコーポレーション,TP-131 ﾊﾝﾖｳ,100,0.93,3,1,1,0.73,0,0,0,0,0,0,0,0,0,0,0,0,0,0,0,0,0,0,0,0,0,0,0,0,0,0,0,0,0,0,0,0,0,0
90564-51A095,（株）ムロコーポレーション,TP-131 ﾊﾝﾖｳ,100,0.93,3,1,1,0.73,0,0,0,0,0,0,0,0,0,0,0,0,0,0,0,0,0,0,0,0,0,0,0,0,0,0,0,0,0,0,0,0,0,0
90564-51A096,（株）ムロコーポレーション,TP-131 ﾊﾝﾖｳ,100,0.93,3,1,1,0.73,0,0,0,0,0,0,0,0,0,0,0,0,0,0,0,0,0,0,0,0,0,0,0,0,0,0,0,0,0,0,0,0,0,0
90564-51A097,（株）ムロコーポレーション,TP-131 ﾊﾝﾖｳ,100,0.93,3,1,1,0.73,0,0,0,0,0,0,0,0,0,0,0,0,0,0,0,0,0,0,0,0,0,0,0,0,0,0,0,0,0,0,0,0,0,0
90564-51A098,（株）ムロコーポレーション,TP-131 ﾊﾝﾖｳ,100,0.93,3,1,1,0.73,0,0,0,0,0,0,0,0,0,0,0,0,0,0,0,0,0,0,0,0,0,0,0,0,0,0,0,0,0,0,0,0,0,0
90564-51A099,（株）ムロコーポレーション,TP-131 ﾊﾝﾖｳ,100,0.93,3,1,1,0.73,0,0,0,0,0,0,0,0,0,0,0,0,0,0,0,0,0,0,0,0,0,0,0,0,0,0,0,0,0,0,0,0,0,0
90564-51A100,（株）ムロコーポレーション,TP-131 ﾊﾝﾖｳ,100,0.93,3,1,1,0.73,0,0,0,0,0,0,0,0,0,0,0,0,0,0,0,0,0,0,0,0,0,0,0,0,0,0,0,0,0,0,0,0,0,0
90564-51A101,（株）ムロコーポレーション,TP-131 ﾊﾝﾖｳ,100,0.93,3,1,1,0.73,0,0,0,0,0,0,0,0,0,0,0,0,0,0,0,0,0,0,0,0,0,0,0,0,0,0,0,0,0,0,0,0,0,0
90564-51A102,（株）ムロコーポレーション,TP-131 ﾊﾝﾖｳ,100,0.93,3,1,1,0.73,0,0,0,0,0,0,0,0,0,0,0,0,0,0,0,0,0,0,0,0,0,0,0,0,0,0,0,0,0,0,0,0,0,0
90564-51A103,（株）ムロコーポレーション,TP-131 ﾊﾝﾖｳ,100,0.93,3,1,1,0.73,0,0,0,0,0,0,0,0,0,0,0,0,0,0,0,0,0,0,0,0,0,0,0,0,0,0,0,0,0,0,0,0,0,0
90564-51A104,（株）ムロコーポレーション,TP-131 ﾊﾝﾖｳ,100,0.93,3,1,1,0.73,0,0,0,0,0,0,0,0,0,0,0,0,0,0,0,0,0,0,0,0,0,0,0,0,0,0,0,0,0,0,0,0,0,0
90564-51A105,（株）ムロコーポレーション,TP-131 ﾊﾝﾖｳ,100,0.93,3,1,1,0.73,0,0,0,0,0,0,0,0,0,0,0,0,0,0,0,0,0,0,0,0,0,0,0,0,0,0,0,0,0,0,0,0,0,0
90564-51A106,（株）ムロコーポレーション,TP-131 ﾊﾝﾖｳ,100,0.93,3,1,1,0.73,0,0,0,0,0,0,0,0,0,0,0,0,0,0,0,0,0,0,0,0,0,0,0,0,0,0,0,0,0,0,0,0,0,0
90564-51A107,（株）ムロコーポレーション,TP-131 ﾊﾝﾖｳ,100,0.93,3,1,1,0.73,0,0,0,0,0,0,0,0,0,0,0,0,0,0,0,0,0,0,0,0,0,0,0,0,0,0,0,0,0,0,0,0,0,0
90564-51A108,（株）ムロコーポレーション,TP-131 ﾊﾝﾖｳ,100,0.93,3,1,1,0.73,0,0,0,0,0,0,0,0,0,0,0,0,0,0,0,0,0,0,0,0,0,0,0,0,0,0,0,0,0,0,0,0,0,0
90564-51A109,（株）ムロコーポレーション,TP-131 ﾊﾝﾖｳ,100,0.93,3,1,1,0.73,0,0,0,0,0,0,0,0,0,0,0,0,0,0,0,0,0,0,0,0,0,0,0,0,0,0,0,0,0,0,0,0,0,0
90564-51A110,（株）ムロコーポレーション,TP-131 ﾊﾝﾖｳ,100,0.93,3,1,1,0.73,0,0,0,0,0,0,0,0,0,0,0,0,0,0,0,0,0,0,0,0,0,0,0,0,0,0,0,0,0,0,0,0,0,0
90564-51A111,（株）ムロコーポレーション,TP-131 ﾊﾝﾖｳ,100,0.93,3,1,1,0.73,0,0,0,0,0,0,0,0,0,0,0,0,0,0,0,0,0,0,0,0,0,0,0,0,0,0,0,0,0,0,0,0,0,0
90564-51A112,（株）ムロコーポレーション,TP-131 ﾊﾝﾖｳ,100,0.93,3,1,1,0.73,0,0,0,0,0,0,0,0,0,0,0,0,0,0,0,0,0,0,0,0,0,0,0,0,0,0,0,0,0,0,0,0,0,0
90564-55A018,（株）ムロコーポレーション,TP-131 ﾊﾝﾖｳ,100,0.93,3,1,1,0.73,0,0,0,0,0,0,0,0,0,0,0,0,0,0,0,0,0,0,0,0,0,0,0,0,0,0,0,0,0,0,0,0,0,0
90564-55A019,（株）ムロコーポレーション,TP-131 ﾊﾝﾖｳ,100,0.93,3,1,1,0.73,0,0,0,0,0,0,0,0,0,0,0,0,0,0,0,0,0,0,0,0,0,0,0,0,0,0,0,0,0,0,0,0,0,0
90564-55A020,（株）ムロコーポレーション,TP-131 ﾊﾝﾖｳ,100,0.93,3,1,1,0.73,0,0,0,0,0,0,0,0,0,0,0,0,0,0,0,0,0,0,0,0,0,0,0,0,0,0,0,0,0,0,0,0,0,0
90564-55A021,（株）ムロコーポレーション,TP-131 ﾊﾝﾖｳ,100,0.93,3,1,1,0.73,0,0,0,0,0,0,0,0,0,0,0,0,0,0,0,0,0,0,0,0,0,0,0,0,0,0,0,0,0,0,0,0,0,0
90564-55A022,（株）ムロコーポレーション,TP-131 ﾊﾝﾖｳ,100,0.93,3,1,1,0.73,0,0,0,0,0,0,0,0,0,0,0,0,0,0,0,0,0,0,0,0,0,0,0,0,0,0,0,0,0,0,0,0,0,0
90564-55A023,（株）ムロコーポレーション,TP-131 ﾊﾝﾖｳ,100,0.93,3,1,1,0.73,0,0,0,0,0,0,0,0,0,0,0,0,0,0,0,0,0,0,0,0,0,0,0,0,0,0,0,0,0,0,0,0,0,0
90564-55A024,（株）ムロコーポレーション,TP-131 ﾊﾝﾖｳ,100,0.93,3,1,1,0.73,0,0,0,0,0,0,0,0,0,0,0,0,0,0,0,0,0,0,0,0,0,0,0,0,0,0,0,0,0,0,0,0,0,0
90564-55A025,（株）ムロコーポレーション,TP-131 ﾊﾝﾖｳ,100,0.93,3,1,1,0.73,0,0,0,0,0,0,0,0,0,0,0,0,0,0,0,0,0,0,0,0,0,0,0,0,0,0,0,0,0,0,0,0,0,0
90564-55A026,（株）ムロコーポレーション,TP-131 ﾊﾝﾖｳ,100,0.93,3,1,1,0.73,0,0,0,0,0,0,0,0,0,0,0,0,0,0,0,0,0,0,0,0,0,0,0,0,0,0,0,0,0,0,0,0,0,0
90564-55A027,（株）ムロコーポレーション,TP-131 ﾊﾝﾖｳ,100,0.93,3,1,1,0.73,0,0,0,0,0,0,0,0,0,0,0,0,0,0,0,0,0,0,0,0,0,0,0,0,0,0,0,0,0,0,0,0,0,0
90564-55A028,（株）ムロコーポレーション,TP-131 ﾊﾝﾖｳ,100,0.93,3,1,1,0.73,0,0,0,0,0,0,0,0,0,0,0,0,0,0,0,0,0,0,0,0,0,0,0,0,0,0,0,0,0,0,0,0,0,0
90564-55A029,（株）ムロコーポレーション,TP-131 ﾊﾝﾖｳ,100,0.93,3,1,1,0.73,0,0,0,0,0,0,0,0,0,0,0,0,0,0,0,0,0,0,0,0,0,0,0,0,0,0,0,0,0,0,0,0,0,0
90564-55A030,（株）ムロコーポレーション,TP-131 ﾊﾝﾖｳ,100,0.93,3,1,1,0.73,0,0,0,0,0,0,0,0,0,0,0,0,0,0,0,0,0,0,0,0,0,0,0,0,0,0,0,0,0,0,0,0,0,0
90564-55A031,（株）ムロコーポレーション,TP-131 ﾊﾝﾖｳ,100,0.93,3,1,1,0.73,0,0,0,0,0,0,0,0,0,0,0,0,0,0,0,0,0,0,0,0,0,0,0,0,0,0,0,0,0,0,0,0,0,0
90564-55A032,（株）ムロコーポレーション,TP-131 ﾊﾝﾖｳ,100,0.93,3,1,1,0.73,0,0,0,0,0,0,0,0,0,0,0,0,0,0,0,0,0,0,0,0,0,0,0,0,0,0,0,0,0,0,0,0,0,0
90564-55A033,（株）ムロコーポレーション,TP-131 ﾊﾝﾖｳ,100,0.93,3,1,1,0.73,0,0,0,0,0,0,0,0,0,0,0,0,0,0,0,0,0,0,0,0,0,0,0,0,0,0,0,0,0,0,0,0,0,0
90564-55A034,（株）ムロコーポレーション,TP-131 ﾊﾝﾖｳ,100,0.93,3,1,1,0.73,0,0,0,0,0,0,0,0,0,0,0,0,0,0,0,0,0,0,0,0,0,0,0,0,0,0,0,0,0,0,0,0,0,0
90564-55A035,（株）ムロコーポレーション,TP-131 ﾊﾝﾖｳ,100,0.93,3,1,1,0.73,0,0,0,0,0,0,0,0,0,0,0,0,0,0,0,0,0,0,0,0,0,0,0,0,0,0,0,0,0,0,0,0,0,0
90564-55A036,（株）ムロコーポレーション,TP-131 ﾊﾝﾖｳ,100,0.93,3,1,1,0.73,18,17,14,18,0,0,0,0,0,0,0,0,0,0,0,0,0,0,0,0,0,0,0,0,0,0,0,0,0,0,0,0,0,0
90564-55A037,（株）ムロコーポレーション,TP-131 ﾊﾝﾖｳ,100,0.93,3,1,1,0.73,111,106,88,110,4,4,0,0,4,5,4,5,4,0,0,5,4,5,4,4,0,0,4,5,5,5,4,0,0,4,5,4,5,4
90564-55A038,（株）ムロコーポレーション,TP-131 ﾊﾝﾖｳ,100,0.93,3,1,1,0.73,342,328,273,340,14,15,0,0,14,15,14,16,14,0,0,16,15,16,15,15,0,0,15,16,15,16,14,0,0,15,16,15,16,14
90564-55A039,（株）ムロコーポレーション,TP-131 ﾊﾝﾖｳ,100,0.93,3,1,1,0.73,768,737,614,764,32,33,0,0,32,35,32,36,32,0,0,36,34,37,33,34,0,0,34,37,35,37,32,0,0,34,36,34,37,33
90564-55A040,（株）ムロコーポレーション,TP-131 ﾊﾝﾖｳ,100,0.93,3,1,1,0.73,"1,249","1,199",998,"1,244",53,55,0,0,53,58,52,59,53,0,0,59,55,60,55,55,0,0,55,61,57,61,53,0,0,55,60,55,61,54
90564-55A041,（株）ムロコーポレーション,TP-131 ﾊﾝﾖｳ,100,0.93,3,1,1,0.73,"1,156","1,110",924,"1,151",49,51,0,0,49,54,48,54,49,0,0,55,51,56,51,51,0,0,51,57,53,57,49,0,0,51,55,51,56,50
90564-55A042,（株）ムロコーポレーション,TP-131 ﾊﾝﾖｳ,100,0.93,3,1,1,0.73,"1,267","1,216","1,013","1,262",54,55,0,0,54,59,53,60,54,0,0,60,56,61,56,56,0,0,56,62,58,62,54,0,0,56,60,56,61,55
90564-55A043,（株）ムロコーポレーション,TP-131 ﾊﾝﾖｳ,100,0.93,3,1,1,0.73,"1,203","1,154",961,"1,197",51,53,0,0,51,56,50,57,51,0,0,57,53,58,53,53,0,0,53,59,55,59,51,0,0,53,57,53,58,52
90564-55A044,（株）ムロコーポレーション,TP-131 ﾊﾝﾖｳ,100,0.93,3,1,1,0.73,"1,092","1,048",873,"1,087",46,48,0,0,46,50,46,51,46,0,0,52,48,53,48,48,0,0,48,53,50,53,46,0,0,48,52,48,53,47
90564-55A045,（株）ムロコーポレーション,TP-131 ﾊﾝﾖｳ,100,0.93,3,1,1,0.73,"1,156","1,110",924,"1,151",49,51,0,0,49,54,48,54,49,0,0,55,51,56,51,51,0,0,51,57,53,57,49,0,0,51,55,51,56,50
90564-55A046,（株）ムロコーポレーション,TP-131 ﾊﾝﾖｳ,100,0.93,3,1,1,0.73,407,390,325,405,17,17,0,0,17,19,17,19,17,0,0,19,18,19,17,18,0,0,18,20,18,20,17,0,0,18,19,18,19,17
90564-55A047,（株）ムロコーポレーション,TP-131 ﾊﾝﾖｳ,100,0.93,3,1,1,0.73,296,284,236,294,12,13,0,0,12,13,12,14,12,0,0,14,13,14,13,13,0,0,13,14,13,14,12,0,0,13,14,13,14,12
90564-55A048,（株）ムロコーポレーション,TP-131 ﾊﾝﾖｳ,100,0.93,3,1,1,0.73,157,151,125,156,6,6,0,0,6,7,6,7,6,0,0,7,6,7,6,7,0,0,7,7,7,7,6,0,0,6,7,6,7,6
90564-55A049,（株）ムロコーポレーション,TP-131 ﾊﾝﾖｳ,100,0.93,3,1,1,0.73,18,17,14,18,0,0,0,0,0,0,0,0,0,0,0,0,0,0,0,0,0,0,0,0,0,0,0,0,0,0,0,0,0,0
90564-55A050,（株）ムロコーポレーション,TP-131 ﾊﾝﾖｳ,100,0.93,3,1,1,0.73,0,0,0,0,0,0,0,0,0,0,0,0,0,0,0,0,0,0,0,0,0,0,0,0,0,0,0,0,0,0,0,0,0,0
90564-55A051,（株）ムロコーポレーション,TP-131 ﾊﾝﾖｳ,100,0.93,3,1,1,0.73,0,0,0,0,0,0,0,0,0,0,0,0,0,0,0,0,0,0,0,0,0,0,0,0,0,0,0,0,0,0,0,0,0,0
90564-55A052,（株）ムロコーポレーション,TP-131 ﾊﾝﾖｳ,100,0.93,3,1,1,0.73,0,0,0,0,0,0,0,0,0,0,0,0,0,0,0,0,0,0,0,0,0,0,0,0,0,0,0,0,0,0,0,0,0,0
90564-55A053,（株）ムロコーポレーション,TP-131 ﾊﾝﾖｳ,100,0.93,3,1,1,0.73,0,0,0,0,0,0,0,0,0,0,0,0,0,0,0,0,0,0,0,0,0,0,0,0,0,0,0,0,0,0,0,0,0,0
90564-55A054,（株）ムロコーポレーション,TP-131 ﾊﾝﾖｳ,100,0.93,3,1,1,0.73,0,0,0,0,0,0,0,0,0,0,0,0,0,0,0,0,0,0,0,0,0,0,0,0,0,0,0,0,0,0,0,0,0,0
90564-55A055,（株）ムロコーポレーション,TP-131 ﾊﾝﾖｳ,100,0.93,3,1,1,0.73,0,0,0,0,0,0,0,0,0,0,0,0,0,0,0,0,0,0,0,0,0,0,0,0,0,0,0,0,0,0,0,0,0,0
90564-55A056,（株）ムロコーポレーション,TP-131 ﾊﾝﾖｳ,100,0.93,3,1,1,0.73,0,0,0,0,0,0,0,0,0,0,0,0,0,0,0,0,0,0,0,0,0,0,0,0,0,0,0,0,0,0,0,0,0,0
90564-55A057,（株）ムロコーポレーション,TP-131 ﾊﾝﾖｳ,100,0.93,3,1,1,0.73,0,0,0,0,0,0,0,0,0,0,0,0,0,0,0,0,0,0,0,0,0,0,0,0,0,0,0,0,0,0,0,0,0,0
90564-55A058,（株）ムロコーポレーション,TP-131 ﾊﾝﾖｳ,100,0.93,3,1,1,0.73,0,0,0,0,0,0,0,0,0,0,0,0,0,0,0,0,0,0,0,0,0,0,0,0,0,0,0,0,0,0,0,0,0,0
90564-55A059,（株）ムロコーポレーション,TP-131 ﾊﾝﾖｳ,100,0.93,3,1,1,0.73,0,0,0,0,0,0,0,0,0,0,0,0,0,0,0,0,0,0,0,0,0,0,0,0,0,0,0,0,0,0,0,0,0,0
90564-55A060,（株）ムロコーポレーション,TP-131 ﾊﾝﾖｳ,100,0.93,3,1,1,0.73,0,0,0,0,0,0,0,0,0,0,0,0,0,0,0,0,0,0,0,0,0,0,0,0,0,0,0,0,0,0,0,0,0,0
90564-55A061,（株）ムロコーポレーション,TP-131 ﾊﾝﾖｳ,100,0.93,3,1,1,0.73,0,0,0,0,0,0,0,0,0,0,0,0,0,0,0,0,0,0,0,0,0,0,0,0,0,0,0,0,0,0,0,0,0,0
90564-55A062,（株）ムロコーポレーション,TP-131 ﾊﾝﾖｳ,100,0.93,3,1,1,0.73,0,0,0,0,0,0,0,0,0,0,0,0,0,0,0,0,0,0,0,0,0,0,0,0,0,0,0,0,0,0,0,0,0,0
90564-55A063,（株）ムロコーポレーション,TP-131 ﾊﾝﾖｳ,100,0.93,3,1,1,0.73,0,0,0,0,0,0,0,0,0,0,0,0,0,0,0,0,0,0,0,0,0,0,0,0,0,0,0,0,0,0,0,0,0,0
90564-55A064,（株）ムロコーポレーション,TP-131 ﾊﾝﾖｳ,100,0.93,3,1,1,0.73,0,0,0,0,0,0,0,0,0,0,0,0,0,0,0,0,0,0,0,0,0,0,0,0,0,0,0,0,0,0,0,0,0,0
90564-55A065,（株）ムロコーポレーション,TP-131 ﾊﾝﾖｳ,100,0.93,3,1,1,0.73,0,0,0,0,0,0,0,0,0,0,0,0,0,0,0,0,0,0,0,0,0,0,0,0,0,0,0,0,0,0,0,0,0,0
90564-55A066,（株）ムロコーポレーション,TP-131 ﾊﾝﾖｳ,100,0.93,3,1,1,0.73,0,0,0,0,0,0,0,0,0,0,0,0,0,0,0,0,0,0,0,0,0,0,0,0,0,0,0,0,0,0,0,0,0,0
90564-57A114,（株）ムロコーポレーション,TP-131 ﾊﾝﾖｳ,100,0.93,3,1,1,0.73,0,0,0,0,0,0,0,0,0,0,0,0,0,0,0,0,0,0,0,0,0,0,0,0,0,0,0,0,0,0,0,0,0,0
90564-57A115,（株）ムロコーポレーション,TP-131 ﾊﾝﾖｳ,100,0.93,3,1,1,0.73,0,0,0,0,0,0,0,0,0,0,0,0,0,0,0,0,0,0,0,0,0,0,0,0,0,0,0,0,0,0,0,0,0,0
90564-57A116,（株）ムロコーポレーション,TP-131 ﾊﾝﾖｳ,100,0.93,3,1,1,0.73,0,0,0,0,0,0,0,0,0,0,0,0,0,0,0,0,0,0,0,0,0,0,0,0,0,0,0,0,0,0,0,0,0,0
90564-57A117,（株）ムロコーポレーション,TP-131 ﾊﾝﾖｳ,100,0.93,3,1,1,0.73,0,0,0,0,0,0,0,0,0,0,0,0,0,0,0,0,0,0,0,0,0,0,0,0,0,0,0,0,0,0,0,0,0,0
90564-57A118,（株）ムロコーポレーション,TP-131 ﾊﾝﾖｳ,100,0.93,3,1,1,0.73,0,0,0,0,0,0,0,0,0,0,0,0,0,0,0,0,0,0,0,0,0,0,0,0,0,0,0,0,0,0,0,0,0,0
90564-57A119,（株）ムロコーポレーション,TP-131 ﾊﾝﾖｳ,100,0.93,3,1,1,0.73,0,0,0,0,0,0,0,0,0,0,0,0,0,0,0,0,0,0,0,0,0,0,0,0,0,0,0,0,0,0,0,0,0,0
90564-57A120,（株）ムロコーポレーション,TP-131 ﾊﾝﾖｳ,100,0.93,3,1,1,0.73,0,0,0,0,0,0,0,0,0,0,0,0,0,0,0,0,0,0,0,0,0,0,0,0,0,0,0,0,0,0,0,0,0,0
90564-57A121,（株）ムロコーポレーション,TP-131 ﾊﾝﾖｳ,100,0.93,3,1,1,0.73,0,0,0,0,0,0,0,0,0,0,0,0,0,0,0,0,0,0,0,0,0,0,0,0,0,0,0,0,0,0,0,0,0,0
90564-57A122,（株）ムロコーポレーション,TP-131 ﾊﾝﾖｳ,100,0.93,3,1,1,0.73,0,0,0,0,0,0,0,0,0,0,0,0,0,0,0,0,0,0,0,0,0,0,0,0,0,0,0,0,0,0,0,0,0,0
90564-57A123,（株）ムロコーポレーション,TP-131 ﾊﾝﾖｳ,100,0.93,3,1,1,0.73,0,0,0,0,0,0,0,0,0,0,0,0,0,0,0,0,0,0,0,0,0,0,0,0,0,0,0,0,0,0,0,0,0,0
90564-57A124,（株）ムロコーポレーション,TP-131 ﾊﾝﾖｳ,100,0.93,3,1,1,0.73,0,0,0,0,0,0,0,0,0,0,0,0,0,0,0,0,0,0,0,0,0,0,0,0,0,0,0,0,0,0,0,0,0,0
90564-57A125,（株）ムロコーポレーション,TP-131 ﾊﾝﾖｳ,100,0.93,3,1,1,0.73,0,0,0,0,0,0,0,0,0,0,0,0,0,0,0,0,0,0,0,0,0,0,0,0,0,0,0,0,0,0,0,0,0,0
90564-57A126,（株）ムロコーポレーション,TP-131 ﾊﾝﾖｳ,100,0.93,3,1,1,0.73,0,0,0,0,0,0,0,0,0,0,0,0,0,0,0,0,0,0,0,0,0,0,0,0,0,0,0,0,0,0,0,0,0,0
90564-57A127,（株）ムロコーポレーション,TP-131 ﾊﾝﾖｳ,100,0.93,3,1,1,0.73,0,0,0,0,0,0,0,0,0,0,0,0,0,0,0,0,0,0,0,0,0,0,0,0,0,0,0,0,0,0,0,0,0,0
90564-57A128,（株）ムロコーポレーション,TP-131 ﾊﾝﾖｳ,100,0.93,3,1,1,0.73,0,0,0,0,0,0,0,0,0,0,0,0,0,0,0,0,0,0,0,0,0,0,0,0,0,0,0,0,0,0,0,0,0,0
90564-57A129,（株）ムロコーポレーション,TP-131 ﾊﾝﾖｳ,100,0.93,3,1,1,0.73,0,0,0,0,0,0,0,0,0,0,0,0,0,0,0,0,0,0,0,0,0,0,0,0,0,0,0,0,0,0,0,0,0,0
90564-57A130,（株）ムロコーポレーション,TP-131 ﾊﾝﾖｳ,100,0.93,3,1,1,0.73,59,60,47,54,2,2,0,0,2,2,2,2,2,0,0,2,2,2,2,2,0,0,2,2,2,2,2,0,0,2,2,2,2,2
90564-57A131,（株）ムロコーポレーション,TP-131 ﾊﾝﾖｳ,100,0.93,3,1,1,0.73,0,0,0,0,0,0,0,0,0,0,0,0,0,0,0,0,0,0,0,0,0,0,0,0,0,0,0,0,0,0,0,0,0,0
90564-57A132,（株）ムロコーポレーション,TP-131 ﾊﾝﾖｳ,100,0.93,3,1,1,0.73,430,433,344,395,18,19,0,0,18,21,19,21,18,0,0,20,18,20,18,19,0,0,18,20,18,20,17,0,0,19,21,19,20,19
90564-57A133,（株）ムロコーポレーション,TP-131 ﾊﾝﾖｳ,100,0.93,3,1,1,0.73,669,673,536,615,29,30,0,0,29,33,29,33,29,0,0,32,28,32,28,29,0,0,28,32,29,31,26,0,0,29,32,29,32,30
90564-57A134,（株）ムロコーポレーション,TP-131 ﾊﾝﾖｳ,100,0.93,3,1,1,0.73,"2,726","2,743","2,183","2,505",119,122,0,0,119,135,120,134,119,0,0,132,116,132,116,121,0,0,115,130,118,130,109,0,0,121,133,121,131,123
90564-57A135,（株）ムロコーポレーション,TP-131 ﾊﾝﾖｳ,100,0.93,3,1,1,0.73,"4,245","4,272","3,399","3,901",185,190,0,0,185,211,188,209,185,0,0,206,181,205,181,189,0,0,180,203,184,202,171,0,0,189,207,189,204,191
90564-57A136,（株）ムロコーポレーション,TP-131 ﾊﾝﾖｳ,100,0.93,3,1,1,0.73,"2,248","2,262","1,800","2,066",98,100,0,0,98,112,99,110,98,0,0,109,95,108,95,100,0,0,95,107,97,107,90,0,0,100,109,100,108,101
90564-57A137,（株）ムロコーポレーション,TP-131 ﾊﾝﾖｳ,100,0.93,3,1,1,0.73,"1,148","1,155",919,"1,055",50,51,0,0,50,57,50,56,50,0,0,55,48,55,48,51,0,0,48,54,49,54,46,0,0,51,56,51,55,51
90564-57A138,（株）ムロコーポレーション,TP-131 ﾊﾝﾖｳ,100,0.93,3,1,1,0.73,298,300,239,274,13,13,0,0,13,14,13,14,13,0,0,14,12,14,12,13,0,0,12,14,13,14,12,0,0,13,14,13,14,13
90564-57A139,（株）ムロコーポレーション,TP-131 ﾊﾝﾖｳ,100,0.93,3,1,1,0.73,119,120,95,109,5,5,0,0,5,5,5,5,5,0,0,5,5,5,5,5,0,0,5,5,5,5,4,0,0,5,5,5,5,5
90564-57A140,（株）ムロコーポレーション,TP-131 ﾊﾝﾖｳ,100,0.93,3,1,1,0.73,0,0,0,0,0,0,0,0,0,0,0,0,0,0,0,0,0,0,0,0,0,0,0,0,0,0,0,0,0,0,0,0,0,0
90564-57A141,（株）ムロコーポレーション,TP-131 ﾊﾝﾖｳ,100,0.93,3,1,1,0.73,0,0,0,0,0,0,0,0,0,0,0,0,0,0,0,0,0,0,0,0,0,0,0,0,0,0,0,0,0,0,0,0,0,0
90564-57A142,（株）ムロコーポレーション,TP-131 ﾊﾝﾖｳ,100,0.93,3,1,1,0.73,0,0,0,0,0,0,0,0,0,0,0,0,0,0,0,0,0,0,0,0,0,0,0,0,0,0,0,0,0,0,0,0,0,0
90564-57A143,（株）ムロコーポレーション,TP-131 ﾊﾝﾖｳ,100,0.93,3,1,1,0.73,0,0,0,0,0,0,0,0,0,0,0,0,0,0,0,0,0,0,0,0,0,0,0,0,0,0,0,0,0,0,0,0,0,0
90564-57A144,（株）ムロコーポレーション,TP-131 ﾊﾝﾖｳ,100,0.93,3,1,1,0.73,0,0,0,0,0,0,0,0,0,0,0,0,0,0,0,0,0,0,0,0,0,0,0,0,0,0,0,0,0,0,0,0,0,0
90564-57A145,（株）ムロコーポレーション,TP-131 ﾊﾝﾖｳ,100,0.93,3,1,1,0.73,0,0,0,0,0,0,0,0,0,0,0,0,0,0,0,0,0,0,0,0,0,0,0,0,0,0,0,0,0,0,0,0,0,0
90564-57A146,（株）ムロコーポレーション,TP-131 ﾊﾝﾖｳ,100,0.93,3,1,1,0.73,0,0,0,0,0,0,0,0,0,0,0,0,0,0,0,0,0,0,0,0,0,0,0,0,0,0,0,0,0,0,0,0,0,0
90564-57A147,（株）ムロコーポレーション,TP-131 ﾊﾝﾖｳ,100,0.93,3,1,1,0.73,0,0,0,0,0,0,0,0,0,0,0,0,0,0,0,0,0,0,0,0,0,0,0,0,0,0,0,0,0,0,0,0,0,0
90564-57A148,（株）ムロコーポレーション,TP-131 ﾊﾝﾖｳ,100,0.93,3,1,1,0.73,0,0,0,0,0,0,0,0,0,0,0,0,0,0,0,0,0,0,0,0,0,0,0,0,0,0,0,0,0,0,0,0,0,0
90564-57A149,（株）ムロコーポレーション,TP-131 ﾊﾝﾖｳ,100,0.93,3,1,1,0.73,0,0,0,0,0,0,0,0,0,0,0,0,0,0,0,0,0,0,0,0,0,0,0,0,0,0,0,0,0,0,0,0,0,0
90564-57A150,（株）ムロコーポレーション,TP-131 ﾊﾝﾖｳ,100,0.93,3,1,1,0.73,0,0,0,0,0,0,0,0,0,0,0,0,0,0,0,0,0,0,0,0,0,0,0,0,0,0,0,0,0,0,0,0,0,0
90564-57A151,（株）ムロコーポレーション,TP-131 ﾊﾝﾖｳ,100,0.93,3,1,1,0.73,0,0,0,0,0,0,0,0,0,0,0,0,0,0,0,0,0,0,0,0,0,0,0,0,0,0,0,0,0,0,0,0,0,0
90564-57A152,（株）ムロコーポレーション,TP-131 ﾊﾝﾖｳ,100,0.93,3,1,1,0.73,0,0,0,0,0,0,0,0,0,0,0,0,0,0,0,0,0,0,0,0,0,0,0,0,0,0,0,0,0,0,0,0,0,0
90564-57A153,（株）ムロコーポレーション,TP-131 ﾊﾝﾖｳ,100,0.93,3,1,1,0.73,0,0,0,0,0,0,0,0,0,0,0,0,0,0,0,0,0,0,0,0,0,0,0,0,0,0,0,0,0,0,0,0,0,0
90564-57A154,（株）ムロコーポレーション,TP-131 ﾊﾝﾖｳ,100,0.93,3,1,1,0.73,0,0,0,0,0,0,0,0,0,0,0,0,0,0,0,0,0,0,0,0,0,0,0,0,0,0,0,0,0,0,0,0,0,0
90564-57A155,（株）ムロコーポレーション,TP-131 ﾊﾝﾖｳ,100,0.93,3,1,1,0.73,0,0,0,0,0,0,0,0,0,0,0,0,0,0,0,0,0,0,0,0,0,0,0,0,0,0,0,0,0,0,0,0,0,0
90564-57A156,（株）ムロコーポレーション,TP-131 ﾊﾝﾖｳ,100,0.93,3,1,1,0.73,0,0,0,0,0,0,0,0,0,0,0,0,0,0,0,0,0,0,0,0,0,0,0,0,0,0,0,0,0,0,0,0,0,0
90564-57A157,（株）ムロコーポレーション,TP-131 ﾊﾝﾖｳ,100,0.93,3,1,1,0.73,0,0,0,0,0,0,0,0,0,0,0,0,0,0,0,0,0,0,0,0,0,0,0,0,0,0,0,0,0,0,0,0,0,0
90564-57A158,（株）ムロコーポレーション,TP-131 ﾊﾝﾖｳ,100,0.93,3,1,1,0.73,0,0,0,0,0,0,0,0,0,0,0,0,0,0,0,0,0,0,0,0,0,0,0,0,0,0,0,0,0,0,0,0,0,0
90564-57A159,（株）ムロコーポレーション,TP-131 ﾊﾝﾖｳ,100,0.93,3,1,1,0.73,0,0,0,0,0,0,0,0,0,0,0,0,0,0,0,0,0,0,0,0,0,0,0,0,0,0,0,0,0,0,0,0,0,0
90564-63A011,（株）ムロコーポレーション,TP-131 ﾊﾝﾖｳ,100,0.93,3,1,1,0.73,0,0,0,0,0,0,0,0,0,0,0,0,0,0,0,0,0,0,0,0,0,0,0,0,0,0,0,0,0,0,0,0,0,0
90564-63A012,（株）ムロコーポレーション,TP-131 ﾊﾝﾖｳ,100,0.93,3,1,1,0.73,0,0,0,0,0,0,0,0,0,0,0,0,0,0,0,0,0,0,0,0,0,0,0,0,0,0,0,0,0,0,0,0,0,0
90564-63A013,（株）ムロコーポレーション,TP-131 ﾊﾝﾖｳ,100,0.93,3,1,1,0.73,0,0,0,0,0,0,0,0,0,0,0,0,0,0,0,0,0,0,0,0,0,0,0,0,0,0,0,0,0,0,0,0,0,0
90564-63A014,（株）ムロコーポレーション,TP-131 ﾊﾝﾖｳ,100,0.93,3,1,1,0.73,0,0,0,0,0,0,0,0,0,0,0,0,0,0,0,0,0,0,0,0,0,0,0,0,0,0,0,0,0,0,0,0,0,0
90564-63A015,（株）ムロコーポレーション,TP-131 ﾊﾝﾖｳ,100,0.93,3,1,1,0.73,0,0,0,0,0,0,0,0,0,0,0,0,0,0,0,0,0,0,0,0,0,0,0,0,0,0,0,0,0,0,0,0,0,0
90564-63A016,（株）ムロコーポレーション,TP-131 ﾊﾝﾖｳ,100,0.93,3,1,1,0.73,0,0,0,0,0,0,0,0,0,0,0,0,0,0,0,0,0,0,0,0,0,0,0,0,0,0,0,0,0,0,0,0,0,0
90564-63A017,（株）ムロコーポレーション,TP-131 ﾊﾝﾖｳ,100,0.93,3,1,1,0.73,0,0,0,0,0,0,0,0,0,0,0,0,0,0,0,0,0,0,0,0,0,0,0,0,0,0,0,0,0,0,0,0,0,0
90564-63A018,（株）ムロコーポレーション,TP-131 ﾊﾝﾖｳ,100,0.93,3,1,1,0.73,0,0,0,0,0,0,0,0,0,0,0,0,0,0,0,0,0,0,0,0,0,0,0,0,0,0,0,0,0,0,0,0,0,0
90564-63A019,（株）ムロコーポレーション,TP-131 ﾊﾝﾖｳ,100,0.93,3,1,1,0.73,0,0,0,0,0,0,0,0,0,0,0,0,0,0,0,0,0,0,0,0,0,0,0,0,0,0,0,0,0,0,0,0,0,0
90564-63A020,（株）ムロコーポレーション,TP-131 ﾊﾝﾖｳ,100,0.93,3,1,1,0.73,0,0,0,0,0,0,0,0,0,0,0,0,0,0,0,0,0,0,0,0,0,0,0,0,0,0,0,0,0,0,0,0,0,0
90564-63A021,（株）ムロコーポレーション,TP-131 ﾊﾝﾖｳ,100,0.93,3,1,1,0.73,0,0,0,0,0,0,0,0,0,0,0,0,0,0,0,0,0,0,0,0,0,0,0,0,0,0,0,0,0,0,0,0,0,0
90564-63A022,（株）ムロコーポレーション,TP-131 ﾊﾝﾖｳ,100,0.93,3,1,1,0.73,0,0,0,0,0,0,0,0,0,0,0,0,0,0,0,0,0,0,0,0,0,0,0,0,0,0,0,0,0,0,0,0,0,0
90564-63A023,（株）ムロコーポレーション,TP-131 ﾊﾝﾖｳ,100,0.93,3,1,1,0.73,0,0,0,0,0,0,0,0,0,0,0,0,0,0,0,0,0,0,0,0,0,0,0,0,0,0,0,0,0,0,0,0,0,0
90564-63A024,（株）ムロコーポレーション,TP-131 ﾊﾝﾖｳ,100,0.93,3,1,1,0.73,0,0,0,0,0,0,0,0,0,0,0,0,0,0,0,0,0,0,0,0,0,0,0,0,0,0,0,0,0,0,0,0,0,0
90564-63A025,（株）ムロコーポレーション,TP-131 ﾊﾝﾖｳ,100,0.93,3,1,1,0.73,0,0,0,0,0,0,0,0,0,0,0,0,0,0,0,0,0,0,0,0,0,0,0,0,0,0,0,0,0,0,0,0,0,0
90564-63A026,（株）ムロコーポレーション,TP-131 ﾊﾝﾖｳ,100,0.93,3,1,1,0.73,59,60,47,54,2,2,0,0,2,2,2,2,2,0,0,2,2,2,2,2,0,0,2,2,2,2,2,0,0,2,2,2,2,2
90564-63A027,（株）ムロコーポレーション,TP-131 ﾊﾝﾖｳ,100,0.93,3,1,1,0.73,597,601,478,549,26,26,0,0,26,29,26,29,26,0,0,29,25,28,25,26,0,0,25,28,26,28,24,0,0,26,29,26,28,27
90564-63A028,（株）ムロコーポレーション,TP-131 ﾊﾝﾖｳ,100,0.93,3,1,1,0.73,"2,080","2,094","1,666","1,912",91,93,0,0,90,103,92,102,90,0,0,101,88,100,88,93,0,0,88,99,90,99,83,0,0,93,101,92,100,93
90564-63A029,（株）ムロコーポレーション,TP-131 ﾊﾝﾖｳ,100,0.93,3,1,1,0.73,"1,841","1,853","1,474","1,692",80,82,0,0,80,91,81,90,80,0,0,89,78,89,78,82,0,0,78,88,80,87,74,0,0,82,89,82,88,83
90564-63A030,（株）ムロコーポレーション,TP-131 ﾊﾝﾖｳ,100,0.93,3,1,1,0.73,"3,743","3,766","2,997","3,440",163,168,0,0,163,186,165,184,163,0,0,182,159,181,159,167,0,0,159,179,162,178,150,0,0,167,182,167,180,169
90564-63A031,（株）ムロコーポレーション,TP-131 ﾊﾝﾖｳ,100,0.93,3,1,1,0.73,"2,320","2,334","1,857","2,132",101,104,0,0,101,115,102,114,101,0,0,113,98,112,98,103,0,0,98,110,100,110,93,0,0,103,113,103,111,104
90564-63A032,（株）ムロコーポレーション,TP-131 ﾊﾝﾖｳ,100,0.93,3,1,1,0.73,896,902,718,824,39,40,0,0,39,44,39,44,39,0,0,43,38,43,38,40,0,0,38,42,39,42,36,0,0,40,43,40,43,40
90564-63A033,（株）ムロコーポレーション,TP-131 ﾊﾝﾖｳ,100,0.93,3,1,1,0.73,298,300,239,274,13,13,0,0,13,14,13,14,13,0,0,14,12,14,12,13,0,0,12,14,13,14,12,0,0,13,14,13,14,13
90564-63A034,（株）ムロコーポレーション,TP-131 ﾊﾝﾖｳ,100,0.93,3,1,1,0.73,119,120,95,109,5,5,0,0,5,5,5,5,5,0,0,5,5,5,5,5,0,0,5,5,5,5,4,0,0,5,5,5,5,5
90564-63A035,（株）ムロコーポレーション,TP-131 ﾊﾝﾖｳ,100,0.93,3,1,1,0.73,0,0,0,0,0,0,0,0,0,0,0,0,0,0,0,0,0,0,0,0,0,0,0,0,0,0,0,0,0,0,0,0,0,0
90564-63A036,（株）ムロコーポレーション,TP-131 ﾊﾝﾖｳ,100,0.93,3,1,1,0.73,0,0,0,0,0,0,0,0,0,0,0,0,0,0,0,0,0,0,0,0,0,0,0,0,0,0,0,0,0,0,0,0,0,0
90564-63A037,（株）ムロコーポレーション,TP-131 ﾊﾝﾖｳ,100,0.93,3,1,1,0.73,0,0,0,0,0,0,0,0,0,0,0,0,0,0,0,0,0,0,0,0,0,0,0,0,0,0,0,0,0,0,0,0,0,0
90564-63A038,（株）ムロコーポレーション,TP-131 ﾊﾝﾖｳ,100,0.93,3,1,1,0.73,0,0,0,0,0,0,0,0,0,0,0,0,0,0,0,0,0,0,0,0,0,0,0,0,0,0,0,0,0,0,0,0,0,0
90564-63A039,（株）ムロコーポレーション,TP-131 ﾊﾝﾖｳ,100,0.93,3,1,1,0.73,0,0,0,0,0,0,0,0,0,0,0,0,0,0,0,0,0,0,0,0,0,0,0,0,0,0,0,0,0,0,0,0,0,0
90564-63A040,（株）ムロコーポレーション,TP-131 ﾊﾝﾖｳ,100,0.93,3,1,1,0.73,0,0,0,0,0,0,0,0,0,0,0,0,0,0,0,0,0,0,0,0,0,0,0,0,0,0,0,0,0,0,0,0,0,0
90564-63A041,（株）ムロコーポレーション,TP-131 ﾊﾝﾖｳ,100,0.93,3,1,1,0.73,0,0,0,0,0,0,0,0,0,0,0,0,0,0,0,0,0,0,0,0,0,0,0,0,0,0,0,0,0,0,0,0,0,0
90564-63A042,（株）ムロコーポレーション,TP-131 ﾊﾝﾖｳ,100,0.93,3,1,1,0.73,0,0,0,0,0,0,0,0,0,0,0,0,0,0,0,0,0,0,0,0,0,0,0,0,0,0,0,0,0,0,0,0,0,0
90564-63A043,（株）ムロコーポレーション,TP-131 ﾊﾝﾖｳ,100,0.93,3,1,1,0.73,0,0,0,0,0,0,0,0,0,0,0,0,0,0,0,0,0,0,0,0,0,0,0,0,0,0,0,0,0,0,0,0,0,0
90564-63A044,（株）ムロコーポレーション,TP-131 ﾊﾝﾖｳ,100,0.93,3,1,1,0.73,0,0,0,0,0,0,0,0,0,0,0,0,0,0,0,0,0,0,0,0,0,0,0,0,0,0,0,0,0,0,0,0,0,0
90564-63A045,（株）ムロコーポレーション,TP-131 ﾊﾝﾖｳ,100,0.93,3,1,1,0.73,0,0,0,0,0,0,0,0,0,0,0,0,0,0,0,0,0,0,0,0,0,0,0,0,0,0,0,0,0,0,0,0,0,0
90564-63A046,（株）ムロコーポレーション,TP-131 ﾊﾝﾖｳ,100,0.93,3,1,1,0.73,0,0,0,0,0,0,0,0,0,0,0,0,0,0,0,0,0,0,0,0,0,0,0,0,0,0,0,0,0,0,0,0,0,0
90564-63A047,（株）ムロコーポレーション,TP-131 ﾊﾝﾖｳ,100,0.93,3,1,1,0.73,0,0,0,0,0,0,0,0,0,0,0,0,0,0,0,0,0,0,0,0,0,0,0,0,0,0,0,0,0,0,0,0,0,0
90564-63A048,（株）ムロコーポレーション,TP-131 ﾊﾝﾖｳ,100,0.93,3,1,1,0.73,0,0,0,0,0,0,0,0,0,0,0,0,0,0,0,0,0,0,0,0,0,0,0,0,0,0,0,0,0,0,0,0,0,0
90564-63A049,（株）ムロコーポレーション,TP-131 ﾊﾝﾖｳ,100,0.93,3,1,1,0.73,0,0,0,0,0,0,0,0,0,0,0,0,0,0,0,0,0,0,0,0,0,0,0,0,0,0,0,0,0,0,0,0,0,0
90564-63A050,（株）ムロコーポレーション,TP-131 ﾊﾝﾖｳ,100,0.93,3,1,1,0.73,0,0,0,0,0,0,0,0,0,0,0,0,0,0,0,0,0,0,0,0,0,0,0,0,0,0,0,0,0,0,0,0,0,0
90564-63A051,（株）ムロコーポレーション,TP-131 ﾊﾝﾖｳ,100,0.93,3,1,1,0.73,0,0,0,0,0,0,0,0,0,0,0,0,0,0,0,0,0,0,0,0,0,0,0,0,0,0,0,0,0,0,0,0,0,0
90564-63A052,（株）ムロコーポレーション,TP-131 ﾊﾝﾖｳ,100,0.93,3,1,1,0.73,0,0,0,0,0,0,0,0,0,0,0,0,0,0,0,0,0,0,0,0,0,0,0,0,0,0,0,0,0,0,0,0,0,0
90564-63A053,（株）ムロコーポレーション,TP-131 ﾊﾝﾖｳ,100,0.93,3,1,1,0.73,0,0,0,0,0,0,0,0,0,0,0,0,0,0,0,0,0,0,0,0,0,0,0,0,0,0,0,0,0,0,0,0,0,0
90564-63A054,（株）ムロコーポレーション,TP-131 ﾊﾝﾖｳ,100,0.93,3,1,1,0.73,0,0,0,0,0,0,0,0,0,0,0,0,0,0,0,0,0,0,0,0,0,0,0,0,0,0,0,0,0,0,0,0,0,0
90564-63A055,（株）ムロコーポレーション,TP-131 ﾊﾝﾖｳ,100,0.93,3,1,1,0.73,0,0,0,0,0,0,0,0,0,0,0,0,0,0,0,0,0,0,0,0,0,0,0,0,0,0,0,0,0,0,0,0,0,0
90564-63A056,（株）ムロコーポレーション,TP-131 ﾊﾝﾖｳ,100,0.93,3,1,1,0.73,0,0,0,0,0,0,0,0,0,0,0,0,0,0,0,0,0,0,0,0,0,0,0,0,0,0,0,0,0,0,0,0,0,0
82125-ECB010,矢崎総業（株）,TP-332 ﾊﾝﾖｳ,100,0.58,3,1,1,1.79,"9,255","8,883","7,399","9,215",396,408,0,0,397,432,390,439,396,0,0,444,410,450,409,412,0,0,412,457,426,456,397,0,0,411,445,411,452,405
82125-ECE010,矢崎総業（株）,TP-332 ﾊﾝﾖｳ,100,0.58,3,1,1,1.79,"11,959","12,035","9,576","10,991",523,537,0,0,522,596,530,590,522,0,0,583,510,579,510,535,0,0,508,572,520,571,482,0,0,535,584,534,576,540
82824-ECB010,矢崎総業（株）,TP-331 ﾊﾝﾖｳ,32,0.57,3,1,1,1.79,"9,255","8,883","7,399","9,215",396,408,0,0,397,432,390,439,396,0,0,444,410,450,409,412,0,0,412,457,426,456,397,0,0,411,445,411,452,405
82824-ECB020,矢崎総業（株）,TP-331 ｾﾝﾖｳ,40,0.58,3,1,1,1.79,"21,214","20,918","16,975","20,206",919,945,0,0,919,"1,028",920,"1,029",918,0,0,"1,027",920,"1,029",919,947,0,0,920,"1,029",946,"1,027",879,0,0,946,"1,029",945,"1,028",945
G1144-ECE010,矢崎総業（株）,TP-331 ﾊﾝﾖｳ,8,0.58,3,1,1,1.79,"11,959","12,035","9,576","10,991",523,537,0,0,522,596,530,590,522,0,0,583,510,579,510,535,0,0,508,572,520,571,482,0,0,535,584,534,576,540
35847-ECB010,（株）メタルテック,TP-332 ﾊﾝﾖｳ,80,0.51,3,1,1,1.9,"9,255","8,883","7,399","9,215",396,408,0,0,397,432,390,439,396,0,0,444,410,450,409,412,0,0,412,457,426,456,397,0,0,411,445,411,452,405
35847-ECB020,（株）メタルテック,TP-332 ﾊﾝﾖｳ,70,0.5,3,1,1,1.9,"9,255","8,883","7,399","9,215",396,408,0,0,397,432,390,439,396,0,0,444,410,450,409,412,0,0,412,457,426,456,397,0,0,411,445,411,452,405
35847-ECE010,（株）メタルテック,TP-332 ﾊﾝﾖｳ,40,0.5,3,1,1,1.9,"11,959","12,035","9,576","10,991",523,537,0,0,522,596,530,590,522,0,0,583,510,579,510,535,0,0,508,572,520,571,482,0,0,535,584,534,576,540
35847-ECE020,（株）メタルテック,TP-332 ﾊﾝﾖｳ,60,0.49,3,1,1,1.9,"11,959","12,035","9,576","10,991",523,537,0,0,522,596,530,590,522,0,0,583,510,579,510,535,0,0,508,572,520,571,482,0,0,535,584,534,576,540
35882-ECB010,（株）メタルテック,TP-332 ﾊﾝﾖｳ,50,0.5,3,1,1,1.9,"9,255","8,883","7,399","9,215",396,408,0,0,397,432,390,439,396,0,0,444,410,450,409,412,0,0,412,457,426,456,397,0,0,411,445,411,452,405
35441-ECB010,（株）ニフコ,TP-331 ﾊﾝﾖｳ,48,0.67,3,1,1,2.14,"21,214","20,918","16,975","20,206",919,945,0,0,919,"1,028",920,"1,029",918,0,0,"1,027",920,"1,029",919,947,0,0,920,"1,029",946,"1,027",879,0,0,946,"1,029",945,"1,028",945
35441-TFA010,（株）ニフコ,TP-331 ﾊﾝﾖｳ,100,0.67,3,1,1,2.14,"9,255","8,883","7,399","9,215",396,408,0,0,397,432,390,439,396,0,0,444,410,450,409,412,0,0,412,457,426,456,397,0,0,411,445,411,452,405
35409-ECB010,サンコール（株）,AW-131 ｾﾝﾖｳ,200,0.66,3,1,1,2.26,"9,255","8,883","7,399","9,215",396,408,0,0,397,432,390,439,396,0,0,444,410,450,409,412,0,0,412,457,426,456,397,0,0,411,445,411,452,405
35312-ECF010,ダイキャスト東和産業（株）,ﾎﾟﾘﾊﾞｺ ﾊﾝﾖｳ,200,1.25,3,1,1,1,"9,255","8,883","7,399","9,215",396,408,0,0,397,432,390,439,396,0,0,444,410,450,409,412,0,0,412,457,426,456,397,0,0,411,445,411,452,405
35351-ECB010,五興商事（株）,TP-331 ﾊﾝﾖｳ,704,1.25,3,1,1,1,"9,255","8,883","7,399","9,215",396,408,0,0,397,432,390,439,396,0,0,444,410,450,409,412,0,0,412,457,426,456,397,0,0,411,445,411,452,405
90501-13A083,（株）東郷製作所,AW-131 ﾊﾝﾖｳ,250,1.25,3,1,1,1,"9,255","8,883","7,399","9,215",396,408,0,0,397,432,390,439,396,0,0,444,410,450,409,412,0,0,412,457,426,456,397,0,0,411,445,411,452,405
90208-43A001,中庸スプリング（株）,TP-131 ﾊﾝﾖｳ,400,1.25,3,1,1,1,"42,428","41,836","33,950","40,412","1,838","1,890",0,0,"1,838","2,056","1,840","2,058","1,836",0,0,"2,054","1,840","2,058","1,838","1,894",0,0,"1,840","2,058","1,892","2,054","1,758",0,0,"1,892","2,058","1,890","2,056","1,890"
35288-ECB020,日昌（株）,TP-341 ｾﾝﾖｳ,120,1.25,3,1,1,1,"9,255","8,883","7,399","9,215",396,408,0,0,397,432,390,439,396,0,0,444,410,450,409,412,0,0,412,457,426,456,397,0,0,411,445,411,452,405
35288-ECE010,日昌（株）,TP-331 ﾊﾝﾖｳ,30,1.25,3,1,1,1,"11,959","12,035","9,576","10,991",523,537,0,0,522,596,530,590,522,0,0,583,510,579,510,535,0,0,508,572,520,571,482,0,0,535,584,534,576,540
35771-ECF010,愛知製鋼（株）,ｼﾞﾕｼﾊﾟﾚ ﾊﾝﾖｳ,64,1.25,3,1,1,1,"9,255","8,883","7,399","9,215",396,408,0,0,397,432,390,439,396,0,0,444,410,450,409,412,0,0,412,457,426,456,397,0,0,411,445,411,452,405
35771-ECF020,愛知製鋼（株）,ｼﾞﾕｼﾊﾟﾚ ﾊﾝﾖｳ,64,1.25,3,1,1,1,"11,959","12,035","9,576","10,991",523,537,0,0,522,596,530,590,522,0,0,583,510,579,510,535,0,0,508,572,520,571,482,0,0,535,584,534,576,540
G1131-ECF010,（株）コタニ,ｼﾞﾕｼﾊﾟﾚ ﾊﾝﾖｳ,130,1.25,3,1,1,1,"5,177","4,794","4,305","5,704",222,234,0,0,229,252,222,259,228,0,0,240,224,240,223,219,0,0,232,258,240,258,223,0,0,228,246,231,247,222
G1131-ECF020,（株）コタニ,ｼﾞﾕｼﾊﾟﾚ ﾊﾝﾖｳ,130,1.25,3,1,1,1,"4,078","4,089","3,094","3,511",174,174,0,0,168,180,168,180,168,0,0,204,186,210,186,193,0,0,180,199,186,198,174,0,0,183,199,180,205,183
G1131-ECF030,（株）コタニ,ｼﾞﾕｼﾊﾟﾚ ﾊﾝﾖｳ,170,1.25,3,1,1,1,"11,959","12,035","9,576","10,991",523,537,0,0,522,596,530,590,522,0,0,583,510,579,510,535,0,0,508,572,520,571,482,0,0,535,584,534,576,540
35141-ECD020,アイシン軽金属（株）,Aﾊﾟﾚ ﾊﾝﾖｳ,20,1.25,3,1,1,1,"9,255","8,883","7,399","9,215",396,408,0,0,397,432,390,439,396,0,0,444,410,450,409,412,0,0,412,457,426,456,397,0,0,411,445,411,452,405
35141-ECD030,アイシン軽金属（株）,Aﾊﾟﾚ ﾊﾝﾖｳ,36,1.25,3,1,1,1,"11,959","12,035","9,576","10,991",523,537,0,0,522,596,530,590,522,0,0,583,510,579,510,535,0,0,508,572,520,571,482,0,0,535,584,534,576,540
39171-ECD010,アイシン軽金属（株）,Aﾊﾟﾚ ﾊﾝﾖｳ,30,1.25,3,1,1,1,"9,255","8,883","7,399","9,215",396,408,0,0,397,432,390,439,396,0,0,444,410,450,409,412,0,0,412,457,426,456,397,0,0,411,445,411,452,405
39171-ECD020,アイシン軽金属（株）,Aﾊﾟﾚ ﾊﾝﾖｳ,35,1.25,3,1,1,1,"11,959","12,035","9,576","10,991",523,537,0,0,522,596,530,590,522,0,0,583,510,579,510,535,0,0,508,572,520,571,482,0,0,535,584,534,576,540
89429-ECB010,ＴＤＫ（株）,ﾀﾞﾝﾎﾞ-ﾙ ﾊﾞｺ,700,1.25,3,1,1,1,"21,214","20,918","16,975","20,206",919,945,0,0,919,"1,028",920,"1,029",918,0,0,"1,027",920,"1,029",919,947,0,0,920,"1,029",946,"1,027",879,0,0,946,"1,029",945,"1,028",945
36296-ECB020,イワタボルト（株）,ﾀﾞﾝﾎﾞ-ﾙ ﾊﾞｺ,"2,000",1.25,3,1,1,1,"27,765","26,649","22,197","27,645","1,188","1,224",0,0,"1,191","1,296","1,170","1,317","1,188",0,0,"1,332","1,230","1,350","1,227","1,236",0,0,"1,236","1,371","1,278","1,368","1,191",0,0,"1,233","1,335","1,233","1,356","1,215"
90179-06A006,イワタボルト（株）,ﾀﾞﾝﾎﾞ-ﾙ ﾊﾞｺ,"2,000",1.25,3,1,1,1,"27,765","26,649","22,197","27,645","1,188","1,224",0,0,"1,191","1,296","1,170","1,317","1,188",0,0,"1,332","1,230","1,350","1,227","1,236",0,0,"1,236","1,371","1,278","1,368","1,191",0,0,"1,233","1,335","1,233","1,356","1,215"
35561-ECB010,（株）浜名製作所,TP-131 ﾊﾝﾖｳ,100,1.25,3,1,1,1,"9,255","8,883","7,399","9,215",396,408,0,0,397,432,390,439,396,0,0,444,410,450,409,412,0,0,412,457,426,456,397,0,0,411,445,411,452,405
G1259-ECB010,ＮＯＫ（株）,TP-131 ﾊﾝﾖｳ,400,1.25,3,1,1,1,"21,214","20,918","16,975","20,206",919,945,0,0,919,"1,028",920,"1,029",918,0,0,"1,027",920,"1,029",919,947,0,0,920,"1,029",946,"1,027",879,0,0,946,"1,029",945,"1,028",945
G1126-ECB010,（株）槌屋,ﾀﾞﾝﾎﾞ-ﾙ ﾊﾞｺ,288,1,1,1,1,1,"248,496","230,112","206,640","273,792","10,656","11,232",0,0,"10,992","12,096","10,656","12,432","10,944",0,0,"11,520","10,752","11,520","10,704","10,512",0,0,"11,136","12,384","11,520","12,384","10,704",0,0,"10,944","11,808","11,088","11,856","10,656"
G1126-ECE010,（株）槌屋,ﾀﾞﾝﾎﾞ-ﾙ ﾊﾞｺ,576,1,1,1,1,1,"769,776","773,952","608,160","696,096","33,456","34,128",0,0,"33,120","37,248","33,504","36,960","33,120",0,0,"37,776","33,408","37,872","33,408","34,944",0,0,"33,024","37,008","33,888","36,912","31,488",0,0,"34,464","37,584","34,272","37,488","34,704"
36296-ECB010,（株）青山製作所,TP-131 ﾊﾝﾖｳ,"1,000",1,1,1,1,1,"35,877","36,105","28,728","32,973","1,569","1,611",0,0,"1,566","1,788","1,590","1,770","1,566",0,0,"1,749","1,530","1,737","1,530","1,605",0,0,"1,524","1,716","1,560","1,713","1,446",0,0,"1,605","1,752","1,602","1,728","1,620"
90179-06A005,（株）青山製作所,TP-331 ﾊﾝﾖｳ,"2,000",1,1,1,1,1,"35,877","36,105","28,728","32,973","1,569","1,611",0,0,"1,566","1,788","1,590","1,770","1,566",0,0,"1,749","1,530","1,737","1,530","1,605",0,0,"1,524","1,716","1,560","1,713","1,446",0,0,"1,605","1,752","1,602","1,728","1,620"
