,品番,年,週番号,在庫数（箱）,入庫数（箱）,出庫数（箱）,仕入先名,日量数（箱数）,発注〜印刷LT,発注〜検収LT,発注〜順立装置入庫LT,発注〜順立装置出庫LT,発注〜回収LT,基準在庫日数,基準在庫日数（基準在庫枚数込み）,基準在庫枚数,箱種類,納入回数（間隔）,納入回数（回数）,納入回数（遅れ）,回収かんばん数,印刷検収LT,検収入庫LT,入庫出庫LT,出庫回収LT,社内LT（検収〜回収LT）,不等ピッチ係数,社内LT/設計値LT,社内LT/設計値LT（基準在庫枚数込み）,順立装置在庫量/設計値MIN,順立装置在庫量/設計値MAX
0,019128GA010    ,2023,49,26.0,0.0,0.0,石黒ゴム工業（株）,17.33,0.32,1.94,2.19,4.24,4.96,1.07,1.2363524453809471,3,Aﾊﾟﾚﾌﾀﾅｼ,1,24,19.68,76,1.6199999999999999,0.25,2.0500000000000003,0.7199999999999998,3.02,0.29,2.8224299065420557,2.442669168717074,17.41147215113158,1.3684170565322022
1,01912ECB010    ,2023,49,7.0,0.0,0.0,石黒ゴム工業（株）,5.586666666666667,0.11,1.94,2.24,5.23,5.49,1.07,1.5690573361428413,3,Aﾊﾟﾚﾌﾀﾅｼ,1,24,19.68,25,1.8299999999999998,0.30000000000000027,2.99,0.2599999999999998,3.5500000000000003,0.29,3.3177570093457946,2.262504956464396,14.54139218827179,0.4650080357232828
2,01912ECB040    ,2023,49,30.0,0.0,0.0,愛産樹脂工業（株）,20.95,0.0,4.39,4.390000000000001,6.57,6.975,0.67,0.8030819563047578,3,Aﾊﾟﾚﾌﾀﾅｼ,1,24,19.68,80,4.39,8.881784197001252e-16,2.1799999999999997,0.40499999999999936,2.585,0.0,3.8582089552238803,3.2188495578887477,16.618733929453473,1.6181971145041771
3,01912ECB060    ,2023,49,1.0,0.0,0.0,新光ゴム工業（株）,0.87,0.12,5.905,5.365,7.279999999999999,10.030000000000001,0.78,3.982134756504336,3,TP342ﾌﾀﾅｼ,1,2,3.64,4,5.785,-0.54,1.9149999999999991,2.7500000000000018,4.125000000000001,0.0,5.288461538461539,1.0358765466844917,4.954419342053111,0.18406310439022608
4,1040043104R    ,2023,49,3.0,0.0,0.0,（株）ギフ加藤製作所,1.676,0.185,2.045,2.515,7.085,8.695,0.9,2.563524453809471,3,ＴＰ３３１．５フタアリ,1,2,3.92,6,1.8599999999999999,0.4700000000000002,4.57,1.6100000000000003,6.65,0.12,7.388888888888889,2.5940848701942003,7.276325746551022,0.3659372999081052
5,1040052001Z    ,2023,49,5.0,0.0,0.0,（株）青山製作所,2.51,0.315,1.245,1.46,6.279999999999999,6.4399999999999995,0.74,1.8786279533162535,3,ＴＰ３３１フタアリ,1,1,1.79,10,0.9300000000000002,0.21499999999999986,4.819999999999999,0.16000000000000014,5.194999999999999,0.08,7.020270270270269,2.765316033347375,7.139899184623514,0.5114880636143114
6,1040183011P    ,2023,49,2.0,0.0,0.0,（株）青山製作所,2.16,0.29,1.21,1.42,1.87,2.76,0.74,2.07422281521014,3,ＴＰ３３２フタナシ,1,1,1.9,9,0.9199999999999999,0.20999999999999996,0.4500000000000002,0.8899999999999997,1.5499999999999998,0.08,2.0945945945945943,0.7472678386497108,3.192848020434227,0.366243483157945
7,2030044001J    ,2023,49,2.0,0.0,0.0,ＮＯＫ（株）,0.42,0.155,1.9449999999999998,2.145,7.074999999999999,7.279999999999999,0.8,4.002134756504336,3,ﾃﾝﾊﾞｺ10ﾌﾀﾅｼ,1,8,9.0,4,1.7899999999999998,0.20000000000000018,4.93,0.20500000000000007,5.334999999999999,0.03,6.668749999999998,1.3330385718095743,38.095238095238095,0.0523989028667814
8,2030045013L    ,2023,49,2.0,0.0,0.0,伊藤金属工業（株）,1.1625,0.11,2.14,2.47,6.255,7.47,0.84,3.4147205355418717,3,ｻﾝﾎﾞｯｸｽ＃24Aﾌﾀｱﾘ,1,4,4.0,4,2.0300000000000002,0.33000000000000007,3.7849999999999997,1.2149999999999999,5.33,0.0,6.345238095238096,1.5608890814118113,13.763440860215052,0.14172143927264902
9,2030052002N    ,2023,49,3.0,0.0,0.0,（株）杉浦製作所,2.9833333333333334,0.14,0.86,1.03,2.9,4.72,0.77,1.7681146722856824,3,ＴＰ３３１フタナシ,1,6,5.76,11,0.72,0.17000000000000004,1.8699999999999999,1.8199999999999998,3.86,0.12,5.012987012987013,2.183116321867342,8.925324782651813,0.31342350000708996
10,3040052001B    ,2023,49,4.0,0.0,0.0,（株）青山製作所,7.969,0.32,1.26,1.64,3.515,4.0600000000000005,0.74,1.1028666465074086,3,ＴＰ３３１フタアリ,1,1,1.79,30,0.94,0.3799999999999999,1.8750000000000002,0.5450000000000004,2.8000000000000007,0.08,3.7837837837837847,2.538838225697663,1.79908615418798,0.3934476737538821
11,33490ECB010    ,2023,49,33.0,0.0,0.0,マレリ（株）,84.0,0.31,4.11,4.38,4.46,4.73,1.02,1.0520213475650433,3,ＴＰ３３１．５フタアリ,1,2,3.92,413,3.8000000000000003,0.2699999999999996,0.08000000000000007,0.27000000000000046,0.6200000000000001,0.23,0.607843137254902,0.5893416530330126,1.5969802555168409,0.6904201860365657
12,33490ECE010    ,2023,49,65.0,0.0,0.0,マレリ（株）,133.75,0.31,4.11,4.39,4.96,5.145,1.02,1.042772559066325,3,ＴＰ３３１．５フタアリ,1,2,3.92,540,3.8000000000000003,0.27999999999999936,0.5700000000000003,0.1849999999999996,1.0349999999999993,0.23,1.0147058823529405,0.9925462566129616,1.9755337740293293,0.860493671233836
13,34989ECB010    ,2023,49,2.0,0.0,0.0,（株）槌屋,0.312,0.25,4.48,4.85,12.77,18.08,0.88,8.24196319018405,3,ＴＰ３３１フタナシ,1,1,2.14,1,4.23,0.3699999999999992,7.92,5.309999999999999,13.599999999999998,0.0,15.454545454545451,1.6500923003632462,20.414829332026784,0.09642072141048369
14,34989ECB020    ,2023,49,7.0,0.0,0.0,（株）槌屋,1.676,0.27,2.49,2.84,11.68,13.41,0.88,2.543524453809471,3,ＴＰ１３１フタナシ,1,1,2.26,5,2.22,0.34999999999999964,8.84,1.7300000000000004,10.92,0.0,12.409090909090908,4.293255362119663,12.811690118160389,0.48039012779317114
15,34989ECB030    ,2023,49,4.0,0.0,0.0,（株）槌屋,0.895,0.265,3.49,3.8549999999999995,10.96,13.335,0.88,4.207048907618942,3,ＴＰ３３１フタナシ,1,1,2.14,4,3.225,0.3649999999999993,7.105000000000001,2.375,9.845,0.0,11.1875,2.340120168836345,14.233355869480123,0.26362433864287355
16,34989ECC010    ,2023,49,2.0,0.0,0.0,（株）槌屋,0.18,0.265,3.495,3.8449999999999998,9.850000000000001,13.77,0.88,9.651929824561403,3,ＴＰ３３２フタナシ,1,1,1.9,2,3.23,0.34999999999999964,6.005000000000002,3.919999999999998,10.274999999999999,0.0,11.676136363636362,1.0645539479424166,38.314176245210724,0.0519437665937696
17,34989ECE010    ,2023,49,3.0,0.0,0.0,（株）槌屋,0.348,2.28,4.49,4.9,33.2,46.77,0.88,9.575652173913044,3,TP332ﾌﾀﾅｼ,1,2,3.64,1,2.2100000000000004,0.41000000000000014,28.300000000000004,13.57,42.28,0.0,48.04545454545455,4.415365056302216,37.15814506539833,0.08032226349068129
18,34989ECE020    ,2023,49,1.0,0.0,0.0,（株）槌屋,0.44,0.28,2.5,2.85,7.15,9.87,0.88,7.437377049180328,3,TP342ﾌﾀﾅｼ,1,2,3.64,3,2.2199999999999998,0.3500000000000001,4.300000000000001,2.719999999999999,7.369999999999999,0.0,8.374999999999998,0.9909407511902661,9.796238244514106,0.09961907414844429
19,35141ECB010    ,2023,49,16.0,0.0,0.0,（株）アイシン福井,21.0,0.27,1.03,1.29,2.23,2.62,0.62,0.7480853902601734,3,ＴＰ３３１フタナシ,1,6,5.76,99,0.76,0.26,0.94,0.3900000000000001,1.59,,2.564516129032258,2.1254258146212703,6.762468300929839,1.4143686041254908
20,35141ECE010    ,2023,49,28.0,0.0,0.0,（株）アイシン福井,25.1,0.27,1.04,1.06,4.15,4.33,0.63,0.7438627953316254,3,ＴＰ３３１フタナシ,1,6,5.76,103,0.77,0.020000000000000018,3.0900000000000003,0.17999999999999972,3.29,,5.222222222222222,4.422858651686253,9.901223508333528,1.8253460832677744
21,35145ECB010    ,2023,49,6.0,0.0,0.0,三共鋼業（株）,3.6,0.1,1.86,2.18,7.18,7.53,0.82,1.620533689126084,3,ｻﾝﾎﾞｯｸｽ＃24Aﾌﾀｱﾘ,1,4,4.0,13,1.76,0.32000000000000006,5.0,0.35000000000000053,5.67,0.0,6.914634146341464,3.4988473476646442,13.333333333333332,0.4162812210915819
22,35145ECE010    ,2023,49,5.0,0.0,0.0,三共鋼業（株）,5.185,0.1,1.8650000000000002,2.16,4.38,5.27,0.82,1.3893139766581268,3,ｻﾝﾎﾞｯｸｽ＃24Aﾌﾀｱﾘ,1,4,4.0,16,1.7650000000000001,0.29499999999999993,2.2199999999999998,0.8899999999999997,3.4049999999999994,0.0,4.152439024390243,2.450849885056529,7.714561234329798,0.539370762890272
23,35145ECE020    ,2023,49,4.0,0.0,0.0,（株）浅賀井製作所,5.185,0.29,1.745,1.99,3.5650000000000004,4.655,0.87,1.4393139766581269,3,TP341ﾌﾀﾅｼ,1,6,4.92,16,1.455,0.24499999999999988,1.5750000000000004,1.0899999999999999,2.91,0.13,3.344827586206897,2.021796527507214,7.818812061820741,0.44731577791754906
24,35165ECE010    ,2023,49,3.0,0.0,0.0,（株）松尾製作所,2.675,0.08,1.32,1.68,6.21,7.16,0.77,1.9086279533162536,3,ＴＰ３３１．５フタナシ,1,1,3.05,7,1.24,0.3599999999999999,4.53,0.9500000000000002,5.84,0.0,7.584415584415584,3.059789620000567,2.769124264451367,0.5378393018142148
25,35174ECB010    ,2023,49,17.0,0.0,0.0,（株）浅賀井製作所,16.8,0.58,1.83,1.99,2.91,3.38,0.87,1.030106737825217,3,ＴＰ３３１フタナシ,1,2,1.06,67,1.25,0.15999999999999992,0.9200000000000002,0.46999999999999975,1.5499999999999998,0.13,1.7816091954022986,1.5046984386029671,9.824318076745259,0.8917182314921968
26,35174ECE010    ,2023,49,14.0,0.0,0.0,（株）浅賀井製作所,13.375,0.58,1.83,1.99,4.3,4.61,0.87,1.0977255906632508,3,ＴＰ３４１フタナシ,1,6,4.92,43,1.25,0.15999999999999992,2.3099999999999996,0.3100000000000005,2.7800000000000002,0.13,3.195402298850575,2.532509056585181,10.6087395807022,1.03652597234991
27,35174ECE020    ,2023,49,8.0,0.0,0.0,（株）浅賀井製作所,5.761111111111111,0.58,1.83,1.99,4.335,5.045,0.87,1.3823825789923143,3,ＴＰ３４１フタナシ,1,6,4.92,20,1.25,0.15999999999999992,2.3449999999999998,0.71,3.215,0.13,3.6954022988505746,2.325694817670206,14.073861711277333,0.5221215577335029
28,3519510A010    ,2023,49,3.0,0.0,0.0,中庸スプリング（株）,0.28,0.235,1.28,1.48,7.095,7.75,0.81,5.613202134756504,3,TP341ﾌﾀﾅｼ,1,4,8.04,2,1.045,0.19999999999999996,5.615,0.6550000000000002,6.47,0.1,7.987654320987653,1.1526397668700137,47.40834386852086,0.06316807627573161
29,35195ECE010    ,2023,49,4.0,0.0,0.0,三共鋼業（株）,2.675,0.1,1.87,2.19,8.51,9.03,0.82,1.9586279533162536,3,ｻﾝﾎﾞｯｸｽ＃24Aﾌﾀｱﾘ,1,4,4.0,9,1.77,0.31999999999999984,6.32,0.5199999999999996,7.159999999999999,0.0,8.73170731707317,3.655620245732241,11.962616822429906,0.3133539673504202
30,35195TFG010    ,2023,49,3.0,0.0,0.0,三共鋼業（株）,2.51,0.1,1.86,2.14,4.75,6.96,0.82,1.9586279533162536,3,TP131ﾌﾀﾅｼ,1,2,4.94,9,1.76,0.28,2.61,2.21,5.1,0.0,6.219512195121951,2.6038635828539705,4.024306813151434,0.555061467266535
31,35198ECE010    ,2023,49,5.0,0.0,0.0,サトープレス工業（株）,2.51,0.12,2.945,4.11,9.66,10.605,0.82,1.9586279533162536,3,ｻﾝﾎﾞｯｸｽ＃24Aﾌﾀｱﾘ,1,4,4.0,10,2.8249999999999997,1.1650000000000005,5.55,0.9450000000000003,7.66,0.0,9.341463414634147,3.9109009891492974,15.936254980079683,0.2995939606631936
32,35300ECB010    ,2023,49,100.0,0.0,0.0,アイシン精機（株）,69.83333333333333,0.2,1.18,1.58,4.66,4.97,0.91,0.9499245868914272,3,ｻﾝﾎﾞｯｸｽ＃K-10Bﾌﾀﾅｼ,1,8,9.0,262,0.98,0.40000000000000013,3.08,0.3099999999999996,3.79,0.14,4.164835164835165,3.9897904026282274,11.45584725536993,4.223565023203147
33,35312ECB010    ,2023,49,7.0,0.0,0.0,（株）旭工業所,5.333333333333333,0.68,2.03,2.26,4.94,5.03,0.83,1.3343362241494328,3,ＴＰ３４１フタナシ,1,6,4.92,21,1.3499999999999996,0.22999999999999998,2.6800000000000006,0.08999999999999986,3.0000000000000004,0.0,3.6144578313253017,2.2483088937440323,13.302364864864867,0.4841636830503765
34,35352ECB010    ,2023,49,3.0,0.0,0.0,五興商事（株）,0.6666666666666666,0.09,4.1,4.35,6.72,7.66,0.84,4.874689793195463,3,ｻﾝﾎﾞｯｸｽ＃24Aﾌﾀｱﾘ,1,4,4.0,3,4.01,0.25,2.37,0.9400000000000004,3.5600000000000005,0.0,4.238095238095239,0.730302881009859,36.0,0.08287292817679559
35,3539450A010    ,2023,49,3.5,0.0,0.0,ミズショー（株）,0.0,0.23,4.07,4.67,7.76,14.23,0.84,4.167048907618942,3,ＴＰ３３１．５フタナシ,1,1,3.05,7,3.8400000000000003,0.5999999999999996,3.09,6.470000000000001,10.16,0.0,12.095238095238097,2.438176326998149,inf,0.0
36,35409ECB010    ,2023,49,4.0,0.0,0.0,サンコール（株）,1.68,0.135,4.39,4.865,6.865,8.895,0.87,2.471067378252168,3,サンボックス＃２０Ｂフタナシ,1,2,1.82,12,4.255,0.47500000000000053,2.0,2.0299999999999994,4.505,0.0,5.17816091954023,1.8230988113268163,16.886187098953055,0.22459056593712787
37,35441ECB010    ,2023,49,20.0,0.0,0.0,（株）ニフコ,17.458333333333332,0.09,2.23,2.62,5.234999999999999,5.345,0.86,1.019698347565709,3,サンボックス＃２０Ｂフタナシ,1,2,1.82,62,2.14,0.3900000000000001,2.6149999999999993,0.11000000000000032,3.1149999999999998,0.0,3.6220930232558137,3.054824995486491,8.124714365510586,1.1282353609363034
38,35441TFA010    ,2023,49,6.0,0.0,0.0,（株）ニフコ,3.36,0.09,2.23,2.6100000000000003,5.54,5.92,0.86,1.660533689126084,3,Ｔ２０３フタナシ,1,2,1.82,14,2.14,0.38000000000000034,2.9299999999999997,0.3799999999999999,3.69,0.0,4.290697674418604,2.222177137485236,12.66464032421479,0.4134326949444764
39,3548255A010    ,2023,49,1.0,0.0,0.0,サトープレス工業（株）,1.7283333333333333,0.12,2.945,3.1149999999999998,6.795,8.575,0.82,2.527941929974381,3,ｻﾝﾎﾞｯｸｽ＃24Aﾌﾀｱﾘ,1,4,4.0,6,2.8249999999999997,0.16999999999999993,3.68,1.7799999999999994,5.629999999999999,0.0,6.865853658536585,2.2271081203424066,4.628736740597879,0.19427899869315993
40,35482TFA010    ,2023,49,1.0,0.0,0.0,サトープレス工業（株）,0.36,0.125,1.94,2.14,10.41,17.345,0.82,8.825336891260841,3,ｻﾝﾎﾞｯｸｽ＃24Aﾌﾀｱﾘ,1,4,4.0,2,1.815,0.20000000000000018,8.27,6.934999999999999,15.405,0.0,18.786585365853657,1.7455424296895194,22.22222222222222,0.044782357741376906
41,35501ECB010    ,2023,49,6.0,0.0,0.0,大橋鉄工（株）,3.36,0.12,1.45,1.74,3.82,5.02,0.78,1.5805336891260842,3,ｻﾝﾎﾞｯｸｽ＃24Aﾌﾀｱﾘ,1,4,4.0,17,1.33,0.29000000000000004,2.08,1.1999999999999997,3.5699999999999994,0.0,4.576923076923076,2.258730721503279,14.285714285714285,0.3923180391570767
42,35505ECB010    ,2023,49,11.0,0.0,0.0,中庸スプリング（株）,15.0,0.33,1.335,1.63,2.54,2.84,0.81,1.00212808539026,3,ＴＰ１３１フタナシ,1,6,5.76,56,1.005,0.29499999999999993,0.9100000000000001,0.2999999999999998,1.505,0.1,1.8580246913580245,1.5018040327788096,6.508875739644971,1.1271790207670154
43,35556ECB010    ,2023,49,4.0,0.0,0.0,（株）ギフ加藤製作所,3.48,0.15,2.0700000000000003,3.445,5.135,5.285,0.9,1.700533689126084,3,ＴＰ３３１．５フタアリ,1,2,3.92,16,1.9200000000000004,1.3749999999999996,1.69,0.15000000000000036,3.215,0.12,3.572222222222222,1.8905829508453964,4.672460517708625,0.6073064568208428
44,35557ECB010    ,2023,49,10.0,0.0,0.0,小川工業（株）,7.826086956521739,0.31,2.65,2.91,5.12,5.41,0.89,1.2582454969979988,3,サンボックス＃９Ｆフタナシ,1,1,1.9,30,2.34,0.26000000000000023,2.21,0.29000000000000004,2.7600000000000002,0.05,3.101123595505618,2.1935306000180264,4.406130268199234,0.7921719737658189
45,35580ECB011    ,2023,49,99.0,0.0,0.0,アイシン精機（株）,56.0,0.17,1.18,1.61,4.52,4.915,0.91,0.958032021347565,3,ｻﾝﾎﾞｯｸｽ＃K-10Bﾌﾀﾅｼ,1,8,9.0,236,1.01,0.43000000000000016,2.9099999999999993,0.39500000000000046,3.7350000000000003,0.14,4.104395604395605,3.898617078316819,14.142857142857142,4.134844868735083
46,35595ECB010    ,2023,49,6.0,0.0,0.0,サトープレス工業（株）,8.4,0.12,1.95,2.12,3.0,3.69,0.82,1.1402134756504336,3,ｻﾝﾎﾞｯｸｽ＃24Aﾌﾀｱﾘ,1,4,4.0,33,1.83,0.17000000000000015,0.8799999999999999,0.69,1.74,0.0,2.1219512195121952,1.5260300260943844,5.714285714285714,0.7286606523247744
47,3559850A010    ,2023,49,4.0,0.0,0.0,アイコー（株）,3.36,0.15,2.35,2.54,5.55,6.03,1.11,1.910533689126084,3,ＴＰ３４２フタナシ,1,1,2.12,13,2.2,0.18999999999999995,3.01,0.4800000000000004,3.68,0.32,3.315315315315315,1.9261633652130494,3.815628815628815,0.5446898393730282
48,35771ECB010    ,2023,49,18.0,0.0,0.0,アイシン機工（株）,90.0,0.38,1.17,1.41,1.75,1.94,0.7,0.7320213475650433,3,サンボックス＃９Ｂフタナシ,1,1,2.29,391,0.7899999999999999,0.24,0.3400000000000001,0.18999999999999995,0.77,0.07,1.1,1.0518818919165225,0.60790273556231,0.18925872069797545
49,35771ECE010    ,2023,49,34.0,0.0,0.0,アイシン機工（株）,89.16666666666667,0.38,1.17,1.41,2.02,2.25,0.7,0.7341588385994876,3,TP332ﾌﾀﾅｼ,1,2,3.64,333,0.7899999999999999,0.24,0.6100000000000001,0.22999999999999998,1.08,0.07,1.5428571428571431,1.4710713039432362,1.6435707379954878,0.670806762303388
50,35847ECB010    ,2023,49,4.0,0.0,0.0,（株）メタルテック,4.2,0.09,2.03,2.52,4.255000000000001,5.275,0.83,1.4704269513008672,3,Ｔ２０３フタナシ,1,2,1.82,20,1.9399999999999997,0.4900000000000002,1.7350000000000008,1.0199999999999996,3.2450000000000006,0.0,3.909638554216868,2.206842031240785,6.7544748395812215,0.4412831488630178
51,35847ECB020    ,2023,49,4.0,0.0,0.0,（株）メタルテック,5.142857142857143,0.09,2.03,2.14,4.72,5.12,0.83,1.3903735823882588,3,サンボックス＃９Ｆフタナシ,1,1,1.9,19,1.9399999999999997,0.11000000000000032,2.5799999999999996,0.40000000000000036,3.0900000000000003,0.0,3.722891566265061,2.2224242744113964,2.681992337164751,0.49492746752631067
52,35847ECE010    ,2023,49,10.0,0.0,0.0,（株）メタルテック,12.55,0.09,4.02,4.11,5.65,5.77,0.83,1.0577255906632508,3,サンボックス＃９Ｆフタナシ,1,1,1.9,41,3.9299999999999997,0.09000000000000075,1.54,0.11999999999999922,1.75,0.0,2.108433734939759,1.654493391714817,2.747630168979255,0.6279383523959582
53,35847ECE020    ,2023,49,9.0,0.0,0.0,（株）メタルテック,8.366666666666667,0.09,4.02,4.11,5.42,6.16,0.83,1.171588385994876,3,サンボックス＃２０Ｂフタナシ,1,2,1.82,27,3.9299999999999997,0.09000000000000075,1.3099999999999996,0.7400000000000002,2.1400000000000006,0.0,2.578313253012049,1.8265800733273572,7.629058235144527,0.7358517236102032
54,35882ECB010    ,2023,49,5.0,0.0,0.0,（株）メタルテック,7.2,0.09,4.02,4.11,4.95,5.43,0.83,1.230266844563042,3,サンボックス＃９Ｆフタナシ,1,1,1.9,29,3.9299999999999997,0.09000000000000075,0.8399999999999999,0.47999999999999954,1.4100000000000001,0.0,1.6987951807228918,1.1460928222452378,2.3946360153256703,0.5022785355790251
55,36108ECB010    ,2023,49,3.0,0.0,0.0,（株）オーハシテクニカ,2.24,0.72,2.01,2.29,5.52,6.62,0.84,2.040800533689126,3,ｻﾝﾎﾞｯｸｽ＃24Aﾌﾀｱﾘ,1,4,4.0,9,1.2899999999999998,0.28000000000000025,3.2299999999999995,1.1000000000000005,4.61,0.0,5.488095238095239,2.258917480615594,10.714285714285714,0.2634748569707919
56,39171ECB010    ,2023,49,10.0,0.0,0.0,（株）アイシン福井,22.5,0.27,1.01,1.21,1.91,2.05,0.62,0.7480853902601734,3,ＴＰ３３１フタナシ,1,6,5.76,99,0.74,0.19999999999999996,0.7,0.1399999999999999,1.0399999999999998,,1.6774193548387093,1.3902156271736608,3.944773175542406,1.1338160064853382
57,39171ECE010    ,2023,49,17.0,0.0,0.0,（株）アイシン福井,26.75,0.27,1.04,1.1,2.025,2.17,0.63,0.7438627953316254,3,ＴＰ３３１フタナシ,1,6,5.76,102,0.77,0.06000000000000005,0.9249999999999998,0.14500000000000002,1.13,,1.7936507936507935,1.5190973484515093,5.640656970635403,1.4864700225470913
58,41310ECB010    ,2023,49,108.0,0.0,0.0,（株）オンド,180.0,0.14,1.14,1.47,2.19,2.41,1.1,1.1160106737825215,3,ＴＰ３３１．５フタアリ,1,2,3.92,781,0.9999999999999999,0.33000000000000007,0.72,0.2200000000000002,1.2700000000000002,0.05,1.1545454545454548,1.1379819475162896,2.4390243902439024,1.0646790093772542
59,41310ECE010    ,2023,49,108.0,0.0,0.0,（株）オンド,251.0,0.14,1.13,1.48,2.27,2.46,1.1,1.1113862795331626,3,サンボックス＃９Ｆフタナシ,1,1,1.9,1031,0.9899999999999999,0.3500000000000001,0.79,0.18999999999999995,1.33,0.05,1.209090909090909,1.1967036344543196,1.4837202912487977,0.4074953175064572
60,5040056001E    ,2023,49,7.0,0.0,0.0,サトープレス工業（株）,5.6,0.12,1.95,3.1,4.2,5.75,0.82,1.3003202134756504,3,ｻﾝﾎﾞｯｸｽ＃24Aﾌﾀｱﾘ,1,4,4.0,23,1.83,1.1500000000000001,1.1,1.5499999999999998,3.8,0.0,4.634146341463414,2.9223570937522445,9.999999999999998,0.5993150684931507
61,82125ECB010    ,2023,49,4.0,0.0,0.0,矢崎総業（株）,3.6,0.14,1.98,2.16,6.18,6.6,0.82,1.620533689126084,3,ＴＰ３３１．５フタアリ,1,2,3.92,13,1.8399999999999999,0.18000000000000016,4.02,0.41999999999999993,4.619999999999999,0.0,5.634146341463414,2.8509126536526725,4.5167118337850045,0.6156960786222202
62,82125ECE010    ,2023,49,5.0,0.0,0.0,矢崎総業（株）,5.02,0.14,1.98,2.18,5.97,6.2,0.82,1.3893139766581268,3,ＴＰ３３１フタナシ,1,1,1.78,17,1.8399999999999999,0.20000000000000018,3.7899999999999996,0.23000000000000043,4.220000000000001,0.0,5.146341463414635,3.037470342125861,3.582791137607842,0.5647298340664182
63,82821CWA030    ,2023,49,7.0,0.0,0.0,石黒ゴム工業（株）,4.475,0.33,1.9449999999999998,2.2199999999999998,5.35,5.8,1.07,1.7354097815237886,3,Ｔ２０３フタナシ,1,2,1.82,18,1.6149999999999998,0.2749999999999999,3.13,0.4500000000000002,3.855,0.29,3.602803738317757,2.2213773605765263,11.093941915289829,0.5164072957243947
64,82821ECB010    ,2023,49,3.0,0.0,0.0,石黒ゴム工業（株）,2.095,0.11,1.94,2.24,5.45,6.44,1.07,2.400819563047577,3,ＴＰ１３１フタナシ,1,1,1.74,9,1.8299999999999998,0.30000000000000027,3.21,0.9900000000000002,4.5,0.29,4.205607476635514,1.874359934941443,5.226207689493579,0.4039882969228967
65,82821ECB020    ,2023,49,8.0,0.0,0.0,石黒ゴム工業（株）,4.475,0.32,1.94,2.19,5.96,6.58,1.07,1.7354097815237886,3,サンボックス＃２０Ｂフタナシ,1,2,1.82,19,1.6199999999999999,0.25,3.77,0.6200000000000001,4.640000000000001,0.29,4.336448598130842,2.6737200915888675,12.678790760331232,0.5284001626310665
66,82821ECB040    ,2023,49,4.0,0.0,0.0,石黒ゴム工業（株）,3.36,0.215,1.94,2.2,3.775,4.984999999999999,1.07,1.870533689126084,3,Ｔ２０３フタナシ,1,2,1.82,14,1.7249999999999999,0.26000000000000023,1.5749999999999997,1.2099999999999995,3.0449999999999995,0.29,2.8457943925233637,1.62787765743082,8.443093549476528,0.38868561254148415
67,82821ECB050    ,2023,49,11.0,0.0,0.0,石黒ゴム工業（株）,8.665,0.32,1.94,2.21,4.87,5.46,1.07,1.4027048907618942,3,サンボックス＃２０Ｂフタナシ,1,2,1.82,38,1.6199999999999999,0.27,2.66,0.5899999999999999,3.52,0.29,3.289719626168224,2.5094373186993555,9.003368078149233,0.7988892198881163
68,82821ECE010    ,2023,49,22.0,0.0,0.0,石黒ゴム工業（株）,10.7,0.33,1.94,2.25,6.16,6.57,1.07,1.3546569883290636,3,サンボックス＃２０Ｂフタナシ,1,2,1.82,51,1.6099999999999999,0.31000000000000005,3.91,0.41000000000000014,4.630000000000001,0.29,4.327102803738319,3.4178393791855703,14.582090541525815,1.0748963051374623
69,82821XAE010    ,2023,49,15.0,0.0,0.0,石黒ゴム工業（株）,8.665,0.32,1.94,2.175,5.295,5.955,1.07,1.4027048907618942,3,Ｔ２０３フタナシ,1,2,1.82,38,1.6199999999999999,0.23499999999999988,3.12,0.6600000000000001,4.015000000000001,0.29,3.752336448598131,2.8623269416414527,12.277320106567137,0.8801231178542246
70,82821XAE020    ,2023,49,2.0,0.0,0.0,石黒ゴム工業（株）,0.9,0.09,1.93,2.2,6.17,7.49,1.07,4.272134756504336,3,ｻﾝﾎﾞｯｸｽ＃24Aﾌﾀｱﾘ,1,4,4.0,3,1.8399999999999999,0.27000000000000024,3.9699999999999998,1.3200000000000003,5.5600000000000005,0.29,5.196261682242991,1.3014570740154876,17.77777777777778,0.11081696730899462
71,82824ECB010    ,2023,49,8.0,0.0,0.0,矢崎総業（株）,10.5,0.14,1.98,2.23,3.135,3.685,0.82,1.0761707805203469,3,サンボックス＃９Ｆフタナシ,1,1,1.9,42,1.8399999999999999,0.25,0.9049999999999998,0.5500000000000003,1.705,0.0,2.079268292682927,1.5843210305111644,2.6272577996715927,0.5859836605336035
72,82824ECB020    ,2023,49,13.0,0.0,0.0,矢崎総業（株）,20.95,0.14,1.98,2.23,3.7,4.63,0.82,0.9530819563047576,3,Ｔ２０３フタナシ,1,2,1.82,77,1.8399999999999999,0.25,1.4700000000000002,0.9299999999999997,2.65,0.0,3.231707317073171,2.7804534357931288,4.400886947984901,0.8164092251520112
73,82824ECE010    ,2023,49,9.0,0.0,0.0,住友電装（株）,11.155555555555557,2.46,5.4,5.38,7.745,7.94,0.78,1.0361912894961571,3,ＴＰ３４２フタアリ,1,4,8.04,38,2.9400000000000004,-0.020000000000000462,2.365,0.19500000000000028,2.54,0.0,3.2564102564102564,2.4512848406929404,3.5697916299404153,1.3012440202834756
74,9010506A003    ,2023,49,,0.0,0.0,（株）青山製作所,0.336,0.305,2.175,2.3049999999999997,2.815,3.67,0.74,4.742668445630421,3,ＴＰ３３１フタアリ,1,1,1.79,2,1.8699999999999999,0.1299999999999999,0.5100000000000002,0.855,1.495,0.08,2.0202702702702706,0.3152233847123329,,
75,9010506A089    ,2023,49,4.0,0.0,0.0,（株）青山製作所,1.1173333333333333,0.33,1.21,1.65,5.19,5.85,0.74,3.235286680714206,3,ＴＰ３３１フタナシ,1,1,2.14,5,0.8799999999999999,0.43999999999999995,3.5400000000000005,0.6599999999999993,4.64,0.08,6.27027027027027,1.4341851149264138,11.401121870392046,0.3181086058738917
76,9010508A014    ,2023,49,24.0,0.0,0.0,（株）青山製作所,68.0,0.32,1.24,1.49,1.93,2.3,0.74,0.7838670244266215,3,ＴＰ３３１フタアリ,1,1,1.79,271,0.9199999999999999,0.25,0.43999999999999995,0.3699999999999999,1.0599999999999998,0.08,1.4324324324324322,1.3522701771711376,1.265022137887413,0.3302827040286064
77,9010508A042    ,2023,49,3.0,0.0,0.0,（株）青山製作所,6.0,0.32,1.255,1.45,1.885,2.785,0.74,1.2203202134756506,3,ＴＰ３３２フタナシ,1,2,3.64,26,0.9349999999999998,0.19500000000000006,0.43500000000000005,0.9000000000000001,1.5300000000000002,0.08,2.067567567567568,1.2537692837540864,2.1551724137931028,0.549936788874842
78,9010512A018    ,2023,49,33.0,0.0,0.0,（株）青山製作所,60.9,0.32,1.25,1.49,2.17,2.8,0.74,0.78870367063331,3,TP131ﾌﾀﾅｼ,1,1,0.73,249,0.9299999999999999,0.24,0.6799999999999999,0.6299999999999999,1.5499999999999998,0.08,2.0945945945945943,1.9652501411022814,3.132207636891711,0.49197038998162423
79,9011606048     ,2023,49,3.0,0.0,0.0,（株）杉浦製作所,0.2783333333333333,0.36,2.86,3.03,17.7,27.06,0.77,11.677107798582076,3,TP332ﾌﾀﾅｼ,1,4,6.88,1,2.5,0.16999999999999993,14.67,9.36,24.2,0.12,31.428571428571427,2.0724309835470174,54.71290920696678,0.0547481129405571
80,9011906908     ,2023,49,3.0,0.0,0.0,（株）青山製作所,0.31375,0.28,2.205,2.3449999999999998,7.33,10.595,0.74,5.440536644600258,3,ｻﾝﾎﾞｯｸｽ＃K-10Bﾌﾀﾅｼ,1,8,9.0,2,1.925,0.13999999999999968,4.985,3.2650000000000006,8.39,0.08,11.337837837837839,1.5421272841397162,76.49402390438247,0.03919061956776738
81,9011906A065    ,2023,49,3.0,0.0,0.0,（株）青山製作所,2.685,0.315,1.25,1.4849999999999999,2.75,4.18,0.74,1.8490163025396475,3,ﾃﾝﾊﾞｺ10ﾌﾀﾅｼ,1,8,9.0,12,0.935,0.23499999999999988,1.2650000000000001,1.4299999999999997,2.9299999999999997,0.08,3.959459459459459,1.584626374562305,8.938547486033517,0.31886323179612713
82,9014908A008    ,2023,49,1.0,0.0,0.0,（株）青山製作所,3.249375,0.31,1.2349999999999999,1.6,1.95,3.745,0.74,1.627213042031718,3,サンボックス＃２４Ｂフタナシ,1,2,3.52,14,0.9249999999999998,0.3650000000000002,0.34999999999999987,1.7950000000000002,2.5100000000000002,0.08,3.391891891891892,1.542514677037031,1.3617322596074466,0.31757237417232786
83,9015905A007    ,2023,49,3.0,0.0,0.0,（株）青山製作所,2.5995,0.305,1.21,1.4449999999999998,4.0200000000000005,6.574999999999999,0.74,1.8490163025396475,3,ＴＰ３３１フタナシ,1,1,2.28,12,0.905,0.23499999999999988,2.5750000000000006,2.554999999999999,5.364999999999999,0.08,7.249999999999999,2.901542832602992,3.5185002744430216,0.48015554931392335
84,9015906A021    ,2023,49,4.0,0.0,0.0,（株）青山製作所,5.866666666666666,0.32,1.24,1.49,3.09,3.45,0.74,1.214411433315543,3,サンボックス＃２４Ｂフタナシ,1,2,3.52,25,0.9199999999999999,0.25,1.5999999999999999,0.3600000000000003,2.21,0.08,2.9864864864864864,1.8198115888668278,3.016894609814964,0.6406600052228651
85,9015906A022    ,2023,49,2.0,0.0,0.0,（株）青山製作所,8.95,0.32,1.255,1.55,1.855,2.88,0.74,1.072704890761894,3,ＴＰ３３１フタナシ,1,1,2.28,36,0.9349999999999998,0.29500000000000015,0.30499999999999994,1.025,1.625,0.08,2.195945945945946,1.5148621153818325,0.6812917291184086,0.19843648462561694
86,9015906A023    ,2023,49,3.0,0.0,0.0,（株）青山製作所,2.065384615384616,0.31,1.21,1.43,2.84,5.46,0.74,2.181721193301541,3,ＴＰ３３１フタナシ,1,1,2.28,9,0.8999999999999999,0.21999999999999997,1.41,2.62,4.25,0.08,5.743243243243243,1.948003261392253,4.428396239269654,0.4547487075516744
87,9020150A002    ,2023,49,6.0,0.0,0.0,（株）ムロコーポレーション,3.48,0.1,0.86,1.01,2.845,4.275,0.93,1.730533689126084,3,TP341ﾌﾀﾅｼ,1,6,4.92,12,0.76,0.15000000000000002,1.8350000000000002,1.4300000000000002,3.4150000000000005,0.0,3.6720430107526885,1.9733796697853183,17.47437092264678,0.329157225594178
88,9020156A001    ,2023,49,5.0,0.0,0.0,（株）ムロコーポレーション,3.36,0.11,0.86,0.99,1.745,3.115,0.93,1.730533689126084,3,TP341ﾌﾀﾅｼ,1,6,4.92,16,0.75,0.13,0.7550000000000001,1.37,2.2550000000000003,0.0,2.424731182795699,1.303066224118856,15.082046332046334,0.3162546076708959
89,9020156A002    ,2023,49,5.0,0.0,0.0,（株）ムロコーポレーション,5.02,0.11,0.86,1.01,2.0,4.275,0.93,1.499313976658127,3,TP341ﾌﾀﾅｼ,1,6,4.92,18,0.75,0.15000000000000002,0.99,2.2750000000000004,3.4150000000000005,0.0,3.6720430107526885,2.27770837407373,10.094756110692368,0.44713029542430305
90,9025006027     ,2023,49,2.5,0.0,0.0,（株）水野鉄工所,0.0,0.15,1.94,6.72,16.72,38.12,0.83,7.484097815237884,3,TP341ﾌﾀﾅｼ,1,6,4.92,5,1.79,4.779999999999999,10.0,21.4,36.18,0.0,43.59036144578313,4.834250018263559,inf,0.0
91,9025006A007    ,2023,49,,0.0,0.0,（株）ギフ加藤製作所,3.6,0.15,2.03,4.35,4.45,5.6,0.9,1.700533689126084,3,ＴＰ３３１．５フタアリ,1,2,3.92,15,1.88,2.32,0.10000000000000053,1.1499999999999995,3.57,0.12,3.9666666666666663,2.0993409438625394,,
92,9030106A018    ,2023,49,7.0,0.0,0.0,ＮＯＫ（株）,2.33,0.33,1.94,2.145,8.21,8.57,0.8,2.0682174147388,3,ＴＰ３３１フタアリ,1,1,1.79,10,1.6099999999999999,0.20500000000000007,6.065000000000001,0.35999999999999943,6.630000000000001,0.03,8.2875,3.205659111441782,10.768071130801298,0.5297182882979826
93,9030111A014    ,2023,49,4.0,0.0,0.0,ＮＯＫ（株）,4.475,0.32,1.94,2.14,4.16,5.17,0.8,1.4654097815237883,3,サンボックス＃２４Ｂフタナシ,1,2,3.52,15,1.6199999999999999,0.20000000000000018,2.02,1.0099999999999998,3.23,0.03,4.0375,2.204161621359811,3.9551095070944777,0.6234064652358174
94,9030115A011    ,2023,49,3.0,0.0,0.0,ＮＯＫ（株）,1.07,0.33,1.835,2.09,5.13,6.904999999999999,0.8,3.646569883290635,3,ＴＰ３３２フタアリ,1,1,1.79,4,1.505,0.2549999999999999,3.04,1.7749999999999995,5.069999999999999,0.03,6.337499999999999,1.3903476862549178,10.049241282283187,0.2685106478530164
95,9030117A010    ,2023,49,3.0,0.0,0.0,ＮＯＫ（株）,1.255,0.15,3.95,4.11,7.74,11.04,0.8,3.1502683223001293,3,ＴＰ３３１フタアリ,1,1,1.79,5,3.8000000000000003,0.16000000000000014,3.63,3.299999999999999,7.089999999999999,0.03,8.862499999999999,2.250601940733519,8.567879021548217,0.3034708255246828
96,9030119A010    ,2023,49,1.0,0.0,0.0,ＮＯＫ（株）,1.07,0.155,1.9449999999999998,2.11,6.38,7.5649999999999995,0.8,3.646569883290635,3,ＴＰ３３１フタアリ,1,1,1.79,4,1.7899999999999998,0.16500000000000004,4.27,1.1849999999999996,5.619999999999999,0.03,7.024999999999999,1.5411743583338535,3.3497470940943956,0.22355125459539343
97,9030119A011    ,2023,49,4.0,0.0,0.0,ＮＯＫ（株）,3.6,0.32,1.95,2.14,4.37,4.45,0.8,1.6005336891260842,3,ＴＰ３３１フタアリ,1,1,1.79,13,1.63,0.19000000000000017,2.23,0.08000000000000007,2.5,0.03,3.125,1.5619789929976657,3.98247710075667,0.5152994267268226
98,9031150A014    ,2023,49,6.0,0.0,0.0,ＮＯＫ（株）,9.976190476190476,0.32,1.94,2.14,2.935,4.05,0.8,1.0794721082399912,3,ＴＰ１３１フタナシ,1,1,1.21,36,1.6199999999999999,0.20000000000000018,0.7949999999999999,1.1149999999999998,2.11,0.03,2.6374999999999997,1.9546591189282483,2.721411678311861,0.4546690529411814
99,9031150A015    ,2023,49,5.0,0.0,0.0,ＮＯＫ（株）,9.976190476190476,0.32,1.94,2.14,2.58,3.17,0.8,1.0794721082399912,3,ＴＰ３３２フタナシ,1,2,6.2,35,1.6199999999999999,0.20000000000000018,0.43999999999999995,0.5899999999999999,1.23,0.03,1.5374999999999999,1.1394458371003533,1.392203659506762,0.7268383769671783
100,9033114006     ,2023,49,1.0,0.0,0.0,ナミコー（株）,0.1175,0.08,5.31,5.7,13.37,26.48,0.94,27.169508196721317,3,ﾃﾝﾊﾞｺ10ﾌﾀﾅｼ,1,8,9.0,1,5.2299999999999995,0.39000000000000057,7.669999999999999,13.110000000000001,21.17,0.0,22.521276595744684,0.7791823041741585,68.08510638297872,0.014683065542139101
101,9033904A002    ,2023,49,2.0,0.0,0.0,サトープレス工業（株）,0.8665,0.12,2.945,3.12,7.0600000000000005,8.49,0.82,4.147048907618942,3,ｻﾝﾎﾞｯｸｽ＃24Aﾌﾀｱﾘ,1,4,4.0,4,2.8249999999999997,0.17500000000000027,3.9400000000000004,1.4299999999999997,5.545,0.0,6.76219512195122,1.3370953956710634,18.465089440276973,0.10680885380129361
102,9033904A003    ,2023,49,3.0,0.0,0.0,サトープレス工業（株）,0.0,0.12,1.94,2.15,10.68,23.98,0.82,8.825336891260841,3,ｻﾝﾎﾞｯｸｽ＃24Aﾌﾀｱﾘ,1,4,4.0,3,1.8199999999999998,0.20999999999999996,8.53,13.3,22.04,0.0,26.878048780487806,2.49735508927991,inf,0.0
103,9034108A006    ,2023,49,3.0,0.0,0.0,（株）杉浦製作所,3.94,0.265,0.91,1.085,1.5150000000000001,1.935,0.77,1.5234754053069786,3,ＴＰ３３１フタナシ,1,6,5.76,14,0.645,0.17499999999999993,0.43000000000000016,0.41999999999999993,1.025,0.12,1.331168831168831,0.6728037724990142,6.758177394647523,0.39412262992182845
104,9034108A010    ,2023,49,2.0,0.0,0.0,（株）杉浦製作所,0.672,0.14,0.91,1.08,4.0,4.43,0.77,4.772668445630421,3,ＴＰ３３１フタナシ,1,6,5.76,3,0.77,0.17000000000000004,2.92,0.4299999999999997,3.5199999999999996,0.12,4.571428571428571,0.7375329001164345,26.415891800507186,0.07529697559991004
105,9034114A004    ,2023,49,2.0,0.0,0.0,（株）青山製作所,0.696,0.31,1.2149999999999999,1.4100000000000001,4.845,5.865,0.74,4.742668445630421,3,ＴＰ３３１．５フタナシ,1,1,3.05,4,0.9049999999999998,0.19500000000000028,3.4349999999999996,1.0200000000000005,4.65,0.08,6.283783783783784,0.9804606949246476,7.0952178231871725,0.25555781307759573
106,9034118060     ,2023,49,6.0,0.0,0.0,住友商事（株）鉄鋼部輸送機材,1.7833333333333334,0.23,4.93,5.18,10.97,12.27,0.94,2.6479419299743805,3,ＴＰ３４２フタナシ,1,1,2.12,7,4.699999999999999,0.25,5.790000000000001,1.299999999999999,7.34,0.0,7.808510638297872,2.771964111792669,10.783608914450033,0.4740793588738429
107,9034118090     ,2023,49,5.0,0.0,0.0,（株）杉浦製作所,2.793333333333333,0.14,0.91,1.08,5.16,5.31,0.77,1.7681146722856824,3,ＴＰ３３１フタナシ,1,4,6.88,9,0.77,0.17000000000000004,4.08,0.14999999999999947,4.3999999999999995,0.12,5.7142857142857135,2.48852637725811,9.086173267266759,0.5038203047594575
108,9034118A024    ,2023,49,7.0,0.0,0.0,（株）青山製作所,2.51,0.31,1.21,1.54,6.01,6.1,0.74,1.8786279533162535,3,ＴＰ３３２,1,1,3.25,9,0.8999999999999999,0.33000000000000007,4.47,0.08999999999999986,4.89,0.08,6.608108108108108,2.602963503959319,6.561987344738693,0.7610774266522108
109,9036324A003    ,2023,49,9.0,0.0,0.0,日本精工（株）,15.818181818181817,0.16,1.34,1.56,2.03,2.365,0.74,0.9161174116077384,3,Aﾊﾟﾚﾌﾀﾅｼ,1,24,19.68,70,1.1800000000000002,0.21999999999999997,0.46999999999999975,0.3350000000000004,1.0250000000000001,0.09,1.3851351351351353,1.118852220264189,6.603081438004403,1.1175846251258386
110,9036324A004    ,2023,49,17.0,0.0,0.0,日本精工（株）,29.83333333333333,0.16,1.34,1.56,2.28,2.45,0.74,0.8398114672285683,3,ＴＰ３３１フタナシ,1,1,2.28,117,1.1800000000000002,0.21999999999999997,0.7199999999999998,0.17000000000000037,1.11,0.09,1.5000000000000002,1.3217252244281343,1.737293909251942,0.5141808988408645
111,9036324A005    ,2023,49,16.0,0.0,0.0,日本精工（株）,22.818181818181817,0.16,1.33,1.55,2.495,2.715,0.74,0.8652490748647879,3,ＴＰ３３１フタナシ,1,1,2.28,90,1.1700000000000002,0.21999999999999997,0.9450000000000001,0.21999999999999975,1.3849999999999998,0.09,1.8716216216216213,1.600695152683559,2.137790302205811,0.6131000815941937
112,9036340A010    ,2023,49,13.0,0.0,0.0,日本精工（株）,20.95,0.16,1.33,1.55,2.27,2.7,0.76,0.8930819563047576,3,ＴＰ３３１フタナシ,1,1,2.28,87,1.1700000000000002,0.21999999999999997,0.72,0.43000000000000016,1.37,0.09,1.8026315789473686,1.5340137490500343,1.8918446941032656,0.5441756635211873
113,9036345A004    ,2023,49,11.0,0.0,0.0,岡谷鋼機（株）,9.311111111111112,0.14,2.43,2.76,5.93,6.1,0.87,1.1694344016857048,3,ＴＰ３３１．５フタアリ,1,2,3.92,33,2.29,0.3299999999999996,3.17,0.16999999999999993,3.6699999999999995,0.0,4.218390804597701,3.1382692305868582,4.802374992723673,1.108481423251977
114,9036628A005    ,2023,49,5.0,0.0,0.0,（株）ジェイテクト,5.6,0.07500000000000001,2.0149999999999997,2.28,3.755,4.609999999999999,0.81,1.2903202134756504,3,サンボックス＃９Ｆフタナシ,1,1,1.9,22,1.9399999999999997,0.2650000000000001,1.475,0.8549999999999995,2.5949999999999998,0.0,3.2037037037037033,2.0111286895289497,3.078817733990148,0.5581093564421766
115,9036628A006    ,2023,49,3.0,0.0,0.0,（株）ジェイテクト,4.2,0.08,2.02,2.29,3.1,5.1,0.81,1.4504269513008672,3,ＴＰ３３１．５フタアリ,1,2,3.92,17,1.94,0.27,0.81,1.9999999999999996,3.0799999999999996,0.0,3.8024691358024683,2.1235126644865443,2.903600464576074,0.5754180859050415
116,9036628A007    ,2023,49,7.0,0.0,0.0,（株）ジェイテクト,6.972222222222222,0.08,2.02,2.28,5.61,6.12,0.81,1.2199060631938514,3,ＴＰ３３１．５フタアリ,1,2,3.92,23,1.94,0.2599999999999998,3.3300000000000005,0.5099999999999998,4.1,0.0,5.061728395061728,3.360914519324331,4.0812360314838205,0.884289655863557
117,9036628A008    ,2023,49,4.0,0.0,0.0,（株）ジェイテクト,5.02,0.08,2.02,2.28,5.65,6.12,0.81,1.379313976658127,3,ＴＰ３３１．５フタアリ,1,2,3.92,17,1.94,0.2599999999999998,3.3700000000000006,0.46999999999999975,4.1,0.0,5.061728395061728,2.972492173198803,3.2390762154633506,0.6666581983894189
118,9036630A017    ,2023,49,9.0,0.0,0.0,（株）ジェイテクト,11.63888888888889,0.08,2.02,2.28,4.24,5.165,0.81,1.049547521348564,3,ＴＰ３３１．５フタアリ,1,2,3.92,42,1.94,0.2599999999999998,1.9600000000000004,0.9249999999999998,3.145,0.0,3.882716049382716,2.9965293957904717,3.143372722510041,0.9429255927410128
119,9036630A018    ,2023,49,12.0,0.0,0.0,（株）ジェイテクト,22.05263157894737,0.07500000000000001,2.01,2.28,3.145,3.59,0.54,0.6664278584895198,3,ＴＰ３３１．５フタアリ,1,2,3.92,76,1.9349999999999998,0.27,0.8650000000000002,0.44499999999999984,1.58,0.0,2.925925925925926,2.3708492672877166,2.2120030269515105,0.8367646264136075
120,9036652A003    ,2023,49,8.0,0.0,0.0,（株）ジェイテクト,8.366666666666667,0.08,2.02,2.28,5.375,5.82,0.81,1.151588385994876,3,ＴＰ３３１．５フタアリ,1,2,3.92,28,1.94,0.2599999999999998,3.095,0.4450000000000003,3.8000000000000003,0.0,4.691358024691358,3.2997901387457276,3.8868914585560193,0.9424450986827791
121,9036652A004    ,2023,49,6.0,0.0,0.0,（株）ジェイテクト,8.492063492063492,0.08,2.02,2.28,5.615,5.945,0.81,1.16866780529462,3,ＴＰ３３１．５フタアリ,1,2,3.92,26,1.94,0.2599999999999998,3.3350000000000004,0.33000000000000007,3.9250000000000003,0.0,4.845679012345679,3.3585249651080376,2.872122179165717,0.7954650959340299
122,9036658A001    ,2023,49,4.0,0.0,0.0,（株）ジェイテクト,7.466666666666667,0.07500000000000001,2.01,2.28,3.025,3.615,0.81,1.1702401601067378,3,サンボックス＃９Ｆフタナシ,1,1,1.9,30,1.9349999999999998,0.27,0.7450000000000001,0.5900000000000003,1.6050000000000004,0.0,1.9814814814814818,1.3715133480409765,1.8472906403940887,0.41291214938063175
123,9036658A002    ,2023,49,7.0,0.0,0.0,（株）ジェイテクト,9.333333333333334,0.08,2.01,2.28,3.6,3.81,0.81,1.0981921280853904,3,ｻﾝﾎﾞｯｸｽ＃24Aﾌﾀｱﾘ,1,4,4.0,37,1.9299999999999997,0.27,1.3200000000000003,0.20999999999999996,1.8000000000000003,0.0,2.2222222222222223,1.6390574599529824,6.0,0.7954545454545454
124,9036659A009    ,2023,49,17.0,0.0,0.0,（株）ジェイテクト,23.27777777777778,0.07,2.01,2.31,3.86,4.01,0.81,0.929773760674282,3,ｻﾝﾎﾞｯｸｽ＃24Aﾌﾀｱﾘ,1,4,4.0,83,1.9399999999999997,0.30000000000000027,1.5499999999999998,0.1499999999999999,2.0,0.0,2.4691358024691357,2.151060918894483,5.842482100238663,1.3254517880790593
125,9036659A010    ,2023,49,16.0,0.0,0.0,（株）ジェイテクト,23.27777777777778,0.07,2.01,2.31,3.64,3.81,0.81,0.929773760674282,3,ｻﾝﾎﾞｯｸｽ＃24Aﾌﾀｱﾘ,1,4,4.0,83,1.9399999999999997,0.30000000000000027,1.33,0.16999999999999993,1.8000000000000003,0.0,2.2222222222222223,1.9359548270050349,5.498806682577565,1.2818314791858534
126,9050827A011    ,2023,49,3.0,0.0,0.0,（株）東郷製作所,1.8,0.12,1.51,1.68,4.22,4.89,0.78,2.381067378252168,3,ﾃﾝﾊﾞｺ10ﾌﾀﾅｼ,1,8,9.0,7,1.3900000000000001,0.16999999999999993,2.54,0.6699999999999999,3.38,0.08,4.333333333333333,1.4195314382414084,13.333333333333332,0.21980705824887045
127,9052409A003    ,2023,49,2.0,0.0,0.0,（株）東郷製作所,0.696,0.1,2.475,2.635,5.61,8.295,0.78,4.782668445630421,3,ｻﾝﾎﾞｯｸｽ＃K-10Bﾌﾀﾅｼ,1,8,9.0,2,2.375,0.1599999999999997,2.9750000000000005,2.6849999999999996,5.82,0.08,7.461538461538462,1.2168938880380291,22.98850574712644,0.08654147729086978
128,9056439A005    ,2023,49,14.0,0.0,0.0,（株）ムロコーポレーション,3.15,0.11,0.86,1.01,8.68,8.94,0.93,1.8385402786190188,3,Aﾊﾟﾚﾌﾀﾅｼ,1,24,19.68,13,0.75,0.15000000000000002,7.67,0.2599999999999998,8.08,0.0,8.688172043010752,4.394790853355208,51.57962604771116,0.26991398356335833
129,9056439A006    ,2023,49,4.0,0.0,0.0,（株）ムロコーポレーション,0.0,0.1,0.86,1.01,5.295,7.02,0.93,3.4941025641025645,3,Aﾊﾟﾚﾌﾀﾅｼ,1,24,19.68,6,0.76,0.15000000000000002,4.285,1.7249999999999996,6.159999999999999,0.0,6.623655913978493,1.76297057312688,inf,0.0
130,9056450A002    ,2023,49,9.0,0.0,0.0,（株）ムロコーポレーション,0.775,0.1,0.86,1.01,7.345000000000001,7.8,0.93,4.529280143971206,3,サンボックス＃２０Ｂフタナシ,1,2,1.82,10,0.76,0.15000000000000002,6.335000000000001,0.4549999999999992,6.9399999999999995,0.0,7.462365591397848,1.5322523181167396,82.36101578586135,0.10871237157752643
131,9056450A003    ,2023,49,13.0,0.0,0.0,（株）ムロコーポレーション,0.0,0.1,0.86,1.15,27.25,29.34,0.93,2.205510204081633,3,サンボックス＃２０Ｂフタナシ,1,2,1.82,3,0.76,0.2899999999999999,26.1,2.09,28.48,0.0,30.623655913978492,12.913111871934856,inf,0.0
132,9056451A084    ,2023,49,8.0,0.0,0.0,（株）ムロコーポレーション,0.81,0.1,0.855,1.165,12.024999999999999,14.105,0.93,4.482397868561279,3,ＴＰ３３１．５フタアリ,1,2,3.92,4,0.755,0.31000000000000005,10.86,2.080000000000002,13.25,0.0,14.247311827956988,2.9560071168454467,40.14854963364448,0.1970732181735713
133,9056451A085    ,2023,49,11.0,0.0,0.0,（株）ムロコーポレーション,0.0,0.1,0.86,0.99,7.97,13.77,0.93,5.182303330970942,3,ＴＰ３３１．５フタアリ,1,2,3.92,1,0.76,0.13,6.9799999999999995,5.8,12.91,0.0,13.881720430107526,2.491170272269882,inf,0.0
134,9056451A086    ,2023,49,11.0,0.0,0.0,（株）ムロコーポレーション,0.42,0.1,0.86,1.12,23.78,27.8,0.93,7.306195536663124,3,ＴＰ３３１．５フタアリ,1,2,3.92,1,0.76,0.2600000000000001,22.66,4.02,26.94,0.0,28.967741935483872,3.6872815495852445,106.4653503677894,0.10309630987453902
135,9056451A087    ,2023,49,6.0,0.0,0.0,（株）ムロコーポレーション,0.14,0.1,0.86,0.99,4.41,12.73,0.93,21.76333333333333,3,ｻﾝﾎﾞｯｸｽ＃24Aﾌﾀｱﾘ,1,4,4.0,1,0.76,0.13,3.42,8.32,11.870000000000001,0.0,12.763440860215054,0.5454127737785267,342.85714285714283,0.01749785651257721
136,9056455A040    ,2023,49,9.0,0.0,0.0,（株）ムロコーポレーション,0.245,0.1,0.865,1.0,32.795,33.68,0.93,6.818125613346417,3,TP341ﾌﾀﾅｼ,1,4,8.04,2,0.765,0.135,31.795,0.884999999999998,32.815,0.0,35.284946236559136,4.81290634126261,162.54289326350008,0.055344973648607465
137,9056455A041    ,2023,49,10.0,0.0,0.0,（株）ムロコーポレーション,0.435,0.10500000000000001,0.855,1.085,28.93,30.235,0.93,7.306195536663124,3,ｻﾝﾎﾞｯｸｽ＃K-10Bﾌﾀﾅｼ,1,8,9.0,4,0.75,0.22999999999999998,27.845,1.3049999999999997,29.38,0.0,31.591397849462364,4.021244689191332,183.90804597701148,0.05435250188587954
138,9056455A042    ,2023,49,11.0,0.0,0.0,（株）ムロコーポレーション,0.485,0.095,0.86,0.985,39.385000000000005,41.86,0.93,6.7103468208092485,3,ＴＰ１３１フタナシ,1,1,0.73,4,0.765,0.125,38.400000000000006,2.4749999999999943,41.0,0.0,44.086021505376344,6.109967352634617,131.10064954412726,0.08358033885066395
139,9056455A043    ,2023,49,9.0,0.0,0.0,（株）ムロコーポレーション,0.0,0.1,0.86,1.12,29.74,31.69,0.93,7.046207951070336,3,ｻﾝﾎﾞｯｸｽ＃K-10Bﾌﾀﾅｼ,1,8,9.0,1,0.76,0.2600000000000001,28.619999999999997,1.9500000000000028,30.830000000000002,0.0,33.1505376344086,4.375403084054147,inf,0.0
140,9056455A044    ,2023,49,5.0,0.0,0.0,（株）ムロコーポレーション,0.43,0.11,0.97,1.14,27.75,33.18,0.93,7.641409395973153,3,ＴＰ３３２フタナシ,1,1,1.9,1,0.86,0.16999999999999993,26.61,5.43,32.21,0.0,34.634408602150536,4.2151909851831695,40.0962309542903,0.12331146237594724
141,9056455A045    ,2023,49,3.0,0.0,0.0,（株）ムロコーポレーション,0.45,0.1,0.86,1.14,17.38,29.82,0.93,7.306195536663124,3,ＴＰ３３１フタアリ,1,1,1.79,1,0.76,0.2799999999999999,16.24,12.440000000000001,28.96,0.0,31.13978494623656,3.963759230734546,23.89486260454002,0.12311549873850744
142,9056457A129    ,2023,49,1.0,0.0,0.0,（株）ムロコーポレーション,0.0,0.09,0.85,1.19,13.11,13.69,0.93,0.0,3,ｻﾝﾎﾞｯｸｽ＃24Aﾌﾀｱﾘ,1,4,4.0,1,0.76,0.33999999999999997,11.92,0.5800000000000001,12.84,0.0,13.806451612903224,inf,inf,0.0
143,9056457A131    ,2023,49,8.0,0.0,0.0,（株）ムロコーポレーション,0.0,0.1,0.86,1.15,13.68,14.34,0.93,0.0,3,ｻﾝﾎﾞｯｸｽ＃24Aﾌﾀｱﾘ,1,4,4.0,5,0.76,0.2899999999999999,12.53,0.6600000000000001,13.48,0.0,14.494623655913978,inf,inf,0.0
144,9056457A132    ,2023,49,2.0,0.0,0.0,（株）ムロコーポレーション,0.2,0.10500000000000001,0.86,1.08,3.385,5.085,0.93,16.236122448979593,3,ｻﾝﾎﾞｯｸｽ＃24Aﾌﾀｱﾘ,1,4,4.0,4,0.755,0.22000000000000008,2.3049999999999997,1.7000000000000002,4.225,0.0,4.543010752688171,0.2602222306019583,80.0,0.02498126405196103
145,9056457A133    ,2023,49,2.0,0.0,0.0,（株）ムロコーポレーション,0.29,0.11,0.86,1.01,4.03,5.7,0.93,10.963444816053512,3,ｻﾝﾎﾞｯｸｽ＃24Aﾌﾀｱﾘ,1,4,4.0,3,0.75,0.15000000000000002,3.0200000000000005,1.67,4.84,0.0,5.204301075268817,0.4414670827651636,55.17241379310345,0.03619292827622443
146,9056457A134    ,2023,49,7.0,0.0,0.0,（株）ムロコーポレーション,0.0,0.1,0.86,1.16,19.76,20.9,0.93,3.418593944421402,3,ｻﾝﾎﾞｯｸｽ＃24Aﾌﾀｱﾘ,1,4,4.0,3,0.76,0.29999999999999993,18.6,1.139999999999997,20.04,0.0,21.548387096774192,5.862059175732781,inf,0.0
147,9056457A135    ,2023,49,9.0,0.0,0.0,（株）ムロコーポレーション,1.9,2.1,2.86,2.99,32.35,39.89,0.93,2.53,3,ｻﾝﾎﾞｯｸｽ＃24Aﾌﾀｱﾘ,1,4,4.0,1,0.7599999999999998,0.13000000000000034,29.36,7.539999999999999,37.03,0.0,39.817204301075265,14.636363636363638,37.89473684210526,0.23398054267066215
148,9056463A030    ,2023,49,5.0,0.0,0.0,（株）ムロコーポレーション,0.0,0.1,0.86,1.11,26.42,29.98,0.93,2.7437847642079807,3,ＴＰ３３１フタナシ,1,1,2.28,1,0.76,0.2500000000000001,25.310000000000002,3.5599999999999987,29.12,0.0,31.311827956989248,10.613077373948377,inf,0.0
149,9056463A031    ,2023,49,6.0,0.0,0.0,（株）ムロコーポレーション,0.98,0.1,0.86,1.22,12.44,14.03,0.93,3.852552362396493,3,Aﾊﾟﾚﾌﾀﾅｼ,1,24,19.68,3,0.76,0.36,11.219999999999999,1.5899999999999999,13.17,0.0,14.161290322580644,3.418512913295631,71.05356649429596,0.08433670606882966
150,9056463A032    ,2023,49,6.0,0.0,0.0,（株）ムロコーポレーション,0.41,0.1,0.86,1.01,8.34,10.5,0.93,8.42063670411985,3,ＴＰ３３１フタナシ,1,1,2.28,5,0.76,0.15000000000000002,7.33,2.16,9.64,0.0,10.365591397849462,1.1448065435816235,44.6162998215348,0.1331948112578616
151,9056463A033    ,2023,49,3.0,0.0,0.0,（株）ムロコーポレーション,0.13,0.10500000000000001,0.86,1.075,6.475,7.71,0.93,22.988823529411764,3,ＴＰ３３１フタナシ,1,1,2.28,4,0.755,0.21499999999999997,5.3999999999999995,1.2350000000000003,6.85,0.0,7.365591397849461,0.29797088099076274,70.35647279549718,0.042557433472171974
152,9056463A034    ,2023,49,3.0,0.0,0.0,（株）ムロコーポレーション,0.06,1.1,1.8599999999999999,2.005,6.48,9.24,0.93,52.21205128205128,3,ＴＰ３３１．５フタナシ,1,1,3.05,2,0.7599999999999998,0.14500000000000002,4.4750000000000005,2.76,7.380000000000001,0.0,7.935483870967742,0.14134667799456851,123.45679012345678,0.024287606034640523
153,9056463A035    ,2023,49,3.0,0.0,0.0,（株）ムロコーポレーション,0.0,2.1,2.86,3.02,13.34,19.8,0.93,0.0,3,ＴＰ３３１フタナシ,1,1,2.28,1,0.7599999999999998,0.16000000000000014,10.32,6.460000000000001,16.94,0.0,18.21505376344086,inf,inf,0.0
154,9093003179     ,2023,49,2.0,0.0,0.0,（株）青山製作所,1.79,0.305,1.25,1.4449999999999998,1.98,3.6849999999999996,0.74,2.403524453809471,3,ＴＰ３３１．５フタナシ,1,1,3.05,8,0.9450000000000001,0.19499999999999984,0.5350000000000001,1.7049999999999996,2.4349999999999996,0.08,3.29054054054054,1.0130955797602315,2.7588109524794815,0.4311914445776579
155,9094906A012    ,2023,49,3.0,0.0,0.0,中庸スプリング（株）,6.09,0.15,1.33,1.62,2.67,4.08,0.81,1.2970367063331008,3,ＴＰ３３２フタナシ,1,1,1.9,19,1.1800000000000002,0.29000000000000004,1.0499999999999998,1.4100000000000001,2.75,0.1,3.3950617283950617,2.120217559435634,1.6986580601324954,0.37068348075125646
156,9155180614     ,2023,49,3.0,0.0,0.0,（株）青山製作所,2.6826666666666665,0.32,1.25,1.54,3.9,4.36,0.74,1.7729867089043454,3,ＴＰ３３２フタナシ,1,2,6.2,11,0.9299999999999999,0.29000000000000004,2.36,0.4600000000000004,3.1100000000000003,0.08,4.2027027027027035,1.7541022639261017,3.1063618290258446,0.654760430867365
157,9155180640     ,2023,49,4.0,0.0,0.0,（株）青山製作所,1.79,0.25,1.1549999999999998,1.2650000000000001,4.63,6.15,0.74,2.403524453809471,3,Aﾊﾟﾚﾌﾀﾅｼ,1,24,19.68,8,0.9049999999999998,0.11000000000000032,3.3649999999999998,1.5200000000000005,4.995000000000001,0.08,6.750000000000002,2.0781981194670873,25.93389019158661,0.15326860517275623
158,9161140614     ,2023,49,7.0,0.0,0.0,（株）青山製作所,5.3632,0.32,1.23,1.51,4.135,4.87,0.74,1.2598513918154597,3,TP341ﾌﾀﾅｼ,1,6,4.92,24,0.9099999999999999,0.28,2.625,0.7350000000000003,3.64,0.08,4.918918918918919,2.8892296533123005,13.228286460685027,0.48643833793269503
159,9167180618     ,2023,49,6.0,0.0,0.0,（株）青山製作所,2.685,0.32,1.1949999999999998,1.455,4.44,5.4,0.74,1.8490163025396475,3,ＴＰ３４１フタナシ,1,6,4.92,12,0.8749999999999998,0.26000000000000023,2.9850000000000003,0.96,4.205,0.08,5.6824324324324325,2.2741822201482913,22.64834667069304,0.2582856233900036
160,G1144ECB010    ,2023,49,50.0,0.0,0.0,住友電気工業（株）,56.0,1.14,4.32,4.8,5.25,5.41,0.87,0.918032021347565,3,TP341ﾌﾀﾅｼ,1,4,8.04,275,3.1800000000000006,0.47999999999999954,0.4500000000000002,0.16000000000000014,1.0899999999999999,0.0,1.2528735632183907,1.187322418666841,3.9506953223767387,2.4095578111101634
161,G1144ECE010    ,2023,49,47.0,0.0,0.0,矢崎総業（株）,62.75,0.14,1.98,2.25,4.6,5.18,0.82,0.8655451181326501,3,サンボックス＃９Ｆフタナシ,1,1,1.9,216,1.8399999999999999,0.27,2.3499999999999996,0.5800000000000001,3.1999999999999997,0.0,3.902439024390244,3.6970920786934416,2.5827723588405,0.6864292835536183
162,G1163ECB010    ,2023,49,6.0,0.0,0.0,（株）青山製作所,6.3,0.32,1.2149999999999999,1.5150000000000001,2.775,4.135,0.74,1.132638036809816,3,TP341ﾌﾀﾅｼ,1,6,4.92,22,0.8949999999999998,0.30000000000000027,1.2599999999999998,1.3599999999999999,2.92,0.08,3.945945945945946,2.5780522153612826,9.652509652509652,0.5445876780905088
163,G1163ECE010    ,2023,49,18.0,0.0,0.0,（株）青山製作所,21.81,0.32,1.25,1.48,3.37,3.56,0.74,0.8832767390214199,3,TP341ﾌﾀﾅｼ,1,6,4.92,89,0.9299999999999999,0.22999999999999998,1.8900000000000001,0.18999999999999995,2.31,0.08,3.121621621621622,2.615261896921732,8.364623220194058,1.3750825486678004
164,G117362010     ,2023,49,47.0,0.0,0.0,多摩川精機販売（株）,46.55555555555556,0.09,3.12,3.59,7.045,7.23,0.95,1.0098868803371408,3,ＴＰ３４２フタアリ,1,4,8.04,166,3.0300000000000002,0.46999999999999975,3.455,0.1850000000000005,4.11,0.0,4.326315789473685,4.06976274276176,4.467020085749889,2.5496798676932353
165,G1174ECB010    ,2023,49,8.0,0.0,0.0,住友電装（株）,7.2,1.15,4.32,4.77,5.87,6.08,0.87,1.270266844563042,3,TP332ﾌﾀﾅｼ,1,4,6.88,33,3.1700000000000004,0.4499999999999993,1.1000000000000005,0.20999999999999996,1.7599999999999998,0.0,2.022988505747126,1.3855356514523691,5.640157924421883,1.0256202601940176
166,G1174ECE010    ,2023,49,14.0,0.0,0.0,住友電装（株）,10.37,1.1,4.32,4.77,6.87,7.025,0.87,1.1546569883290634,3,ＴＰ３４２フタアリ,1,4,8.04,42,3.22,0.4499999999999993,2.1000000000000005,0.15500000000000025,2.705,0.0,3.109195402298851,2.342687072733593,5.973664672600508,1.5410585315519925
167,G1250ECB010    ,2023,49,2.0,0.0,0.0,（株）バルカー,2.8,0.235,5.045,5.4399999999999995,7.995,8.815,1.14,2.023435582822086,3,TP131ﾌﾀﾅｼ,1,2,2.34,8,4.81,0.3949999999999996,2.5550000000000006,0.8199999999999994,3.7699999999999996,0.24,3.307017543859649,1.8631677884906919,4.277159965782721,0.34381038372062245
168,G1250ECC010    ,2023,49,4.0,0.0,0.0,（株）バルカー,3.1,0.375,5.23,5.43,6.545,7.105,1.14,2.1926315789473683,3,Aﾊﾟﾚﾌﾀﾅｼ,1,24,19.68,16,4.855,0.1999999999999993,1.1150000000000002,0.5600000000000005,1.875,0.24,1.6447368421052633,0.8551368218915028,14.974730142883883,0.26214214893283755
169,G1250ECE010    ,2023,49,10.0,0.0,0.0,（株）バルカー,8.916666666666666,0.37,5.05,5.415,6.0649999999999995,6.470000000000001,1.14,1.481588385994876,3,AW131ﾌﾀﾅｼ,1,2,2.34,32,4.68,0.3650000000000002,0.6499999999999995,0.40500000000000114,1.4200000000000008,0.24,1.24561403508772,0.9584308391068286,6.715540880855112,0.8606068577115588
170,G9201ECB030    ,2023,49,26.0,0.0,0.0,佐藤工業（株）,45.0,1.62,5.02,5.13,5.72,6.0,0.74,0.8040426951300867,3,ｻﾝﾎﾞｯｸｽ＃24Aﾌﾀｱﾘ,1,4,4.0,147,3.3999999999999995,0.11000000000000032,0.5899999999999999,0.28000000000000025,0.9800000000000004,0.05,1.324324324324325,1.2188407480543622,4.622222222222222,1.434702636419375
171,G9201ECE010    ,2023,49,57.0,0.0,0.0,佐藤工業（株）,62.75,1.62,5.02,5.12,6.35,6.65,0.74,0.7855451181326502,3,ｻﾝﾎﾞｯｸｽ＃24Aﾌﾀｱﾘ,1,4,4.0,189,3.3999999999999995,0.10000000000000053,1.2299999999999995,0.3000000000000007,1.6300000000000008,0.05,2.202702702702704,2.074992209072265,7.266932270916334,2.184583319018335
