,品番,年,週番号,在庫数（箱）,入庫数（箱）,出庫数（箱）,仕入先名,日量数（箱数）,発注〜印刷LT,発注〜検収LT,発注〜順立装置入庫LT,発注〜順立装置出庫LT,発注〜回収LT,基準在庫日数,基準在庫日数（基準在庫枚数込み）,基準在庫枚数,箱種類,納入回数（間隔）,納入回数（回数）,納入回数（遅れ）,収容数,納入かんばん数,合計日量数（箱数）,印刷検収LT,検収入庫LT,入庫出庫LT,出庫回収LT,社内LT（検収〜回収LT）,不等ピッチ係数,社内LT/設計値LT,社内LT/設計値LT（基準在庫枚数込み）,順立装置在庫量/設計値MIN,順立装置在庫量/設計値MAX,時間稼働率,加工数,使用工程,回収かんばん数,先週からの順立装置在庫量増加率,先週からの社内LT増加率,先週からの回収かんばん増加率,納入数/日量数（箱数）,入庫数/納入数（箱数）,出庫数/入庫数（箱数）,回収数/出庫数（箱数）,回収数/納入数（箱数）,出庫数/納入数（箱数）,便Ave,年＆週番号
0,019128GA010    ,2023,50,26.0,78.0,80.0,石黒ゴム工業（株）,15.94,0.11,3.6,4.0,4.6850000000000005,5.015000000000001,1.07,1.140323488045007,1.0,"箱種類    TP-342 ﾊﾝﾖｳ
箱種類       Aﾊﾟﾚﾌﾀﾅｼ
Name: 33, dtype: object",1.0,24.0,19.68,50.0,50.0,77.76,3.49,0.3999999999999999,0.6850000000000005,0.33,1.4150000000000005,0.29,1.3224299065420564,1.240875957423191,18.929787476732137,1.27507520330612,100.0,390.0,8.ファイナル後半,86,0.0,0.0,0.5087719298245614,0.6430041152263374,1.56,1.0256410256410255,1.075,1.72,1.6,0.6641666666666667,2023-50
1,01912ECB010    ,2023,50,7.0,26.0,27.0,石黒ゴム工業（株）,5.3133333333333335,0.13,3.6,4.0,5.21,5.59,0.85,1.0609828283420266,1.0,"箱種類    TP-332 ﾊﾝﾖｳ
箱種類      ＴＰ３４１フタナシ
Name: 34, dtype: object",1.0,6.0,4.92,300.0,17.0,25.91333333333333,3.47,0.3999999999999999,1.21,0.3799999999999999,1.99,0.29,2.341176470588235,1.8756194227099103,13.352436501746414,0.4826368389675257,100.0,390.0,8.ファイナル後半,29,0.0,0.0,0.5263157894736843,0.656032930280422,1.5294117647058822,1.0384615384615385,1.0740740740740742,1.7058823529411764,1.588235294117647,0.8855555555555555,2023-50
2,01912ECB040    ,2023,50,30.0,105.0,98.0,愛産樹脂工業（株）,19.925,0.26,4.41,4.41,5.83,6.05,0.25,0.3062587904360056,1.0,"箱種類    TP-342 ﾊﾝﾖｳ
箱種類    ＴＰ３３１．５フタナシ
Name: 32, dtype: object",1.0,1.0,3.05,40.0,65.0,78.5,4.15,0.0,1.42,0.2199999999999997,1.6399999999999997,0.0,6.559999999999999,5.354948335246842,3.717644871973605,1.2175870775001592,100.0,390.0,8.ファイナル後半,107,0.0,0.0,0.4078947368421053,0.8280254777070064,1.6153846153846154,0.9333333333333333,1.0918367346938775,1.646153846153846,1.5076923076923077,19.925,2023-50
3,01912ECB060    ,2023,50,1.0,4.0,1.0,新光ゴム工業（株）,0.8887499999999999,0.12,5.4,5.42,6.105,7.895,0.78,2.173121462777536,1.0,"箱種類    TP-331 ﾊﾝﾖｳ
箱種類      ＴＰ３３１フタナシ
Name: 88, dtype: object",1.0,6.0,5.76,400.0,2.0,1.7775,5.28,0.0199999999999995,0.6850000000000005,1.7899999999999991,2.494999999999999,0.0,3.198717948717948,1.1481180609256236,9.986767533018751,0.0982382923784074,100.0,390.0,8.ファイナル後半,4,0.0,0.0,1.0,1.1251758087201125,2.0,0.25,4.0,2.0,0.5,0.14812499999999998,2023-50
4,1040043104R    ,2023,50,1.0,8.0,3.0,（株）ギフ加藤製作所,1.494,0.24,3.98,4.38,4.74,6.18,0.75,2.7486675549633577,3.0,"箱種類      AW-131 ｾﾝﾖｳ
箱種類    サンボックス＃９Ｆフタナシ
Name: 50, dtype: object",1.0,1.0,1.9,1000.0,5.0,5.98,3.74,0.3999999999999999,0.3600000000000003,1.4399999999999995,2.2,0.12,2.933333333333333,0.8003878082772828,2.3080829063379955,0.2579458339968277,100.0,390.0,2.MGケース,8,0.0,0.0,1.6666666666666665,0.8361204013377925,1.6,0.375,2.6666666666666665,1.6,0.6,1.494,2023-50
5,1040052001Z    ,2023,50,2.0,9.0,10.0,（株）青山製作所,1.96,0.32,1.205,1.4449999999999998,2.95,3.375,1.07,2.5480145338095825,3.0,"箱種類    TP-131 ﾊﾝﾖｳ
箱種類      ＴＰ１３１フタナシ
Name: 2, dtype: object",1.0,1.0,0.73,200.0,4.0,3.915,0.885,0.2399999999999997,1.5050000000000003,0.4249999999999998,2.17,0.08,2.02803738317757,0.8516434938679858,5.898313082458416,0.2513727123696873,100.0,390.0,2.MGケース,9,0.0,0.0,0.8,1.0217113665389528,2.25,1.1111111111111112,0.9,2.25,2.5,1.96,2023-50
6,1040183011P    ,2023,50,1.0,8.0,2.0,（株）青山製作所,2.136,0.3,1.18,1.57,1.76,2.36,1.04,1.5237227301310887,1.0,"箱種類    TP-331 ﾊﾝﾖｳ
箱種類      ＴＰ１３１フタナシ
Name: 3, dtype: object",1.0,1.0,0.73,500.0,9.0,10.662,0.8799999999999999,0.3900000000000001,0.1899999999999999,0.5999999999999999,1.18,0.08,1.1346153846153846,0.774419109635834,2.706154878656015,0.2020628646894371,100.0,390.0,8.ファイナル後半,11,0.0,0.0,0.5714285714285714,0.8441193021947101,0.8888888888888888,0.25,5.5,1.2222222222222223,0.2222222222222222,2.136,2023-50
7,2030044001J    ,2023,50,2.0,4.0,4.0,ＮＯＫ（株）,0.8887499999999999,0.235,2.9,3.125,3.53,4.535,0.58,1.7409345523146134,1.0,"箱種類    TP-131 ﾊﾝﾖｳ
箱種類     テンバコ１０フタナシ
Name: 116, dtype: object",1.0,8.0,9.0,400.0,2.0,1.7775,2.665,0.2250000000000001,0.4050000000000002,1.005,1.6350000000000002,0.03,2.81896551724138,0.9391507554527132,18.002812939521803,0.1101422012450943,100.0,390.0,4.TA・カバー・メイン,4,0.0,0.0,1.0,1.1251758087201125,2.0,1.0,1.0,2.0,2.0,0.11109374999999999,2023-50
8,2030045013L    ,2023,50,2.0,3.0,4.0,伊藤金属工業（株）,0.9425,0.1,4.13,4.47,7.58,8.57,0.53,3.676385589554,3.0,"箱種類    TP-331 ﾊﾝﾖｳ
箱種類      ＴＰ３４１フタナシ
Name: 43, dtype: object",1.0,6.0,4.92,2000.0,1.0,0.9425,4.03,0.3399999999999998,3.1100000000000003,0.9900000000000002,4.44,0.0,8.377358490566039,1.2077079217739612,21.5069180586422,0.0921186659730009,100.0,390.0,3.ギヤサブ・共通部品,3,0.0,0.0,2.0,1.0610079575596818,3.0,1.3333333333333333,0.75,3.0,4.0,0.15708333333333332,2023-50
9,2030052002N    ,2023,50,3.0,12.0,12.0,（株）杉浦製作所,2.49,0.13,0.91,1.13,2.17,2.38,0.54,1.7392005329780147,3.0,"箱種類    TP-331 ﾊﾝﾖｳ
箱種類      ＴＰ３３１フタナシ
Name: 89, dtype: object",1.0,6.0,5.76,300.0,9.0,9.966666666666669,0.78,0.2199999999999998,1.04,0.2099999999999999,1.4699999999999998,0.12,2.722222222222221,0.8452159323358384,10.69366222285592,0.2670663825984772,100.0,390.0,2.MGケース,13,0.0,0.0,0.625,0.9030100334448159,1.3333333333333333,1.0,1.0833333333333333,1.4444444444444444,1.3333333333333333,0.41500000000000004,2023-50
10,3040052001B    ,2023,50,2.0,27.0,23.0,（株）青山製作所,6.758,0.31,1.26,1.56,1.82,2.68,1.02,1.4601473026306138,3.0,"箱種類    TP-331 ﾊﾝﾖｳ
箱種類      ＴＰ３３２フタナシ
Name: 4, dtype: object",1.0,1.0,1.9,500.0,23.0,33.826,0.95,0.3,0.26,0.8600000000000001,1.4200000000000002,0.08,1.3921568627450982,0.9725046215828472,1.0205018828259738,0.2464146094381958,100.0,390.0,3.ギヤサブ・共通部品,34,0.0,0.0,0.3076923076923077,0.6799503340625555,1.173913043478261,0.8518518518518519,1.4782608695652173,1.4782608695652173,1.0,6.758,2023-50
11,33490ECB010    ,2023,50,33.0,398.0,411.0,マレリ（株）,89.0,0.32,4.09,4.41,4.56,4.73,0.82,0.8548280365694384,3.0,"箱種類      TP-332 ﾊﾝﾖｳ
箱種類    サンボックス＃９Ｆフタナシ
Name: 53, dtype: object",1.0,1.0,1.9,4.0,401.0,444.25,3.77,0.3200000000000003,0.1499999999999994,0.1700000000000008,0.6400000000000006,0.23,0.7804878048780495,0.7486885930513263,1.2785741960480437,0.3483637358639429,100.0,390.0,7.ファイナル前半,450,0.0,0.0,0.0948905109489051,0.9026449071468767,0.9925187032418953,1.0326633165829147,1.094890510948905,1.1221945137157108,1.0249376558603491,89.0,2023-50
12,33490ECE010    ,2023,50,65.0,453.0,456.0,マレリ（株）,97.75,0.32,4.09,4.26,5.0,5.165,0.81,0.8395602906761918,3.0,"箱種類    TP-332 ﾊﾝﾖｳ
箱種類      ＴＰ１３１フタナシ
Name: 54, dtype: object",1.0,1.0,1.74,4.0,422.0,490.25,3.77,0.1699999999999999,0.7400000000000002,0.165,1.0750000000000002,0.23,1.3271604938271606,1.2804321642394287,2.4268672876957824,0.6186683618625115,100.0,390.0,7.ファイナル前半,504,0.0,0.0,-0.06493506493506496,0.8607853136155023,1.0734597156398105,1.0066225165562914,1.105263157894737,1.1943127962085307,1.080568720379147,97.75,2023-50
13,34989ECB020    ,2023,50,6.0,7.0,8.0,（株）槌屋,1.594,0.26,4.5,4.84,6.18,7.31,0.81,1.5132348804500704,1.0,"箱種類    TP-131 ﾊﾝﾖｳ
箱種類      ＴＰ３３１フタアリ
Name: 106, dtype: object",1.0,1.0,1.9,500.0,1.0,1.594,4.24,0.3399999999999998,1.34,1.13,2.81,0.0,3.469135802469135,1.8569490013105183,12.979708389218189,0.4094610510149115,100.0,390.0,8.ファイナル後半,6,0.0,0.0,0.0,0.6273525721455457,7.0,1.1428571428571428,0.75,6.0,8.0,1.594,2023-50
155,34989ECB030    ,2023,50,,,,（株）槌屋,,,,,,,,,,,,,,,,,,,,,,,,,,,,,,2,0.0,0.0,0.0,,,,,,,,2023-50
156,34989ECC010    ,2023,50,,,,（株）槌屋,,,,,,,,,,,,,,,,,,,,,,,,,,,,,,2,0.0,0.0,0.0,,,,,,,,2023-50
158,34989ECE020    ,2023,50,,,,（株）槌屋,,,,,,,,,,,,,,,,,,,,,,,,,,,,,,1,0.0,0.0,0.0,,,,,,,,2023-50
14,35141ECB010    ,2023,50,12.0,95.0,104.0,（株）アイシン福井,22.1875,0.26,1.0,0.98,1.5,1.67,0.62,0.7593121462777536,3.0,"箱種類          Aﾊﾟﾚ ﾊﾝﾖｳ
箱種類    ｻﾝﾎﾞｯｸｽ＃24Aﾌﾀｱﾘ
Name: 84, dtype: object",1.0,4.0,4.0,16.0,89.0,111.0625,0.74,-0.02,0.52,0.1699999999999999,0.6699999999999999,,1.0806451612903225,0.8823775614342885,4.326760563380281,1.0925966000625165,100.0,390.0,,114,0.0,0.0,0.19999999999999996,0.8013505908835116,1.0674157303370786,1.0947368421052632,1.0961538461538463,1.2808988764044944,1.1685393258426966,5.546875,2023-50
15,35141ECE010    ,2023,50,23.0,80.0,90.0,（株）アイシン福井,19.6,0.2,1.01,1.0,2.08,2.24,0.63,0.7778014533809583,3.0,"箱種類          Aﾊﾟﾚ ﾊﾝﾖｳ
箱種類    ｻﾝﾎﾞｯｸｽ＃24Aﾌﾀｱﾘ
Name: 85, dtype: object",1.0,4.0,4.0,20.0,63.0,98.05,0.81,-0.01,1.08,0.1600000000000001,1.2300000000000002,,1.9523809523809528,1.581380434111326,9.387755102040815,1.506442816660429,100.0,390.0,,100,0.0,0.0,0.20481927710843384,0.6425293217746049,1.2698412698412698,1.125,1.1111111111111112,1.5873015873015872,1.4285714285714286,4.9,2023-50
16,35145ECB010    ,2023,50,6.0,18.0,17.0,三共鋼業（株）,3.56,0.1,2.855,3.185,4.27,4.555,0.62,1.49070091423596,3.0,"箱種類        AW-131 ｾﾝﾖｳ
箱種類    ｻﾝﾎﾞｯｸｽ＃24Aﾌﾀｱﾘ
Name: 78, dtype: object",1.0,4.0,4.0,100.0,12.0,17.77,2.755,0.3299999999999996,1.085,0.2850000000000001,1.6999999999999995,0.0,2.7419354838709675,1.1404031377221724,13.483146067415728,0.4123386551273617,100.0,390.0,2.MGケース,19,0.0,0.0,1.375,0.6752954417557682,1.5,0.9444444444444444,1.1176470588235294,1.5833333333333333,1.4166666666666667,0.89,2023-50
17,35145ECE010    ,2023,50,6.0,21.0,18.0,三共鋼業（株）,3.91,0.1,3.85,4.14,4.765,5.01,0.65,0.8963357556349304,1.0,"箱種類        AW-131 ｾﾝﾖｳ
箱種類    ｻﾝﾎﾞｯｸｽ＃24Aﾌﾀｱﾘ
Name: 79, dtype: object",1.0,4.0,4.0,100.0,14.0,15.74,3.75,0.2899999999999996,0.625,0.2450000000000001,1.1599999999999997,0.0,1.784615384615384,1.29415790088425,12.27621483375959,0.4461226974335394,100.0,390.0,2.MGケース,20,0.0,0.0,0.6666666666666667,0.8894536213468869,1.5,0.8571428571428571,1.1111111111111112,1.4285714285714286,1.2857142857142858,0.9775,2023-50
18,35145ECE020    ,2023,50,4.0,18.0,18.0,（株）浅賀井製作所,3.91,0.675,2.72,3.05,4.12,4.515000000000001,0.65,0.8963357556349304,1.0,"箱種類    TP-131 ﾊﾝﾖｳ
箱種類      ＴＰ３３１フタナシ
Name: 27, dtype: object",1.0,1.0,2.28,100.0,14.0,15.74,2.045,0.33,1.0700000000000005,0.3950000000000004,1.7950000000000008,0.13,2.761538461538463,2.002597786282095,3.1189570207722537,0.5536748282256959,100.0,390.0,2.MGケース,20,0.0,0.0,0.4285714285714286,0.8894536213468869,1.2857142857142858,1.0,1.1111111111111112,1.4285714285714286,1.2857142857142858,3.91,2023-50
19,35165ECE010    ,2023,50,4.0,9.0,9.0,（株）松尾製作所,1.955,0.07,3.31,3.66,4.41,5.67,0.63,1.1226715112698609,1.0,"箱種類    TP-131 ﾊﾝﾖｳ
箱種類       Aﾊﾟﾚﾌﾀﾅｼ
Name: 133, dtype: object",1.0,24.0,19.68,200.0,5.0,5.865,3.24,0.3500000000000001,0.75,1.2599999999999998,2.36,0.0,3.7460317460317456,2.1021286959803485,23.74509639025065,0.1671939914749914,100.0,390.0,2.MGケース,10,0.0,0.0,2.3333333333333335,0.8525149190110827,1.8,1.0,1.1111111111111112,2.0,1.8,0.08145833333333334,2023-50
20,35174ECB010    ,2023,50,10.0,70.0,81.0,（株）浅賀井製作所,17.75,0.61,1.83,2.09,2.7,2.87,0.91,0.9680467276157309,1.0,"箱種類    TP-332 ﾊﾝﾖｳ
箱種類    ＴＰ３３１．５フタナシ
Name: 28, dtype: object",1.0,1.0,3.05,20.0,71.0,88.85,1.2200000000000002,0.2599999999999998,0.6100000000000003,0.1699999999999999,1.04,0.13,1.1428571428571428,1.0743283049584682,1.3910624239262737,0.4992869577126476,100.0,390.0,2.MGケース,91,0.0,0.0,0.3787878787878789,0.7990996060776591,0.9859154929577465,1.1571428571428573,1.123456790123457,1.2816901408450705,1.1408450704225352,17.75,2023-50
21,35174ECE010    ,2023,50,12.0,41.0,45.0,（株）浅賀井製作所,9.775,0.61,3.52,3.87,4.08,4.34,0.87,0.9685343022539722,1.0,"箱種類    TP-332 ﾊﾝﾖｳ
箱種類          ＴＰ３３２
Name: 29, dtype: object",1.0,1.0,3.25,40.0,33.0,39.35,2.91,0.3500000000000001,0.2099999999999999,0.2599999999999998,0.8199999999999998,0.13,0.9425287356321838,0.8466401221843114,2.8885211373551973,0.9123899495895804,100.0,390.0,2.MGケース,50,0.0,0.0,0.38888888888888884,0.8386277001270648,1.2424242424242424,1.0975609756097562,1.1111111111111112,1.5151515151515151,1.3636363636363635,9.775,2023-50
22,35174ECE020    ,2023,50,7.0,20.0,21.0,（株）浅賀井製作所,4.344444444444444,0.62,3.72,3.9,4.1,4.36,0.63,1.295106540214312,3.0,"箱種類    TP-331 ﾊﾝﾖｳ
箱種類      ＴＰ３６２フタナシ
Name: 30, dtype: object",1.0,1.0,2.28,90.0,13.0,17.488888888888887,3.1,0.1799999999999997,0.1999999999999997,0.2600000000000007,0.6400000000000001,0.13,1.015873015873016,0.4941678388050561,4.9123573077163,0.7388623903557203,100.0,390.0,2.MGケース,22,0.0,0.0,0.46666666666666656,0.7433290978398984,1.5384615384615385,1.05,1.0476190476190477,1.6923076923076923,1.6153846153846154,4.344444444444444,2023-50
169,3519510A010    ,2023,50,,,,中庸スプリング（株）,,,,,,,,,,,,,,,,,,,,,,,,,,,,,,2,0.0,0.0,1.0,,,,,,,,2023-50
23,35195ECE010    ,2023,50,5.0,13.0,9.0,三共鋼業（株）,1.9525,0.105,3.86,4.14,5.305,6.015,0.66,2.1380145338095824,3.0,"箱種類        TP-131 ﾊﾝﾖｳ
箱種類    ｻﾝﾎﾞｯｸｽ＃24Aﾌﾀｱﾘ
Name: 80, dtype: object",1.0,4.0,4.0,400.0,4.0,3.905,3.755,0.2799999999999993,1.165,0.71,2.155,0.0,3.2651515151515142,1.0079445045493454,20.4865556978233,0.2372782585683769,100.0,390.0,4.TA・カバー・メイン,9,0.0,0.0,2.0,1.0243277848911652,3.25,0.6923076923076923,1.0,2.25,2.25,0.488125,2023-50
24,35195TFG010    ,2023,50,4.0,11.0,9.0,三共鋼業（株）,1.955,0.1,2.855,3.185,4.234999999999999,4.785,0.62,1.1126715112698609,1.0,"箱種類        TP-131 ﾊﾝﾖｳ
箱種類    ｻﾝﾎﾞｯｸｽ＃24Aﾌﾀｱﾘ
Name: 81, dtype: object",1.0,4.0,4.0,400.0,6.0,9.805,2.755,0.3299999999999996,1.0499999999999998,0.5500000000000007,1.93,0.0,3.112903225806452,1.7345640473865869,16.36828644501279,0.2359215796066007,100.0,390.0,2.MGケース,10,0.0,0.0,0.6666666666666667,0.6119326874043856,1.8333333333333333,0.8181818181818182,1.1111111111111112,1.6666666666666667,1.5,0.48875,2023-50
25,35198ECE010    ,2023,50,5.0,11.0,9.0,サトープレス工業（株）,1.955,0.12,3.94,4.16,4.98,5.17,0.58,1.0726715112698608,1.0,"箱種類       AW-331 ｾﾝﾖｳ
箱種類    サンボックス＃２４Ａフタアリ
Name: 70, dtype: object",1.0,4.0,4.0,200.0,5.0,5.91,3.82,0.2200000000000002,0.8200000000000003,0.1899999999999995,1.23,0.0,2.1206896551724137,1.1466697745555756,20.460358056265985,0.2375651504197521,100.0,390.0,2.MGケース,10,0.0,0.0,1.5,0.8460236886632826,2.2,0.8181818181818182,1.1111111111111112,2.0,1.8,0.48875,2023-50
26,35300ECB010    ,2023,50,86.0,259.0,290.0,アイシン精機（株）,62.25,0.2,1.19,1.68,2.95,3.1950000000000003,0.91,0.9579680213191206,3.0,"箱種類    TP-341 ﾊﾝﾖｳ
箱種類      ＴＰ３３１フタナシ
Name: 0, dtype: object",1.0,1.0,2.14,12.0,206.0,249.16666666666663,0.99,0.49,1.2700000000000002,0.2450000000000001,2.0050000000000003,0.14,2.2032967032967035,2.092971743711359,4.399764663750543,1.232758145317017,100.0,390.0,3.ギヤサブ・共通部品,319,0.0,0.0,0.5560975609756098,0.8267558528428095,1.2572815533980584,1.1196911196911197,1.1,1.5485436893203883,1.4077669902912622,62.25,2023-50
27,35312ECB010    ,2023,50,5.0,22.0,26.0,（株）旭工業所,5.650793650793651,0.68,4.02,4.25,4.36,4.58,0.59,0.7728471919895515,1.0,"箱種類    TP-331 ﾊﾝﾖｳ
箱種類    ＴＰ３３１．５フタナシ
Name: 31, dtype: object",1.0,1.0,3.05,63.0,21.0,22.47619047619048,3.3399999999999994,0.2300000000000004,0.1100000000000003,0.2199999999999997,0.5600000000000005,0.0,0.9491525423728824,0.7245934329636167,2.184769038701623,0.6159074831605817,100.0,390.0,2.MGケース,29,0.0,0.0,0.7058823529411764,0.9343220338983048,1.0476190476190477,1.1818181818181819,1.1153846153846154,1.380952380952381,1.2380952380952381,5.650793650793651,2023-50
176,35352ECB010    ,2023,50,,,,五興商事（株）,,,,,,,,,,,,,,,,,,,,,,,,,,,,,,3,0.0,0.0,0.5,,,,,,,,2023-50
28,3539450A010    ,2023,50,2.0,1.0,1.0,ミズショー（株）,0.747,0.24,2.07,2.44,3.57,4.57,0.75,4.747335109926715,3.0,"箱種類    TP-331 ﾊﾝﾖｳ
箱種類      ＴＰ３４１フタナシ
Name: 134, dtype: object",1.0,6.0,4.92,2000.0,1.0,0.747,1.83,0.3700000000000001,1.13,1.0000000000000004,2.5000000000000004,0.0,3.333333333333334,0.526611233905203,27.135569304244004,0.0732669992613204,100.0,390.0,3.ギヤサブ・共通部品,2,0.0,0.0,1.0,1.3386880856760375,1.0,1.0,2.0,2.0,1.0,0.1245,2023-50
29,35409ECB010    ,2023,50,3.0,6.0,8.0,サンコール（株）,1.78,0.12,4.39,4.64,6.01,6.39,0.7,1.2804672761573066,1.0,"箱種類        AW-131 ｾﾝﾖｳ
箱種類    ｻﾝﾎﾞｯｸｽ＃24Aﾌﾀｱﾘ
Name: 357, dtype: object",1.0,4.0,4.0,200.0,5.0,5.34,4.27,0.25,1.37,0.3799999999999999,2.0,0.0,2.857142857142857,1.561929802690481,13.483146067415728,0.214023595500214,100.0,390.0,4.TA・カバー・メイン,9,0.0,0.0,0.8,0.9363295880149813,1.2,1.3333333333333333,1.125,1.8,1.6,0.445,2023-50
30,35441ECB010    ,2023,50,15.0,58.0,72.0,（株）ニフコ,15.5625,0.09,4.23,4.52,4.68,4.81,0.71,0.9018720852764824,3.0,"箱種類        TP-331 ﾊﾝﾖｳ
箱種類    ｻﾝﾎﾞｯｸｽ＃24Aﾌﾀｱﾘ
Name: 355, dtype: object",1.0,4.0,4.0,48.0,57.0,77.875,4.140000000000001,0.2899999999999991,0.1600000000000001,0.1299999999999999,0.5799999999999992,0.0,0.8169014084507031,0.6431067215282437,7.710843373493976,1.2116714618524218,100.0,390.0,2.MGケース,79,0.0,0.0,0.5192307692307692,0.7319422150882825,1.0175438596491229,1.2413793103448276,1.0972222222222223,1.3859649122807018,1.263157894736842,3.890625,2023-50
31,35441TFA010    ,2023,50,4.0,14.0,16.0,（株）ニフコ,3.555,0.09,3.2300000000000004,3.62,4.87,5.025,0.71,1.0002336380786532,1.0,"箱種類        TP-331 ﾊﾝﾖｳ
箱種類    ｻﾝﾎﾞｯｸｽ＃24Aﾌﾀｱﾘ
Name: 356, dtype: object",1.0,4.0,4.0,100.0,12.0,14.16,3.140000000000001,0.3899999999999997,1.25,0.1550000000000002,1.795,0.0,2.528169014084507,1.7945807176091495,9.001406469760902,0.397302061954395,100.0,390.0,2.MGケース,18,0.0,0.0,0.8,0.847457627118644,1.1666666666666667,1.1428571428571428,1.125,1.5,1.3333333333333333,0.88875,2023-50
32,3548255A010    ,2023,50,1.0,8.0,4.0,サトープレス工業（株）,1.3016666666666667,0.125,3.945,4.19,4.895,6.61,0.61,1.3490072669047912,1.0,"箱種類       AW-131 ｾﾝﾖｳ
箱種類    サンボックス＃２４Ａフタアリ
Name: 71, dtype: object",1.0,4.0,4.0,300.0,4.0,3.91,3.82,0.2449999999999992,0.7050000000000001,1.7150000000000007,2.665,0.0,4.368852459016393,1.9755267932059903,6.145966709346991,0.1529878517655454,100.0,390.0,4.TA・カバー・メイン,7,0.0,0.0,0.75,1.0230179028132993,2.0,0.5,1.75,1.75,1.0,0.3254166666666667,2023-50
182,35482TFA010    ,2023,50,,,,サトープレス工業（株）,,,,,,,,,,,,,,,,,,,,,,,,,,,,,,1,0.0,0.0,0.0,,,,,,,,2023-50
33,35501ECB010    ,2023,50,4.0,15.0,17.0,大橋鉄工（株）,3.555,0.13,2.455,2.72,3.54,3.68,0.64,0.9302336380786532,1.0,"箱種類    TP-331 ﾊﾝﾖｳ
箱種類      ＴＰ３４１フタナシ
Name: 45, dtype: object",1.0,6.0,4.92,100.0,12.0,14.16,2.325,0.2650000000000001,0.8199999999999998,0.1399999999999996,1.2249999999999996,0.0,1.9140625,1.316873471196086,11.403808872163305,0.3285674927321268,100.0,390.0,4.TA・カバー・メイン,18,0.0,0.0,0.5,0.847457627118644,1.25,1.1333333333333333,1.0588235294117647,1.5,1.4166666666666667,0.5925,2023-50
34,35505ECB010    ,2023,50,10.0,69.0,71.0,中庸スプリング（株）,14.833333333333334,0.33,1.35,1.65,2.2,2.4850000000000003,0.85,0.9196560731388768,1.0,"箱種類    AW-131 ｾﾝﾖｳ
箱種類      TP341ﾌﾀﾅｼ
Name: 103, dtype: object",1.0,4.0,8.04,24.0,62.0,74.04166666666667,1.02,0.2999999999999998,0.5500000000000003,0.2850000000000001,1.1350000000000002,0.1,1.3352941176470592,1.234157021467964,2.982996917569852,1.3453523674094845,100.0,390.0,4.TA・カバー・メイン,76,0.0,0.0,0.38181818181818183,0.8373663477771525,1.1129032258064515,1.0289855072463767,1.0704225352112675,1.2258064516129032,1.1451612903225807,3.7083333333333335,2023-50
35,35556ECB010    ,2023,50,3.0,17.0,18.0,（株）ギフ加藤製作所,3.55,0.18,3.015,3.395,4.205,4.815,0.79,1.0802336380786532,1.0,"箱種類      TP-131 ﾊﾝﾖｳ
箱種類    サンボックス＃９Ｆフタナシ
Name: 51, dtype: object",1.0,1.0,1.9,100.0,12.0,17.77,2.835,0.3799999999999999,0.81,0.6099999999999994,1.7999999999999994,0.12,2.278481012658227,1.666306192058184,2.9140359397765905,0.4517027427394927,100.0,390.0,4.TA・カバー・メイン,17,0.0,0.0,0.3076923076923077,0.6752954417557682,1.4166666666666667,1.0588235294117647,0.9444444444444444,1.4166666666666667,1.5,3.55,2023-50
36,35557ECB010    ,2023,50,7.0,31.0,37.0,小川工業（株）,7.728260869565217,0.17,4.53,4.710000000000001,5.165,5.445,0.93,1.0635074735161805,1.0,"箱種類    TP-131 ﾊﾝﾖｳ
箱種類      ＴＰ３４１フタナシ
Name: 47, dtype: object",1.0,6.0,4.92,46.0,28.0,38.630434782608695,4.36,0.1800000000000006,0.4549999999999992,0.2800000000000002,0.915,0.05,0.9838709677419356,0.860360667682773,9.18006614209146,0.6448924763246735,100.0,390.0,4.TA・カバー・メイン,39,0.0,0.0,0.56,0.7248171074845244,1.1071428571428572,1.1935483870967742,1.054054054054054,1.3928571428571428,1.3214285714285714,1.2880434782608694,2023-50
37,35580ECB011    ,2023,50,78.0,240.0,272.0,アイシン精機（株）,59.333333333333336,0.21,1.19,1.73,2.9400000000000004,3.185,0.9,0.9522420548541576,3.0,"箱種類    TP-342 ｾﾝﾖｳ
箱種類      ＴＰ３３１フタアリ
Name: 1, dtype: object",1.0,1.0,1.79,6.0,190.0,236.0,0.98,0.54,1.2100000000000004,0.2449999999999996,1.995,0.14,2.216666666666667,2.095055547935812,4.711852120333454,1.1639732007397,100.0,390.0,8.ファイナル後半,299,0.0,0.0,0.5820105820105821,0.8050847457627118,1.263157894736842,1.1333333333333333,1.099264705882353,1.5736842105263158,1.431578947368421,59.333333333333336,2023-50
38,35595ECB010    ,2023,50,7.0,45.0,40.0,サトープレス工業（株）,8.9,0.12,1.94,2.25,3.7,3.93,0.61,0.7260934552314613,1.0,"箱種類       TP-131 ｾﾝﾖｳ
箱種類    サンボックス＃２４Ａフタアリ
Name: 73, dtype: object",1.0,4.0,4.0,40.0,37.0,44.425,1.82,0.31,1.4500000000000002,0.2299999999999999,1.99,0.0,3.2622950819672134,2.7406940327889826,6.2921348314606735,0.7810639018091096,100.0,390.0,4.TA・カバー・メイン,45,0.0,0.0,0.5,0.8328643781654474,1.2162162162162162,0.8888888888888888,1.125,1.2162162162162162,1.0810810810810811,2.225,2023-50
39,3559850A010    ,2023,50,3.0,15.0,17.0,アイコー（株）,3.55,0.49,4.14,4.52,4.92,5.22,0.94,1.2302336380786532,1.0,"箱種類    AW-131 ｾﾝﾖｳ
箱種類      ＴＰ３３１フタナシ
Name: 94, dtype: object",1.0,6.0,5.76,100.0,13.0,14.16,3.65,0.3799999999999999,0.4000000000000003,0.2999999999999998,1.08,0.32,1.148936170212766,0.8778820270974836,7.500625052087675,0.3627660891623862,100.0,390.0,4.TA・カバー・メイン,18,0.0,0.0,0.8,0.9180790960451978,1.1538461538461537,1.1333333333333333,1.0588235294117647,1.3846153846153846,1.3076923076923077,0.5916666666666667,2023-50
40,35771ECB010    ,2023,50,17.0,401.0,408.0,アイシン機工（株）,89.0,0.39,1.2,1.42,1.64,1.795,0.79,0.8248280365694385,3.0,"箱種類        TP-341 ﾊﾝﾖｳ
箱種類    ｻﾝﾎﾞｯｸｽ＃24Aﾌﾀｱﾘ
Name: 82, dtype: object",1.0,4.0,4.0,4.0,406.0,444.25,0.8099999999999999,0.2199999999999999,0.2199999999999999,0.155,0.595,0.07,0.7531645569620252,0.7213624823844232,1.5280898876404494,0.6022369939895713,100.0,390.0,2.MGケース,456,0.0,0.0,0.1875,0.9138998311761396,0.9876847290640394,1.0174563591022443,1.1176470588235294,1.1231527093596059,1.0049261083743843,22.25,2023-50
41,35771ECE010    ,2023,50,35.0,296.0,301.0,アイシン機工（株）,65.16666666666667,0.39,1.2,1.44,2.07,2.3,0.79,0.8195602906761917,2.0,"箱種類        TP-341 ﾊﾝﾖｳ
箱種類    ｻﾝﾎﾞｯｸｽ＃24Aﾌﾀｱﾘ
Name: 83, dtype: object",1.0,4.0,4.0,6.0,273.0,326.8333333333333,0.8099999999999999,0.24,0.6299999999999999,0.2299999999999999,1.1,0.07,1.3924050632911391,1.342183134681192,4.296675191815856,1.467709847115792,100.0,390.0,2.MGケース,335,0.0,0.0,0.037151702786377694,0.8352881183069862,1.0842490842490842,1.0168918918918919,1.1129568106312293,1.2271062271062272,1.1025641025641026,16.291666666666668,2023-50
42,35847ECB010    ,2023,50,5.0,27.0,25.0,（株）メタルテック,4.45,0.09,4.01,4.13,4.7,5.33,0.55,0.7821869104629227,1.0,"箱種類        TP-332 ﾊﾝﾖｳ
箱種類    ｻﾝﾎﾞｯｸｽ＃24Aﾌﾀｱﾘ
Name: 350, dtype: object",1.0,4.0,4.0,80.0,17.0,22.2125,3.92,0.1200000000000001,0.5700000000000003,0.6299999999999999,1.3200000000000005,0.0,2.4000000000000004,1.687576182039128,8.988764044943819,0.4843194767172935,100.0,390.0,2.MGケース,22,0.0,0.0,0.375,0.7653348339898706,1.588235294117647,0.9259259259259259,0.88,1.2941176470588236,1.4705882352941178,1.1125,2023-50
43,35847ECB020    ,2023,50,4.0,26.0,24.0,（株）メタルテック,5.085714285714285,0.09,4.01,4.13,4.41,4.76,0.5,0.7031635466550573,1.0,"箱種類        TP-332 ﾊﾝﾖｳ
箱種類    ｻﾝﾎﾞｯｸｽ＃24Aﾌﾀｱﾘ
Name: 351, dtype: object",1.0,4.0,4.0,70.0,21.0,25.38571428571429,3.92,0.1200000000000001,0.2800000000000002,0.3499999999999996,0.75,0.0,1.5,1.0666081931689195,6.292134831460674,0.5116496801162914,100.0,390.0,4.TA・カバー・メイン,26,0.0,0.0,0.5294117647058822,0.8272369161508158,1.2380952380952381,0.9230769230769231,1.0833333333333333,1.2380952380952381,1.1428571428571428,1.2714285714285714,2023-50
44,35847ECE010    ,2023,50,15.0,52.0,45.0,（株）メタルテック,9.775,0.1,4.015,4.13,5.105,5.31,0.5,0.5985343022539722,1.0,"箱種類        TP-332 ﾊﾝﾖｳ
箱種類    ｻﾝﾎﾞｯｸｽ＃24Aﾌﾀｱﾘ
Name: 352, dtype: object",1.0,4.0,4.0,40.0,38.0,49.025000000000006,3.915,0.1150000000000002,0.9750000000000004,0.2049999999999991,1.295,0.0,2.59,2.163618685049902,12.27621483375959,0.9862766291536814,100.0,390.0,2.MGケース,51,0.0,0.0,0.41666666666666674,0.7751147373788883,1.368421052631579,0.8653846153846154,1.1333333333333333,1.3421052631578947,1.1842105263157894,2.44375,2023-50
45,35847ECE020    ,2023,50,11.0,34.0,31.0,（株）メタルテック,6.516666666666667,0.09,4.01,4.13,4.69,4.92,0.53,0.6778014533809582,1.0,"箱種類        TP-332 ﾊﾝﾖｳ
箱種類    ｻﾝﾎﾞｯｸｽ＃24Aﾌﾀｱﾘ
Name: 353, dtype: object",1.0,4.0,4.0,60.0,24.0,32.68333333333334,3.92,0.1200000000000001,0.5599999999999996,0.2300000000000004,0.91,0.0,1.716981132075472,1.342576053003142,13.503836317135548,0.7115671434988226,100.0,390.0,4.TA・カバー・メイン,34,0.0,0.0,0.3600000000000001,0.7343192248852626,1.4166666666666667,0.9117647058823529,1.096774193548387,1.4166666666666667,1.2916666666666667,1.6291666666666667,2023-50
46,35882ECB010    ,2023,50,6.0,39.0,35.0,（株）メタルテック,7.12,0.09,4.01,4.13,4.7,4.87,0.54,0.6851168190393266,1.0,"箱種類        TP-332 ﾊﾝﾖｳ
箱種類    ｻﾝﾎﾞｯｸｽ＃24Aﾌﾀｱﾘ
Name: 354, dtype: object",1.0,4.0,4.0,50.0,29.0,35.54,3.92,0.1200000000000001,0.5700000000000003,0.1699999999999999,0.8600000000000003,0.0,1.592592592592593,1.2552603820263757,6.741573033707864,0.6758603930621793,100.0,390.0,2.MGケース,36,0.0,0.0,0.7142857142857142,0.8159819921215532,1.3448275862068966,0.8974358974358975,1.0285714285714285,1.2413793103448276,1.206896551724138,1.78,2023-50
47,36108ECB010    ,2023,50,3.0,10.0,10.0,（株）オーハシテクニカ,2.373333333333333,0.74,4.02,4.28,5.52,6.06,0.64,1.07535045711798,1.0,"箱種類    TP-331-5 ﾊﾝﾖｳ
箱種類        ＴＰ３４１フタナシ
Name: 44, dtype: object",1.0,6.0,4.92,150.0,7.0,9.44,3.28,0.2600000000000007,1.239999999999999,0.54,2.04,0.0,3.1875,1.8970559657986787,12.81126632250228,0.2251324587410858,100.0,390.0,2.MGケース,12,0.0,0.0,1.4,0.7415254237288136,1.4285714285714286,1.0,1.2,1.7142857142857142,1.4285714285714286,0.3955555555555555,2023-50
48,39171ECB010    ,2023,50,10.0,101.0,103.0,（株）アイシン福井,22.25,0.26,1.005,0.99,1.51,1.69,0.62,0.7593121462777536,3.0,"箱種類          Aﾊﾟﾚ ﾊﾝﾖｳ
箱種類    ｻﾝﾎﾞｯｸｽ＃24Aﾌﾀｱﾘ
Name: 86, dtype: object",1.0,4.0,4.0,16.0,94.0,111.0625,0.7449999999999999,-0.0149999999999999,0.52,0.1799999999999999,0.685,,1.1048387096774197,0.9021322829589368,3.595505617977528,0.9736618986407024,100.0,390.0,,113,0.0,0.0,0.17708333333333326,0.8463702870005627,1.074468085106383,1.0198019801980198,1.0970873786407767,1.202127659574468,1.0957446808510638,5.5625,2023-50
49,39171ECE010    ,2023,50,19.0,92.0,91.0,（株）アイシン福井,19.55,0.26,1.05,1.0,2.02,2.22,0.63,0.7778014533809583,3.0,"箱種類          Aﾊﾟﾚ ﾊﾝﾖｳ
箱種類    ｻﾝﾎﾞｯｸｽ＃24Aﾌﾀｱﾘ
Name: 87, dtype: object",1.0,4.0,4.0,20.0,77.0,98.05,0.79,-0.05,1.02,0.2000000000000001,1.1700000000000002,,1.8571428571428568,1.5042399251302858,7.774936061381074,1.3929684064865189,100.0,390.0,,100,0.0,0.0,0.04166666666666674,0.7853136155022947,1.1948051948051948,0.9891304347826086,1.098901098901099,1.2987012987012987,1.1818181818181819,4.8875,2023-50
50,41310ECB010    ,2023,50,60.0,761.0,817.0,（株）オンド,178.0,0.17,1.14,1.65,1.78,1.95,0.69,0.7016093455231461,2.0,"箱種類    ｻﾝﾎﾞｯｸｽ#24-A
箱種類        Aﾊﾟﾚﾌﾀﾅｼ
Name: 48, dtype: object",1.0,24.0,19.68,2.0,749.0,888.5,0.97,0.51,0.1300000000000001,0.1699999999999999,0.81,0.05,1.173913043478261,1.1544886127422287,3.9119379305848345,2.9660968314221883,100.0,390.0,1.デフ・大物ギヤ・Brg,906,0.0,0.0,0.16903225806451605,0.842993809791784,1.0160213618157543,1.0735873850197108,1.108935128518972,1.2096128170894527,1.0907877169559412,7.416666666666667,2023-50
51,41310ECE010    ,2023,50,99.0,910.0,906.0,（株）オンド,195.5,0.17,1.14,1.94,2.22,2.35,0.7,0.7147801453380958,3.0,"箱種類     ｻﾝﾎﾞｯｸｽ#24-A
箱種類    サンボックス＃９Ｆフタナシ
Name: 49, dtype: object",1.0,1.0,1.9,2.0,810.0,980.5,0.97,0.8,0.2800000000000002,0.1299999999999999,1.2100000000000002,0.05,1.7285714285714289,1.6928282184274468,1.74618573066408,0.4782119262363787,100.0,390.0,1.デフ・大物ギヤ・Brg,1005,0.0,0.0,0.0172064777327936,0.8261091279959204,1.123456790123457,0.9956043956043956,1.109271523178808,1.2407407407407407,1.1185185185185185,195.5,2023-50
52,5040056001E    ,2023,50,6.0,27.0,29.0,サトープレス工業（株）,5.925000000000001,0.12,1.94,2.255,3.535,3.77,0.58,1.102420548541576,3.0,"箱種類       AW-131 ｾﾝﾖｳ
箱種類    サンボックス＃２４Ａフタアリ
Name: 74, dtype: object",1.0,4.0,4.0,300.0,22.0,29.616666666666667,1.82,0.3149999999999999,1.2800000000000002,0.2349999999999998,1.83,0.0,3.155172413793104,1.659983571987079,8.101265822784809,0.607363319227726,100.0,390.0,3.ギヤサブ・共通部品,32,0.0,0.0,0.8823529411764706,0.7428249859313449,1.2272727272727273,1.0740740740740742,1.103448275862069,1.4545454545454546,1.3181818181818181,1.4812500000000002,2023-50
53,82125ECB010    ,2023,50,4.0,18.0,17.0,矢崎総業（株）,3.555,0.135,2.975,3.22,4.37,4.62,0.58,0.8702336380786533,1.0,"箱種類       TP-332 ﾊﾝﾖｳ
箱種類    サンボックス＃２０Ｂフタナシ
Name: 345, dtype: object",1.0,2.0,5.82,100.0,14.0,14.16,2.84,0.2450000000000001,1.15,0.25,1.645,0.0,2.836206896551724,1.8902969593681944,3.299635802698277,0.7611963704227562,100.0,390.0,2.MGケース,19,0.0,0.0,1.1111111111111112,0.9887005649717514,1.2857142857142858,0.9444444444444444,1.1176470588235294,1.3571428571428572,1.2142857142857142,1.7775,2023-50
54,82125ECE010    ,2023,50,5.0,21.0,18.0,矢崎総業（株）,3.91,0.135,2.975,3.225,3.925,4.195,0.62,0.8663357556349304,1.0,"箱種類      TP-332 ﾊﾝﾖｳ
箱種類    サンボックス＃９Ｆフタナシ
Name: 346, dtype: object",1.0,1.0,1.9,100.0,14.0,19.61,2.84,0.25,0.7000000000000002,0.27,1.2200000000000002,0.0,1.9677419354838712,1.4082299986635922,4.4095599259193925,0.5871949279863862,100.0,390.0,4.TA・カバー・メイン,20,0.0,0.0,0.4285714285714286,0.7139214686384497,1.5,0.8571428571428571,1.1111111111111112,1.4285714285714286,1.2857142857142858,3.91,2023-50
55,82821CWA030    ,2023,50,7.0,19.0,19.0,石黒ゴム工業（株）,3.985,0.13,3.6,4.01,5.57,5.95,0.83,1.1113104377893688,1.0,"箱種類    TP-332 ﾊﾝﾖｳ
箱種類       Aﾊﾟﾚﾌﾀﾅｼ
Name: 35, dtype: object",1.0,24.0,19.68,200.0,11.0,15.695,3.47,0.4099999999999997,1.5600000000000005,0.3799999999999999,2.35,0.29,2.8313253012048194,2.1146206497211044,20.385924974942306,0.3373296188313153,100.0,390.0,8.ファイナル後半,22,0.0,0.0,0.8333333333333333,0.7008601465434852,1.7272727272727273,1.0,1.1578947368421053,2.0,1.7272727272727273,0.16604166666666667,2023-50
56,82821ECB010    ,2023,50,3.0,9.0,9.0,石黒ゴム工業（株）,1.9925,0.11,3.6,4.01,5.8,6.47,0.83,1.3925879043600562,1.0,"箱種類    TP-332 ｾﾝﾖｳ
箱種類      ＴＰ３４１フタナシ
Name: 36, dtype: object",1.0,6.0,4.92,400.0,5.0,5.8525,3.49,0.4099999999999997,1.79,0.6699999999999999,2.87,0.29,3.4578313253012047,2.060911193479644,15.259927430567329,0.1911846569177727,100.0,390.0,8.ファイナル後半,10,0.0,0.0,0.6666666666666667,0.8543357539513029,1.8,1.0,1.1111111111111112,2.0,1.8,0.33208333333333334,2023-50
57,82821ECB020    ,2023,50,8.0,22.0,19.0,石黒ゴム工業（株）,3.985,0.11,3.76,4.095000000000001,6.27,6.66,0.87,1.151293952180028,1.0,"箱種類    TP-131 ﾊﾝﾖｳ
箱種類      ＴＰ３４１フタナシ
Name: 37, dtype: object",1.0,6.0,4.92,200.0,10.0,11.705,3.65,0.3350000000000008,2.174999999999999,0.3900000000000005,2.9000000000000004,0.29,3.333333333333334,2.518904919554834,20.346569907423103,0.3771808139554808,100.0,390.0,8.ファイナル後半,21,0.0,0.0,0.9090909090909092,0.8543357539513029,2.2,0.8636363636363636,1.105263157894737,2.1,1.9,0.6641666666666667,2023-50
58,82821ECB040    ,2023,50,3.0,15.0,16.0,石黒ゴム工業（株）,3.555,0.1,2.765,3.2750000000000004,4.055,4.405,0.83,1.178280365694384,1.0,"箱種類    TP-342 ｾﾝﾖｳ
箱種類      ＴＰ３４１フタナシ
Name: 38, dtype: object",1.0,6.0,4.92,100.0,12.0,14.16,2.665,0.5100000000000002,0.7799999999999994,0.3500000000000005,1.64,0.29,1.975903614457832,1.3918588883839336,8.552856654122477,0.3217811520662444,100.0,390.0,8.ファイナル後半,18,0.0,0.0,0.3846153846153846,0.847457627118644,1.25,1.0666666666666667,1.125,1.5,1.3333333333333333,0.5925,2023-50
59,82821ECB050    ,2023,50,11.0,39.0,39.0,石黒ゴム工業（株）,7.97,0.12,3.6,3.995,5.195,5.585,0.83,0.9706552188946844,1.0,"箱種類    TP-332 ﾊﾝﾖｳ
箱種類      ＴＰ３４１フタナシ
Name: 39, dtype: object",1.0,6.0,4.92,100.0,26.0,38.87,3.48,0.395,1.2000000000000002,0.3899999999999997,1.985,0.29,2.391566265060241,2.0450103820184284,13.988266811353386,0.699963722707749,100.0,390.0,8.ファイナル後半,43,0.0,0.0,0.48275862068965525,0.6688963210702341,1.5,1.0,1.1025641025641026,1.6538461538461537,1.5,1.3283333333333334,2023-50
60,82821ECE010    ,2023,50,22.0,45.0,48.0,石黒ゴム工業（株）,8.82,0.33,3.6,4.0,6.71,7.02,1.07,1.1879593040401062,1.0,"箱種類        TP-332 ﾊﾝﾖｳ
箱種類    ｻﾝﾎﾞｯｸｽ＃24Aﾌﾀｱﾘ
Name: 40, dtype: object",1.0,4.0,4.0,50.0,19.0,25.46,3.27,0.3999999999999999,2.71,0.3099999999999996,3.4199999999999995,0.29,3.19626168224299,2.8788864975163646,19.954648526077097,0.9734233942276456,100.0,390.0,8.ファイナル後半,49,0.0,0.0,0.6333333333333333,0.7462686567164178,2.3684210526315788,1.0666666666666667,1.0208333333333333,2.5789473684210527,2.526315789473684,2.205,2023-50
61,82821XAE010    ,2023,50,14.0,40.0,39.0,石黒ゴム工業（株）,7.97,0.13,3.6,3.99,5.61,5.84,0.87,1.010646976090014,1.0,"箱種類    TP-131 ﾊﾝﾖｳ
箱種類      ＴＰ３４１フタナシ
Name: 41, dtype: object",1.0,6.0,4.92,100.0,25.0,31.4,3.47,0.3900000000000001,1.62,0.2299999999999995,2.24,0.29,2.574712643678161,2.2164020206799613,17.803248668995217,0.7168428682650076,100.0,390.0,8.ファイナル後半,44,0.0,0.0,0.6296296296296295,0.7961783439490446,1.6,0.975,1.1282051282051282,1.76,1.56,1.3283333333333334,2023-50
62,82821XAE020    ,2023,50,2.0,4.0,4.0,石黒ゴム工業（株）,0.89,0.33,3.6,4.0,6.06,7.39,0.81,2.203121462777536,1.0,"箱種類    TP-332 ﾊﾝﾖｳ
箱種類      ＴＰ３４１フタナシ
Name: 42, dtype: object",1.0,6.0,4.92,400.0,1.0,0.89,3.27,0.3999999999999999,2.06,1.33,3.79,0.29,4.679012345679012,1.7202864499453614,22.77558457333738,0.0870760889203056,100.0,390.0,8.ファイナル後半,4,0.0,0.0,3.0,1.1235955056179776,4.0,1.0,1.0,4.0,4.0,0.14833333333333334,2023-50
63,82824ECB010    ,2023,50,8.0,54.0,49.0,矢崎総業（株）,11.125,0.13,1.98,2.24,3.145,3.395,0.57,0.662874764185169,1.0,"箱種類        TP-331 ﾊﾝﾖｳ
箱種類    ｻﾝﾎﾞｯｸｽ＃24Aﾌﾀｱﾘ
Name: 347, dtype: object",1.0,4.0,4.0,32.0,46.0,55.53125,1.85,0.2600000000000002,0.9049999999999998,0.25,1.415,0.0,2.4824561403508776,2.1346415287650484,5.752808988764045,0.8800580937224789,100.0,390.0,2.MGケース,56,0.0,0.0,0.36585365853658547,0.8283624085537422,1.173913043478261,0.9074074074074074,1.1428571428571428,1.2173913043478262,1.065217391304348,2.78125,2023-50
64,82824ECB020    ,2023,50,13.0,96.0,88.0,矢崎総業（株）,18.675,0.13,1.98,2.25,3.175,3.545,0.58,0.6332978014656895,1.0,"箱種類        TP-331 ｾﾝﾖｳ
箱種類    ｻﾝﾎﾞｯｸｽ＃24Aﾌﾀｱﾘ
Name: 348, dtype: object",1.0,4.0,4.0,40.0,80.0,93.45,1.85,0.27,0.9249999999999998,0.3700000000000001,1.565,0.0,2.6982758620689657,2.4711912726966694,5.568942436412316,1.1636814201922272,100.0,390.0,3.ギヤサブ・共通部品,97,0.0,0.0,0.31081081081081074,0.8560727661851257,1.2,0.9166666666666666,1.1022727272727273,1.2125,1.1,4.66875,2023-50
65,82824ECE010    ,2023,50,10.0,44.0,40.0,住友電装（株）,8.688888888888888,1.45,5.41,5.39,6.24,6.46,0.36,0.4708510900357187,1.0,"箱種類    TP-332 ﾊﾝﾖｳ
箱種類      ＴＰ３３１フタナシ
Name: 98, dtype: object",1.0,6.0,5.76,45.0,35.0,43.577777777777776,3.96,-0.0200000000000004,0.8500000000000005,0.2199999999999997,1.0499999999999998,0.0,2.916666666666666,2.2300043946385406,10.215045627203802,0.8266076252500384,100.0,390.0,2.MGケース,45,0.0,0.0,0.7307692307692308,0.8031616522182561,1.2571428571428571,0.9090909090909091,1.125,1.2857142857142858,1.1428571428571428,1.448148148148148,2023-50
66,9010506A003    ,2023,50,1.0,3.0,0.0,（株）青山製作所,0.713,0.325,2.26,2.55,3.11,4.265000000000001,1.02,2.4711681903932665,1.0,"箱種類    TP-331 ﾊﾝﾖｳ
箱種類      ＴＰ３３１フタアリ
Name: 5, dtype: object",1.0,1.0,1.79,2000.0,2.0,1.426,1.935,0.29,0.56,1.1550000000000007,2.005000000000001,0.08,1.9656862745098047,0.8113571580414853,5.0269696923997245,0.1731415940207981,100.0,390.0,2.MGケース,3,0.0,0.0,0.5,1.402524544179523,1.5,0.0,inf,1.5,0.0,0.713,2023-50
67,9010506A089    ,2023,50,4.0,5.0,5.0,（株）青山製作所,0.996,0.29,3.21,3.55,5.02,5.64,1.0,3.9980013324450367,3.0,"箱種類    TP-331 ﾊﾝﾖｳ
箱種類      ＴＰ３３２フタナシ
Name: 6, dtype: object",1.0,1.0,1.9,1500.0,1.0,0.996,2.92,0.3399999999999998,1.4699999999999998,0.6200000000000001,2.43,0.08,2.43,0.607803699383436,13.848497438027977,0.2685591594127319,100.0,390.0,2.MGケース,3,0.0,0.0,0.0,1.0040160642570282,5.0,1.0,0.6,3.0,5.0,0.996,2023-50
68,9010508A014    ,2023,50,19.0,103.0,111.0,（株）青山製作所,56.21,0.31,1.235,1.56,1.88,2.26,1.08,1.133008684589492,3.0,"箱種類    TP-331 ﾊﾝﾖｳ
箱種類      ＴＰ３３１フタアリ
Name: 7, dtype: object",1.0,1.0,1.79,500.0,244.0,281.27,0.9249999999999998,0.3250000000000002,0.3199999999999998,0.3799999999999999,1.025,0.08,0.949074074074074,0.9046709120075056,1.2115345743273271,0.3154467574319391,100.0,390.0,4.TA・カバー・メイン,284,0.0,0.0,0.0923076923076922,0.8674938671027839,0.42213114754098363,1.0776699029126213,2.5585585585585586,1.1639344262295082,0.45491803278688525,56.21,2023-50
69,9010508A042    ,2023,50,2.0,22.0,21.0,（株）青山製作所,5.933333333333334,0.32,1.26,1.57,1.87,2.44,1.07,1.244140182847192,1.0,"箱種類    TP-331 ﾊﾝﾖｳ
箱種類      ＴＰ３３２フタナシ
Name: 8, dtype: object",1.0,1.0,1.9,300.0,21.0,29.616666666666667,0.94,0.31,0.3,0.5699999999999998,1.18,0.08,1.102803738317757,0.9484461769409228,1.1623401782254938,0.2705503198961405,100.0,390.0,4.TA・カバー・メイン,27,0.0,0.0,0.125,0.7090602138435566,1.0476190476190477,0.9545454545454546,1.2857142857142858,1.2857142857142858,1.0,5.933333333333334,2023-50
70,9010512A018    ,2023,50,26.0,229.0,247.0,（株）青山製作所,51.94,0.31,1.23,1.57,2.0,2.21,1.04,1.0977800889813372,3.0,"箱種類    TP-331 ﾊﾝﾖｳ
箱種類      ＴＰ３３１フタアリ
Name: 9, dtype: object",1.0,1.0,1.79,200.0,225.0,259.82,0.92,0.3400000000000001,0.4299999999999999,0.2099999999999999,0.98,0.08,0.9423076923076924,0.892710671141222,1.79418490869669,0.4615560642323004,100.0,390.0,3.ギヤサブ・共通部品,268,0.0,0.0,0.15021459227467804,0.8659841428681395,1.0177777777777777,1.0786026200873362,1.0850202429149798,1.191111111111111,1.0977777777777777,51.94,2023-50
221,9011906908     ,2023,50,,,,（株）青山製作所,,,,,,,,,,,,,,,,,,,,,,,,,,,,,,3,0.0,0.0,0.0,,,,,,,,2023-50
71,9011906A065    ,2023,50,2.0,8.0,9.0,（株）青山製作所,2.241,0.32,1.26,1.57,2.86,3.44,1.07,1.514148345547413,1.0,"箱種類    TP-331 ﾊﾝﾖｳ
箱種類      ＴＰ３３１フタアリ
Name: 11, dtype: object",1.0,1.0,1.79,1000.0,7.0,8.97,0.94,0.31,1.2899999999999998,0.5800000000000001,2.18,0.08,2.037383177570093,1.4397532490199036,3.198776787756361,0.360241786435173,100.0,390.0,2.MGケース,11,0.0,0.0,0.22222222222222232,0.7803790412486065,1.1428571428571428,1.125,1.2222222222222223,1.5714285714285714,1.2857142857142858,2.241,2023-50
72,9014908A008    ,2023,50,1.0,12.0,6.0,（株）青山製作所,2.80125,0.315,1.25,1.535,1.795,2.575,1.02,1.3753186764379302,1.0,"箱種類    TP-331 ﾊﾝﾖｳ
箱種類      TP131ﾌﾀﾅｼ
Name: 13, dtype: object",1.0,1.0,0.73,800.0,12.0,11.2125,0.935,0.2850000000000001,0.2599999999999998,0.7800000000000002,1.3250000000000002,0.08,1.2990196078431373,0.963413078510462,2.063488378691387,0.1998081490629596,100.0,390.0,7.ファイナル前半,15,0.0,0.0,0.15384615384615374,1.0702341137123745,1.0,0.5,2.5,1.25,0.5,2.80125,2023-50
73,9015905A007    ,2023,50,3.0,10.0,10.0,（株）青山製作所,2.241,0.345,3.185,3.355,4.74,5.355,1.03,2.362533813045506,3.0,"箱種類    TP-331 ﾊﾝﾖｳ
箱種類      TP131ﾌﾀﾅｼ
Name: 14, dtype: object",1.0,1.0,0.73,2000.0,6.0,6.726000000000001,2.84,0.1699999999999999,1.3850000000000002,0.6150000000000002,2.1700000000000004,0.08,2.1067961165048548,0.9185053725020286,7.738081420092701,0.2972907472026997,100.0,390.0,7.ファイナル前半,11,0.0,0.0,0.5714285714285714,0.8920606601248884,1.6666666666666667,1.0,1.1,1.8333333333333333,1.6666666666666667,2.241,2023-50
74,9015906A021    ,2023,50,4.0,23.0,24.0,（株）青山製作所,5.276666666666666,0.31,1.245,1.54,2.535,2.85,1.02,1.587094350322535,3.0,"箱種類    TP-331 ﾊﾝﾖｳ
箱種類     テンバコ１０フタナシ
Name: 15, dtype: object",1.0,8.0,9.0,1200.0,22.0,26.394166666666663,0.935,0.2949999999999999,0.995,0.3149999999999995,1.6049999999999995,0.08,1.5735294117647054,1.0112820322710026,6.064434617814276,0.5724220274812446,100.0,390.0,7.ファイナル前半,27,0.0,0.0,0.17391304347826098,0.8335175070249109,1.0454545454545454,1.0434782608695652,1.125,1.2272727272727273,1.0909090909090908,0.6595833333333333,2023-50
75,9015906A022    ,2023,50,2.0,30.0,23.0,（株）青山製作所,7.47,0.32,1.26,1.57,1.785,2.71,1.01,1.4097335109926716,3.0,"箱種類    TP-331 ﾊﾝﾖｳ
箱種類     テンバコ１０フタナシ
Name: 16, dtype: object",1.0,8.0,9.0,1500.0,30.0,37.38,0.94,0.31,0.215,0.9249999999999998,1.45,0.08,1.4356435643564356,1.028563192045406,2.14190093708166,0.579852849725448,100.0,390.0,8.ファイナル後半,36,0.0,0.0,0.05882352941176472,0.8025682182985553,1.0,0.7666666666666667,1.565217391304348,1.2,0.7666666666666667,0.93375,2023-50
76,9015906A023    ,2023,50,3.0,8.0,8.0,（株）青山製作所,1.7238461538461538,0.305,1.215,1.38,2.0,2.92,1.02,2.752293956959158,3.0,"箱種類    TP-331 ﾊﾝﾖｳ
箱種類     テンバコ１０フタナシ
Name: 17, dtype: object",1.0,8.0,9.0,1300.0,4.0,5.173846153846154,0.9099999999999998,0.165,0.6200000000000001,0.92,1.705,0.08,1.6715686274509804,0.619483248033488,13.922356091030789,0.2109107036112434,100.0,390.0,7.ファイナル前半,8,0.0,0.0,0.33333333333333326,0.7731192387749034,2.0,1.0,1.0,2.0,2.0,0.21548076923076923,2023-50
77,9020150A002    ,2023,50,4.0,14.0,17.0,（株）ムロコーポレーション,3.55,0.1,0.86,0.99,1.78,2.22,0.73,1.0202336380786532,1.0,"箱種類    TP-131 ﾊﾝﾖｳ
箱種類      ＴＰ３４１フタナシ
Name: 136, dtype: object",1.0,6.0,4.92,100.0,11.0,14.21,0.76,0.13,0.79,0.4400000000000001,1.3600000000000003,0.0,1.863013698630137,1.333027994020281,11.419870574800152,0.3281637360489878,100.0,390.0,3.ギヤサブ・共通部品,19,0.0,0.0,1.7142857142857144,0.7741027445460943,1.2727272727272727,1.2142857142857142,1.1176470588235294,1.7272727272727273,1.5454545454545454,0.5916666666666667,2023-50
78,9020156A001    ,2023,50,3.0,13.0,15.0,（株）ムロコーポレーション,3.56,0.1,0.855,0.995,1.87,2.1950000000000003,0.75,1.0402336380786532,1.0,"箱種類    TP-131 ﾊﾝﾖｳ
箱種類      ＴＰ３３１フタナシ
Name: 137, dtype: object",1.0,1.0,1.78,100.0,12.0,14.21,0.755,0.14,0.8750000000000001,0.3250000000000002,1.3400000000000003,0.0,1.786666666666667,1.2881721480138113,3.031282838897422,0.443178409204813,100.0,390.0,3.ギヤサブ・共通部品,18,0.0,0.0,0.3846153846153846,0.844475721323012,1.0833333333333333,1.1538461538461537,1.2,1.5,1.25,3.56,2023-50
79,9020156A002    ,2023,50,3.0,14.0,16.0,（株）ムロコーポレーション,3.9,0.1,0.86,1.0,1.75,2.2,0.73,0.9763357556349304,1.0,"箱種類       TP-131 ﾊﾝﾖｳ
箱種類    サンボックス＃２０Ｂフタナシ
Name: 138, dtype: object",1.0,2.0,5.82,100.0,13.0,15.7,0.76,0.14,0.75,0.4500000000000002,1.3400000000000003,0.0,1.8356164383561648,1.372478670648062,2.2558087074216107,0.681692888614027,100.0,390.0,3.ギヤサブ・共通部品,20,0.0,0.0,0.6666666666666667,0.8280254777070064,1.0769230769230769,1.1428571428571428,1.25,1.5384615384615385,1.2307692307692308,1.95,2023-50
231,9025006027     ,2023,50,,,,（株）水野鉄工所,,,,,,,,,,,,,,,,,,,,,,,,,,,,,,1,0.0,0.0,0.0,,,,,,,,2023-50
80,9025006A007    ,2023,50,2.0,16.0,11.0,（株）ギフ加藤製作所,3.55,0.195,3.97,4.33,4.565,5.015,0.76,1.0502336380786534,1.0,"箱種類      AW-131 ｾﾝﾖｳ
箱種類    サンボックス＃９Ｆフタナシ
Name: 52, dtype: object",1.0,1.0,1.9,200.0,10.0,14.16,3.775,0.3599999999999999,0.2349999999999994,0.4500000000000002,1.0449999999999997,0.12,1.3749999999999991,0.995016691630418,1.9426906265177268,0.3527218274896472,100.0,390.0,2.MGケース,13,0.0,0.0,0.18181818181818188,0.7062146892655368,1.6,0.6875,1.1818181818181819,1.3,1.1,3.55,2023-50
81,9030106A018    ,2023,50,6.0,8.0,10.0,ＮＯＫ（株）,2.028,0.33,3.85,4.08,4.65,5.1,0.56,2.046749346449767,3.0,"箱種類    TP-131 ﾊﾝﾖｳ
箱種類     テンバコ１０フタナシ
Name: 117, dtype: object",1.0,8.0,9.0,2000.0,3.0,6.077500000000001,3.52,0.2299999999999999,0.5700000000000003,0.4499999999999993,1.2499999999999996,0.03,2.2321428571428563,0.6107245140535719,23.66863905325444,0.2497550417821219,100.0,390.0,4.TA・カバー・メイン,10,0.0,0.0,1.0,0.4936240230357877,2.6666666666666665,1.25,1.0,3.3333333333333335,3.3333333333333335,0.2535,2023-50
82,9030111A014    ,2023,50,4.0,17.0,17.0,ＮＯＫ（株）,3.735,0.24,3.85,4.08,4.65,5.06,0.56,1.3594670219853433,3.0,"箱種類        TP-131 ﾊﾝﾖｳ
箱種類    サンボックス＃Ｋ１０Ｂフタナシ
Name: 118, dtype: object",1.0,8.0,9.0,1000.0,12.0,14.95,3.61,0.2299999999999999,0.5700000000000003,0.4099999999999992,1.2099999999999995,0.03,2.1607142857142847,0.8900546908691727,8.56760374832664,0.4337816693600484,100.0,390.0,2.MGケース,18,0.0,0.0,0.5,0.802675585284281,1.4166666666666667,1.0,1.0588235294117647,1.5,1.4166666666666667,0.466875,2023-50
83,9030115A011    ,2023,50,3.0,4.0,4.0,ＮＯＫ（株）,0.78,0.15,3.95,4.11,6.04,6.68,0.6,1.831678778174652,1.0,"箱種類          TP-131 ﾊﾝﾖｳ
箱種類    ｻﾝﾎﾞｯｸｽ＃K-10Bﾌﾀﾅｼ
Name: 119, dtype: object",1.0,8.0,9.0,1000.0,1.0,0.78,3.8,0.1600000000000001,1.93,0.6399999999999997,2.7299999999999995,0.03,4.55,1.4904360046801242,30.769230769230763,0.0970693759808051,100.0,390.0,2.MGケース,3,0.0,0.0,0.5,1.282051282051282,4.0,1.0,0.75,3.0,4.0,0.0975,2023-50
84,9030117A010    ,2023,50,3.0,5.0,5.0,ＮＯＫ（株）,1.1035,0.145,3.945,4.095,6.615,7.16,0.58,3.3196009314643167,3.0,"箱種類       TP-131 ﾊﾝﾖｳ
箱種類    サンボックス＃２４Ｂフタナシ
Name: 120, dtype: object",1.0,2.0,3.52,1000.0,2.0,2.207,3.8,0.1499999999999994,2.5200000000000005,0.5449999999999999,3.215,0.03,5.543103448275862,0.968489907785941,12.02930338304109,0.2374126130884322,100.0,390.0,3.ギヤサブ・共通部品,5,0.0,0.0,1.5,0.9062075215224287,2.5,1.0,1.0,2.5,2.5,0.55175,2023-50
85,9030119A010    ,2023,50,1.0,4.0,3.0,ＮＯＫ（株）,0.781,0.145,3.945,4.1,5.4,6.695,0.58,1.811678778174652,1.0,"箱種類       TP-131 ﾊﾝﾖｳ
箱種類    サンボックス＃２４Ｂフタナシ
Name: 121, dtype: object",1.0,2.0,3.52,1000.0,2.0,1.562,3.8,0.1549999999999993,1.3000000000000007,1.295,2.75,0.03,4.741379310344828,1.5179291346398334,5.665529783690073,0.1640667613040795,100.0,390.0,7.ファイナル前半,4,0.0,0.0,1.0,1.2804097311139564,2.0,0.75,1.3333333333333333,2.0,1.5,0.3905,2023-50
86,9030119A011    ,2023,50,4.0,15.0,16.0,ＮＯＫ（株）,3.55,0.15,1.94,2.17,3.59,3.67,0.54,0.8302336380786534,1.0,"箱種類    TP-131 ﾊﾝﾖｳ
箱種類      ＴＰ３３１フタナシ
Name: 122, dtype: object",1.0,1.0,2.28,200.0,13.0,14.16,1.79,0.2299999999999999,1.42,0.08,1.73,0.03,3.203703703703704,2.083750790926284,3.435245620061835,0.558445072905642,100.0,390.0,7.ファイナル前半,18,0.0,0.0,0.5,0.9180790960451978,1.1538461538461537,1.0666666666666667,1.125,1.3846153846153846,1.2307692307692308,3.55,2023-50
87,9031150A014    ,2023,50,4.0,39.0,39.0,ＮＯＫ（株）,8.892857142857142,0.15,1.94,2.17,2.72,3.085,0.54,0.6519253830779481,1.0,"箱種類         B-24
箱種類    ＴＰ３３１フタナシ
Name: 123, dtype: object",1.0,1.0,2.28,84.0,36.0,44.5,1.79,0.2299999999999999,0.5499999999999998,0.3650000000000002,1.145,0.03,2.1203703703703702,1.756335969914362,1.371339014594965,0.3735232170871597,100.0,390.0,8.ファイナル後半,45,0.0,0.0,0.2857142857142858,0.8089887640449438,1.0833333333333333,1.0,1.1538461538461537,1.25,1.0833333333333333,8.892857142857142,2023-50
88,9031150A015    ,2023,50,4.0,41.0,39.0,ＮＯＫ（株）,8.892857142857142,0.15,1.94,2.23,2.92,3.22,0.53,0.6419253830779481,1.0,"箱種類           B-24
箱種類    ＴＰ３３１．５フタナシ
Name: 124, dtype: object",1.0,1.0,3.05,84.0,39.0,44.5,1.79,0.29,0.69,0.3000000000000002,1.2800000000000002,0.03,2.415094339622642,1.994001224663477,1.110615300709009,0.3828441670938068,100.0,390.0,8.ファイナル後半,46,0.0,0.0,0.3142857142857143,0.8764044943820225,1.0512820512820513,0.9512195121951219,1.1794871794871795,1.1794871794871795,1.0,8.892857142857142,2023-50
89,9033904A002    ,2023,50,3.0,4.0,3.0,サトープレス工業（株）,0.747,0.13,3.95,4.22,5.2,5.75,0.65,1.9824450366422384,1.0,"箱種類        AW-131 ｾﾝﾖｳ
箱種類    ｻﾝﾎﾞｯｸｽ＃24Aﾌﾀｱﾘ
Name: 76, dtype: object",1.0,4.0,4.0,1000.0,1.0,0.747,3.82,0.2699999999999996,0.9800000000000004,0.5499999999999998,1.7999999999999998,0.0,2.7692307692307687,0.9079696872952128,32.1285140562249,0.0927282103012252,100.0,390.0,4.TA・カバー・メイン,3,0.0,0.0,2.0,1.3386880856760375,4.0,0.75,1.0,3.0,3.0,0.18675,2023-50
90,9034108A006    ,2023,50,2.0,15.0,15.0,（株）杉浦製作所,3.344,0.265,0.91,1.125,1.625,2.035,0.53,1.4264455932228717,3.0,"箱種類    TP-331 ﾊﾝﾖｳ
箱種類      ＴＰ３３１フタナシ
Name: 91, dtype: object",1.0,6.0,5.76,1000.0,14.0,16.729,0.645,0.2149999999999999,0.5,0.4100000000000001,1.125,0.12,2.1226415094339623,0.7886736131717482,5.308456725460774,0.3315105744430426,100.0,390.0,2.MGケース,18,0.0,0.0,0.2857142857142858,0.836870105804292,1.0714285714285714,1.0,1.2,1.2857142857142858,1.0714285714285714,0.5573333333333333,2023-50
91,9034108A010    ,2023,50,2.0,2.0,3.0,（株）杉浦製作所,0.714,0.13,0.68,0.9,1.9,2.38,0.47,1.9211681903932665,1.0,"箱種類    TP-331 ﾊﾝﾖｳ
箱種類      ＴＰ３３１フタナシ
Name: 92, dtype: object",1.0,6.0,5.76,1000.0,1.0,0.714,0.55,0.2199999999999999,1.0,0.48,1.6999999999999995,0.12,3.617021276595744,0.8848782779669108,24.862015812242056,0.0799465451424799,100.0,390.0,2.MGケース,3,0.0,0.0,0.5,1.400560224089636,2.0,1.5,1.0,3.0,3.0,0.119,2023-50
92,9034114A004    ,2023,50,2.0,2.0,3.0,（株）青山製作所,0.714,2.33,3.22,3.7,5.73,6.21,1.0,2.4511681903932665,1.0,"箱種類        TP-331 ﾊﾝﾖｳ
箱種類    サンボックス＃Ｋ１０Ｂフタナシ
Name: 18, dtype: object",1.0,8.0,9.0,500.0,1.0,0.714,0.8900000000000001,0.48,2.03,0.4799999999999995,2.99,0.08,2.99,1.2198265348410395,22.408963585434176,0.0887551109316755,100.0,390.0,2.MGケース,3,0.0,0.0,0.5,1.400560224089636,2.0,1.5,1.0,3.0,3.0,0.08925,2023-50
245,9034118060     ,2023,50,,,,住友商事（株）鉄鋼部輸送機材,,,,,,,,,,,,,,,,,,,,,,,,,,,,,,6,0.0,0.0,0.0,,,,,,,,2023-50
93,9034118090     ,2023,50,5.0,10.0,11.0,（株）杉浦製作所,2.49,0.4,0.92,1.17,3.98,4.11,0.58,1.7792005329780145,3.0,"箱種類    TP-331 ﾊﾝﾖｳ
箱種類      ＴＰ３３１フタナシ
Name: 93, dtype: object",1.0,6.0,5.76,300.0,7.0,9.966666666666669,0.52,0.2499999999999999,2.81,0.1300000000000003,3.1900000000000004,0.12,5.500000000000001,1.792940110388006,17.822770371426532,0.2722974827655562,100.0,390.0,4.TA・カバー・メイン,13,0.0,0.0,1.6,0.7023411371237457,1.4285714285714286,1.1,1.1818181818181819,1.8571428571428572,1.5714285714285714,0.41500000000000004,2023-50
94,9034118A024    ,2023,50,7.0,7.0,9.0,（株）青山製作所,1.955,0.32,3.16,3.45,6.12,6.42,1.06,2.5380145338095828,3.0,"箱種類    TP-131 ﾊﾝﾖｳ
箱種類      ＴＰ１３１フタナシ
Name: 19, dtype: object",1.0,2.0,2.34,200.0,3.0,3.905,2.8400000000000003,0.29,2.67,0.2999999999999998,3.26,0.08,3.075471698113207,1.2844686098415323,21.440494969141,0.3108935551363663,100.0,390.0,2.MGケース,9,0.0,0.0,0.8,0.7682458386683739,2.3333333333333335,1.2857142857142858,1.0,3.0,3.0,0.9775,2023-50
95,9036324A003    ,2023,50,6.0,66.0,74.0,日本精工（株）,16.181818181818183,0.15,1.34,1.55,1.87,2.13,0.74,0.8038514003773037,1.0,"箱種類    T-10 ﾊﾝﾖｳ
箱種類    ＴＰ３４１フタナシ
Name: 128, dtype: object",1.0,6.0,4.92,22.0,69.0,80.77272727272728,1.1900000000000002,0.2099999999999999,0.32,0.2599999999999998,0.7899999999999998,0.09,1.067567567567567,0.9827687052970208,3.7579714546006673,0.8259875438178883,100.0,390.0,1.デフ・大物ギヤ・Brg,82,0.0,0.0,0.17142857142857149,0.8542487338210466,0.9565217391304348,1.121212121212121,1.1081081081081081,1.1884057971014492,1.0724637681159421,2.6969696969696972,2023-50
96,9036324A004    ,2023,50,15.0,104.0,115.0,日本精工（株）,24.9,0.13,1.33,1.56,2.16,2.335,0.74,0.7799733510992671,1.0,"箱種類    T-10 ﾊﾝﾖｳ
箱種類     Aﾊﾟﾚﾌﾀﾅｼ
Name: 129, dtype: object",1.0,24.0,19.68,30.0,106.0,124.6,1.2000000000000002,0.2299999999999999,0.6000000000000001,0.1749999999999998,1.005,0.09,1.358108108108108,1.2885055605856124,6.991214373936753,1.617474875240567,100.0,390.0,1.デフ・大物ギヤ・Brg,128,0.0,0.0,0.09401709401709413,0.8507223113964687,0.9811320754716981,1.1057692307692308,1.1130434782608696,1.2075471698113207,1.0849056603773586,1.0374999999999999,2023-50
97,9036324A005    ,2023,50,15.0,74.0,83.0,日本精工（株）,17.772727272727273,0.15,1.36,1.56,2.45,2.57,0.69,0.7441938662396846,1.0,"箱種類    T-10 ｾﾝﾖｳ
箱種類    ＴＰ３４１フタナシ
Name: 130, dtype: object",1.0,6.0,4.92,22.0,71.0,89.13636363636363,1.2100000000000002,0.1999999999999999,0.8900000000000001,0.1199999999999996,1.2099999999999995,0.09,1.753623188405797,1.6259204152191864,8.553950369807147,1.2092183117751851,100.0,390.0,1.デフ・大物ギヤ・Brg,92,0.0,0.0,0.05747126436781613,0.796532381438042,1.0422535211267605,1.1216216216216217,1.108433734939759,1.295774647887324,1.1690140845070423,2.9621212121212124,2023-50
98,9036340A010    ,2023,50,11.0,78.0,87.0,日本精工（株）,18.675,0.15,1.36,1.56,2.16,2.56,0.74,0.8998934043970686,3.0,"箱種類    T-10 ｾﾝﾖｳ
箱種類    ＴＰ３４１フタナシ
Name: 132, dtype: object",1.0,6.0,4.92,80.0,75.0,93.45,1.2100000000000002,0.1999999999999999,0.6000000000000001,0.3999999999999999,1.2,0.09,1.6216216216216215,1.3334912714512046,5.969825246933681,1.0982345608243644,100.0,390.0,,94,0.0,0.0,0.09302325581395343,0.8025682182985554,1.04,1.1153846153846154,1.0804597701149425,1.2533333333333334,1.16,3.1125000000000003,2023-50
99,9036345A004    ,2023,50,9.0,34.0,37.0,岡谷鋼機（株）,8.3,0.14,4.4,4.68,5.14,5.47,0.68,0.7999200532978015,1.0,"箱種類    ｻﾝﾎﾞｯｸｽ#9T
箱種類     ＴＰ３４１フタナシ
Name: 46, dtype: object",1.0,6.0,4.92,90.0,29.0,33.22222222222223,4.260000000000001,0.2799999999999993,0.4599999999999999,0.33,1.0699999999999994,0.0,1.573529411764705,1.337633674251257,10.98990556821882,0.7037716505990235,100.0,390.0,4.TA・カバー・メイン,42,0.0,0.0,0.6799999999999999,0.8729096989966554,1.1724137931034482,1.088235294117647,1.135135135135135,1.4482758620689655,1.2758620689655173,1.3833333333333335,2023-50
100,9036628A005    ,2023,50,5.0,28.0,26.0,（株）ジェイテクト,5.916666666666667,0.09,2.02,2.6,3.63,3.82,0.62,0.794140182847192,1.0,"箱種類       PT- 9 ｾﾝﾖｳ
箱種類    サンボックス＃９Ｆフタナシ
Name: 55, dtype: object",1.0,1.0,1.9,60.0,23.0,29.616666666666667,1.93,0.5800000000000001,1.0299999999999998,0.1899999999999999,1.7999999999999998,0.0,2.9032258064516125,2.266602344118324,2.91403593977659,0.5478529896768692,100.0,390.0,1.デフ・大物ギヤ・Brg,30,0.0,0.0,0.36363636363636354,0.7765897580191333,1.2173913043478262,0.9285714285714286,1.1538461538461537,1.3043478260869565,1.1304347826086956,5.916666666666667,2023-50
101,9036628A006    ,2023,50,3.0,21.0,17.0,（株）ジェイテクト,4.4375,0.09,2.02,2.6,3.27,3.92,0.62,0.8521869104629226,1.0,"箱種類       PT- 9 ｾﾝﾖｳ
箱種類    サンボックス＃９Ｆフタナシ
Name: 56, dtype: object",1.0,1.0,1.9,80.0,17.0,17.7,1.93,0.5800000000000001,0.6699999999999999,0.6499999999999999,1.9,0.0,3.064516129032258,2.2295578313540245,2.331228751821272,0.4291474823213096,100.0,390.0,1.デフ・大物ギヤ・Brg,23,0.0,0.0,0.4375,0.96045197740113,1.2352941176470589,0.8095238095238095,1.3529411764705883,1.3529411764705883,1.0,4.4375,2023-50
102,9036628A007    ,2023,50,7.0,28.0,25.0,（株）ジェイテクト,5.430555555555555,0.09,4.01,4.27,4.76,5.13,0.57,0.7473617440571498,1.0,"箱種類       PT- 9 ｾﾝﾖｳ
箱種類    サンボックス＃９Ｆフタナシ
Name: 57, dtype: object",1.0,1.0,1.9,72.0,19.0,21.86111111111111,3.92,0.2599999999999998,0.4900000000000002,0.3700000000000001,1.12,0.0,1.9649122807017547,1.498604937844337,4.444836405326749,0.6898645283779846,100.0,390.0,1.デフ・大物ギヤ・Brg,28,0.0,0.0,0.4736842105263157,0.8691232528589581,1.4736842105263157,0.8928571428571429,1.12,1.4736842105263157,1.3157894736842106,5.430555555555555,2023-50
103,9036628A008    ,2023,50,5.0,20.0,18.0,（株）ジェイテクト,3.91,0.09,4.01,4.27,4.92,5.65,0.58,0.8263357556349303,1.0,"箱種類    PT- 9 ｾﾝﾖｳ
箱種類     ＡＷ１３１フタナシ
Name: 58, dtype: object",1.0,1.0,1.78,100.0,13.0,15.74,3.92,0.2599999999999998,0.6500000000000004,0.7300000000000004,1.6400000000000006,0.0,2.827586206896553,1.9846654205830367,4.599900642146128,0.5743561043926129,100.0,390.0,1.デフ・大物ギヤ・Brg,20,0.0,0.0,0.4285714285714286,0.8259212198221093,1.5384615384615385,0.9,1.1111111111111112,1.5384615384615385,1.3846153846153846,3.91,2023-50
104,9036630A017    ,2023,50,9.0,53.0,48.0,（株）ジェイテクト,10.375,0.09,2.02,2.6,3.705,3.915,0.6,0.6959360426382412,1.0,"箱種類        PT- 9 ｾﾝﾖｳ
箱種類    サンボックス＃２４Ａフタアリ
Name: 59, dtype: object",1.0,4.0,4.0,72.0,42.0,51.91666666666667,1.93,0.5800000000000001,1.105,0.2099999999999999,1.895,0.0,3.1583333333333337,2.72295136894505,6.9397590361445785,0.8953211380286753,100.0,390.0,1.デフ・大物ギヤ・Brg,54,0.0,0.0,0.3500000000000001,0.8089887640449438,1.2619047619047619,0.9056603773584906,1.125,1.2857142857142858,1.1428571428571428,2.59375,2023-50
105,9036630A018    ,2023,50,12.0,101.0,90.0,（株）ジェイテクト,19.657894736842103,0.09,2.02,2.6,3.29,3.6,0.34,0.4918987341772152,3.0,"箱種類        PT- 9 ｾﾝﾖｳ
箱種類    サンボックス＃２４Ａフタアリ
Name: 60, dtype: object",1.0,4.0,4.0,38.0,86.0,98.36842105263158,1.93,0.5800000000000001,0.69,0.3099999999999996,1.5799999999999996,0.0,4.64705882352941,3.2120432321152848,4.883534136546184,1.1130793489587676,100.0,390.0,1.デフ・大物ギヤ・Brg,101,0.0,0.0,0.32894736842105265,0.8742643124665597,1.1744186046511629,0.8910891089108911,1.1222222222222222,1.1744186046511629,1.0465116279069768,4.914473684210526,2023-50
106,9036652A003    ,2023,50,8.0,33.0,30.0,（株）ジェイテクト,6.516666666666667,0.09,4.01,4.27,4.74,5.01,0.57,0.7178014533809582,1.0,"箱種類        PT- 9 ｾﾝﾖｳ
箱種類    サンボックス＃２４Ａフタアリ
Name: 61, dtype: object",1.0,4.0,4.0,60.0,24.0,26.23333333333333,3.92,0.2599999999999998,0.4700000000000006,0.2699999999999996,1.0,0.0,1.7543859649122808,1.3931429022466335,9.820971867007673,0.6793494490601936,100.0,390.0,1.デフ・大物ギヤ・Brg,34,0.0,0.0,0.3600000000000001,0.914866581956798,1.375,0.9090909090909091,1.1333333333333333,1.4166666666666667,1.25,1.6291666666666667,2023-50
107,9036652A004    ,2023,50,8.0,33.0,28.0,（株）ジェイテクト,6.206349206349207,0.09,4.01,4.27,4.79,4.984999999999999,0.57,0.7251915260500061,1.0,"箱種類        PT- 9 ｾﾝﾖｳ
箱種類    サンボックス＃２４Ａフタアリ
Name: 62, dtype: object",1.0,4.0,4.0,63.0,24.0,24.984126984126984,3.92,0.2599999999999998,0.5200000000000005,0.1949999999999994,0.9749999999999996,0.0,1.7105263157894732,1.344472411737431,10.312020460358053,0.6571421997376955,100.0,390.0,1.デフ・大物ギヤ・Brg,32,0.0,0.0,0.4545454545454546,0.9606099110546379,1.375,0.8484848484848485,1.1428571428571428,1.3333333333333333,1.1666666666666667,1.5515873015873018,2023-50
108,9036658A001    ,2023,50,4.0,38.0,33.0,（株）ジェイテクト,7.911111111111111,0.09,2.02,2.32,3.13,3.35,0.57,0.700605137135394,1.0,"箱種類         PT- 9 ｾﾝﾖｳ
箱種類    ｻﾝﾎﾞｯｸｽ＃24Aﾌﾀｱﾘ
Name: 63, dtype: object",1.0,4.0,4.0,45.0,33.0,39.488888888888894,1.93,0.2999999999999998,0.81,0.2200000000000002,1.33,0.0,2.333333333333333,1.8983589036158808,4.044943820224719,0.6232202044722469,100.0,390.0,1.デフ・大物ギヤ・Brg,40,0.0,0.0,0.33333333333333326,0.835678109172763,1.1515151515151516,0.868421052631579,1.2121212121212122,1.2121212121212122,1.0,1.9777777777777779,2023-50
109,9036658A002    ,2023,50,7.0,48.0,45.0,（株）ジェイテクト,9.88888888888889,0.09,2.02,2.32,3.27,3.61,0.59,0.6944841097083152,1.0,"箱種類        PT- 9 ｾﾝﾖｳ
箱種類    サンボックス＃２４Ａフタアリ
Name: 64, dtype: object",1.0,4.0,4.0,36.0,41.0,49.36111111111112,1.93,0.2999999999999998,0.9500000000000002,0.3399999999999998,1.59,0.0,2.694915254237288,2.2894692301423616,5.662921348314606,0.811162709951825,100.0,390.0,1.デフ・大物ギヤ・Brg,50,0.0,0.0,0.4285714285714286,0.8306133933595946,1.170731707317073,0.9375,1.1111111111111112,1.2195121951219512,1.0975609756097562,2.4722222222222223,2023-50
110,9036659A009    ,2023,50,17.0,105.0,96.0,（株）ジェイテクト,20.75,0.09,2.02,2.65,3.61,3.71,0.59,0.6379680213191206,1.0,"箱種類        PT- 9 ｾﾝﾖｳ
箱種類    サンボックス＃２４Ａフタアリ
Name: 65, dtype: object",1.0,4.0,4.0,36.0,87.0,103.83333333333334,1.93,0.6299999999999999,0.96,0.1,1.69,0.0,2.864406779661017,2.649035599786965,6.554216867469879,1.3302849600490254,100.0,390.0,1.デフ・大物ギヤ・Brg,106,0.0,0.0,0.35897435897435903,0.8378812199036917,1.206896551724138,0.9142857142857143,1.1041666666666667,1.2183908045977012,1.103448275862069,5.1875,2023-50
111,9036659A010    ,2023,50,16.0,105.0,95.0,（株）ジェイテクト,20.75,0.09,2.02,2.65,3.625,3.74,0.59,0.6379680213191206,1.0,"箱種類        PT- 9 ｾﾝﾖｳ
箱種類    サンボックス＃２４Ａフタアリ
Name: 66, dtype: object",1.0,4.0,4.0,36.0,88.0,103.83333333333334,1.93,0.6299999999999999,0.975,0.1150000000000002,1.7200000000000002,0.0,2.9152542372881363,2.6960599003749,6.168674698795181,1.2909811164847984,100.0,390.0,1.デフ・大物ギヤ・Brg,107,0.0,0.0,0.28915662650602414,0.8475120385232744,1.1931818181818181,0.9047619047619048,1.1263157894736842,1.2159090909090908,1.0795454545454546,5.1875,2023-50
112,9050827A011    ,2023,50,2.0,7.0,8.0,（株）東郷製作所,1.775,0.08,1.47,1.66,2.14,2.66,0.82,1.4004672761573067,1.0,"箱種類    TP-331 ﾊﾝﾖｳ
箱種類      ＴＰ３３１フタアリ
Name: 113, dtype: object",1.0,1.0,1.79,200.0,5.0,7.08,1.39,0.1899999999999999,0.4800000000000002,0.52,1.1900000000000002,0.08,1.4512195121951224,0.8497163912784879,4.038568327527892,0.3388499042269843,100.0,390.0,4.TA・カバー・メイン,9,0.0,0.0,0.8,0.7062146892655368,1.4,1.1428571428571428,1.125,1.8,1.6,1.775,2023-50
113,9052409A003    ,2023,50,2.0,4.0,4.0,（株）東郷製作所,0.711,0.14,2.46,2.56,3.5650000000000004,5.085,0.82,2.2711681903932663,1.0,"箱種類    TP-331 ﾊﾝﾖｳ
箱種類      TP131ﾌﾀﾅｼ
Name: 114, dtype: object",1.0,1.0,0.73,500.0,2.0,1.422,2.32,0.1,1.0050000000000003,1.5199999999999996,2.625,0.08,3.2012195121951224,1.1557928695476605,16.259766021966943,0.1176033655623365,100.0,390.0,4.TA・カバー・メイン,3,0.0,0.0,2.0,1.4064697609001406,2.0,1.0,0.75,1.5,2.0,0.711,2023-50
114,9056439A005    ,2023,50,13.0,9.0,10.0,（株）ムロコーポレーション,2.45,2.1,2.86,3.0,5.39,5.97,0.93,2.1078563015312133,3.0,"箱種類    TP-131 ﾊﾝﾖｳ
箱種類    ＴＰ３３１．５フタアリ
Name: 143, dtype: object",1.0,2.0,3.92,100.0,1.0,2.45,0.7599999999999998,0.1400000000000001,2.39,0.5800000000000001,3.11,0.0,3.344086021505376,1.475432645831121,21.56960345113655,0.5672619154387627,100.0,390.0,,8,0.0,0.0,1.6666666666666665,0.4081632653061224,9.0,1.1111111111111112,0.8,8.0,10.0,1.225,2023-50
115,9056439A006    ,2023,50,4.0,7.0,7.0,（株）ムロコーポレーション,0.87,0.1,0.86,0.99,1.8,2.2,0.93,4.257787021630615,3.0,"箱種類    TP-131 ﾊﾝﾖｳ
箱種類    ＴＰ３３１．５フタアリ
Name: 144, dtype: object",1.0,2.0,3.92,100.0,3.0,2.63,0.76,0.13,0.81,0.4000000000000001,1.3400000000000003,0.0,1.4408602150537635,0.3147174795715398,18.6898420708345,0.2086774111823776,100.0,390.0,,6,0.0,0.0,2.0,1.1406844106463878,2.3333333333333335,1.0,0.8571428571428571,2.0,2.3333333333333335,0.435,2023-50
116,9056450A002    ,2023,50,8.0,10.0,10.0,（株）ムロコーポレーション,0.79,2.1,2.86,3.0,3.77,4.03,0.93,4.84644908616188,3.0,"箱種類    TP-131 ﾊﾝﾖｳ
箱種類       Ｔ２０３フタナシ
Name: 149, dtype: object",1.0,2.0,5.82,100.0,3.0,1.58,0.7599999999999998,0.1400000000000001,0.77,0.2600000000000002,1.1700000000000004,0.0,1.2580645161290327,0.241413863882469,29.696722224284493,0.265505326682445,100.0,390.0,,11,0.0,0.0,4.5,1.8987341772151898,3.3333333333333335,1.0,1.1,3.6666666666666665,3.3333333333333335,0.395,2023-50
117,9056450A003    ,2023,50,13.0,5.0,6.0,（株）ムロコーポレーション,2.24,2.1,2.86,3.0,5.91,6.38,0.93,2.3182461823229987,3.0,"箱種類    TP-131 ﾊﾝﾖｳ
箱種類    ＴＰ３３１．５フタアリ
Name: 150, dtype: object",1.0,2.0,3.92,100.0,1.0,2.24,0.7599999999999998,0.1400000000000001,2.91,0.4699999999999997,3.52,0.0,3.78494623655914,1.5183892145884108,23.5917537746806,0.5236919491708609,100.0,390.0,,1,0.0,0.0,0.0,0.4464285714285714,5.0,1.2,0.16666666666666666,1.0,6.0,1.12,2023-50
270,9056451A084    ,2023,50,,,,（株）ムロコーポレーション,,,,,,,,,,,,,,,,,,,,,,,,,,,,,,1,0.0,0.0,0.0,,,,,,,,2023-50
118,9056455A042    ,2023,50,10.0,3.0,3.0,（株）ムロコーポレーション,0.49,0.1,0.86,0.99,1.03,2.2,0.93,7.219308176100628,3.0,"箱種類    TP-131 ﾊﾝﾖｳ
箱種類    ＴＰ３３１．５フタアリ
Name: 228, dtype: object",1.0,2.0,3.92,100.0,1.0,0.49,0.76,0.13,0.04,1.1700000000000002,1.3400000000000003,0.0,1.4408602150537635,0.1856133534285242,82.96001327360212,0.1201496873726365,100.0,390.0,,1,0.0,0.0,0.0,2.0408163265306123,3.0,1.0,0.3333333333333333,1.0,3.0,0.245,2023-50
273,9056457A131    ,2023,50,,,,（株）ムロコーポレーション,,,,,,,,,,,,,,,,,,,,,,,,,,,,,,1,0.0,0.0,0.0,,,,,,,,2023-50
119,9056457A132    ,2023,50,2.0,4.0,4.0,（株）ムロコーポレーション,0.15,1.1,1.86,1.99,3.355,4.46,0.93,20.602131147540984,3.0,"箱種類    TP-131 ﾊﾝﾖｳ
箱種類      ＴＰ３３１フタナシ
Name: 271, dtype: object",1.0,6.0,5.76,100.0,2.0,0.3,0.7599999999999998,0.1300000000000001,1.365,1.105,2.6,0.0,2.7956989247311825,0.1262005363124935,118.34319526627218,0.0168953601117293,100.0,390.0,,5,0.0,0.0,1.5,6.666666666666667,2.0,1.0,1.25,2.5,2.0,0.024999999999999998,2023-50
120,9056457A133    ,2023,50,1.0,5.0,4.0,（株）ムロコーポレーション,0.22,0.1,0.86,0.99,1.89,2.98,0.93,13.86103448275862,3.0,"箱種類    TP-131 ﾊﾝﾖｳ
箱種類      TP341ﾌﾀﾅｼ
Name: 272, dtype: object",1.0,4.0,8.04,100.0,3.0,0.67,0.76,0.13,0.8999999999999999,1.09,2.12,0.0,2.2795698924731185,0.1529467373187054,20.11263073209976,0.0495573764779401,100.0,390.0,,6,0.0,0.0,2.0,4.477611940298507,1.6666666666666667,0.8,1.5,2.0,1.3333333333333333,0.055,2023-50
121,9056457A134    ,2023,50,7.0,2.0,3.0,（株）ムロコーポレーション,0.89,2.1,2.86,3.0,6.03,7.0,0.93,4.15061191626409,3.0,"箱種類    TP-131 ﾊﾝﾖｳ
箱種類      TP341ﾌﾀﾅｼ
Name: 273, dtype: object",1.0,4.0,8.04,100.0,1.0,0.89,0.7599999999999998,0.1400000000000001,3.03,0.9699999999999998,4.140000000000001,0.0,4.451612903225807,0.9974432887299084,34.801630704981605,0.1996085920459286,100.0,390.0,,1,0.0,0.0,0.0,1.1235955056179776,2.0,1.5,0.3333333333333333,1.0,3.0,0.2225,2023-50
276,9056463A032    ,2023,50,,,,（株）ムロコーポレーション,,,,,,,,,,,,,,,,,,,,,,,,,,,,,,2,0.0,0.0,0.0,,,,,,,,2023-50
122,9056463A033    ,2023,50,3.0,4.0,4.0,（株）ムロコーポレーション,0.1,0.1,0.86,0.98,1.03,2.0,0.93,29.09901408450704,3.0,"箱種類    TP-131 ﾊﾝﾖｳ
箱種類      ＴＰ３４１フタナシ
Name: 321, dtype: object",1.0,6.0,4.92,100.0,1.0,0.1,0.76,0.12,0.05,0.97,1.14,0.0,1.2258064516129032,0.0391765850447476,304.054054054054,0.0098659636254068,100.0,390.0,,5,0.0,0.0,4.0,10.0,4.0,1.0,1.25,5.0,4.0,0.016666666666666666,2023-50
123,9056463A034    ,2023,50,3.0,3.0,3.0,（株）ムロコーポレーション,0.04,2.1,2.86,3.0,4.02,5.44,0.93,66.14739130434783,3.0,"箱種類    TP-131 ﾊﾝﾖｳ
箱種類      ＴＰ３４１フタナシ
Name: 322, dtype: object",1.0,6.0,4.92,100.0,1.0,0.04,0.7599999999999998,0.1400000000000001,1.0199999999999996,1.4200000000000008,2.5800000000000005,0.0,2.774193548387097,0.0390038057302861,760.1351351351351,0.0039466216693327,100.0,390.0,,3,0.0,0.0,0.0,25.0,3.0,1.0,1.0,3.0,3.0,0.006666666666666667,2023-50
124,9093003179     ,2023,50,1.0,7.0,5.0,（株）青山製作所,1.594,0.3399999999999999,2.225,2.49,2.995,4.1850000000000005,1.0,1.7032348804500703,1.0,"箱種類    TP-331 ﾊﾝﾖｳ
箱種類       Aﾊﾟﾚﾌﾀﾅｼ
Name: 20, dtype: object",1.0,24.0,19.68,500.0,4.0,4.682,1.885,0.2650000000000001,0.5049999999999999,1.1900000000000004,1.9600000000000004,0.08,1.9600000000000004,1.1507514450867051,7.280687491050821,0.134647417484526,100.0,390.0,7.ファイナル前半,8,0.0,0.0,0.33333333333333326,0.8543357539513028,1.75,0.7142857142857143,1.6,2.0,1.25,0.06641666666666667,2023-50
125,9094906A012    ,2023,50,3.0,24.0,24.0,中庸スプリング（株）,5.194,0.17,1.355,1.65,2.125,2.8150000000000004,0.63,1.2078008898133703,3.0,"箱種類    TP-131 ﾊﾝﾖｳ
箱種類      TP341ﾌﾀﾅｼ
Name: 104, dtype: object",1.0,4.0,8.04,500.0,20.0,25.982,1.185,0.2949999999999999,0.4750000000000001,0.6900000000000004,1.4600000000000004,0.1,2.317460317460318,1.2088085149743515,2.5557058689229577,0.7292339921198576,100.0,390.0,4.TA・カバー・メイン,28,0.0,0.0,0.75,0.7697636825494574,1.2,1.0,1.1666666666666667,1.4,1.2,1.2985,2023-50
126,9155180614     ,2023,50,3.0,11.0,11.0,（株）青山製作所,2.466666666666667,0.32,1.26,1.44,2.16,2.48,1.08,2.2991487632413103,3.0,"箱種類    TP-331 ﾊﾝﾖｳ
箱種類      ＴＰ３３１フタナシ
Name: 21, dtype: object",1.0,2.0,1.06,1500.0,7.0,9.876,0.94,0.1799999999999999,0.7200000000000002,0.3199999999999998,1.22,0.08,1.1296296296296295,0.5306311707642875,11.80792442928365,0.2278840245120001,100.0,390.0,3.ギヤサブ・共通部品,12,0.0,0.0,0.5,0.7087889833940867,1.5714285714285714,1.0,1.0909090909090908,1.7142857142857142,1.5714285714285714,1.2333333333333334,2023-50
127,9155180640     ,2023,50,4.0,6.0,7.0,（株）青山製作所,1.494,0.35,2.21,2.435,4.0,4.9,1.08,3.0786675549633578,3.0,"箱種類    TP-331 ﾊﾝﾖｳ
箱種類      ＴＰ１３１フタナシ
Name: 22, dtype: object",1.0,1.0,0.73,1000.0,4.0,4.482,1.86,0.2250000000000001,1.565,0.9000000000000004,2.6900000000000004,0.08,2.490740740740741,0.8737546201320905,15.476162840185404,0.2346748130216394,100.0,390.0,3.ギヤサブ・共通部品,8,0.0,0.0,1.6666666666666665,0.8924587237840249,1.5,1.1666666666666667,1.1428571428571428,2.0,1.75,1.494,2023-50
128,9161140614     ,2023,50,6.0,19.0,22.0,（株）青山製作所,4.7808,0.32,1.26,1.69,3.53,3.89,1.06,1.6845836109260492,3.0,"箱種類    TP-331 ﾊﾝﾖｳ
箱種類      ＴＰ３３１フタナシ
Name: 23, dtype: object",1.0,1.0,2.28,2500.0,15.0,19.136,0.94,0.4299999999999999,1.84,0.3600000000000003,2.63,0.08,2.481132075471698,1.561216660866264,3.826280732686845,0.6782634084825124,100.0,390.0,3.ギヤサブ・共通部品,22,0.0,0.0,0.1578947368421053,0.7838628762541806,1.2666666666666666,1.1578947368421053,1.0,1.4666666666666666,1.4666666666666666,4.7808,2023-50
129,9167180618     ,2023,50,4.0,8.0,11.0,（株）青山製作所,2.241,0.32,1.26,1.57,4.45,4.57,1.07,2.4024450366422387,3.0,"箱種類    TP-331 ﾊﾝﾖｳ
箱種類      ＴＰ３３１フタナシ
Name: 24, dtype: object",1.0,1.0,2.28,1000.0,5.0,8.97,0.94,0.31,2.88,0.1200000000000001,3.3100000000000005,0.08,3.093457943925234,1.377763049524829,5.441821486487957,0.513157915038601,100.0,390.0,4.TA・カバー・メイン,11,0.0,0.0,0.8333333333333333,0.5574136008918618,1.6,1.375,1.0,2.2,2.2,2.241,2023-50
130,G1144ECB010    ,2023,50,31.0,229.0,267.0,住友電気工業（株）,59.333333333333336,1.16,4.36,4.8,5.1,5.3,0.63,0.6648280365694385,2.0,"箱種類    TP-331 ﾊﾝﾖｳ
箱種類      ＴＰ３３１フタナシ
Name: 99, dtype: object",1.0,6.0,5.76,6.0,244.0,296.16666666666663,3.2,0.4399999999999995,0.2999999999999998,0.2000000000000001,0.9399999999999996,0.0,1.4920634920634912,1.4138994571445402,4.637324645967688,1.772149562728989,100.0,390.0,2.MGケース,301,0.0,0.0,0.11070110701107017,0.8238604389420372,0.9385245901639344,1.165938864628821,1.1273408239700375,1.2336065573770492,1.0942622950819672,9.88888888888889,2023-50
131,G1144ECE010    ,2023,50,49.0,258.0,226.0,矢崎総業（株）,48.875,0.14,3.97,4.2,4.525,4.61,0.58,0.6194137209015889,2.0,"箱種類        TP-331 ﾊﾝﾖｳ
箱種類    ｻﾝﾎﾞｯｸｽ＃24Aﾌﾀｱﾘ
Name: 349, dtype: object",1.0,4.0,4.0,8.0,196.0,245.125,3.83,0.2299999999999999,0.3250000000000002,0.0849999999999999,0.6400000000000001,0.0,1.1034482758620692,1.033235103459521,8.020460358056265,2.1602118606444045,100.0,390.0,2.MGケース,252,0.0,0.0,0.2989690721649485,0.7995920448750637,1.316326530612245,0.875968992248062,1.1150442477876106,1.2857142857142858,1.153061224489796,12.21875,2023-50
132,G1163ECB010    ,2023,50,3.0,21.0,26.0,（株）青山製作所,5.30625,0.315,1.235,1.57,2.09,2.59,1.04,1.2303402331667856,1.0,"箱種類    TP-331 ﾊﾝﾖｳ
箱種類      ＴＰ３３１フタナシ
Name: 25, dtype: object",1.0,1.0,2.28,80.0,20.0,21.4875,0.92,0.3350000000000002,0.5199999999999998,0.5,1.355,0.08,1.3028846153846154,1.101321377187147,1.7236921485822632,0.4112262209493962,100.0,390.0,2.MGケース,28,0.0,0.0,0.4736842105263157,0.9307737056428156,1.05,1.2380952380952381,1.0769230769230769,1.4,1.3,5.30625,2023-50
133,G1163ECE010    ,2023,50,16.0,76.0,83.0,（株）青山製作所,18.09,0.31,1.26,1.57,2.59,2.83,1.03,1.084608999563128,1.0,"箱種類    TP-331 ﾊﾝﾖｳ
箱種類      ＴＰ３３１フタナシ
Name: 26, dtype: object",1.0,2.0,1.06,100.0,71.0,90.42,0.95,0.31,1.0199999999999998,0.2400000000000002,1.57,0.08,1.5242718446601942,1.4475262519787164,8.587053942799487,0.8631593579568866,100.0,390.0,2.MGケース,93,0.0,0.0,0.17721518987341778,0.7852245078522451,1.0704225352112675,1.0921052631578947,1.1204819277108433,1.3098591549295775,1.1690140845070423,9.045,2023-50
134,G117362010     ,2023,50,38.0,166.0,192.0,多摩川精機販売（株）,41.5,0.1,5.11,5.54,6.25,6.55,0.89,0.9139840106595604,1.0,"箱種類    TP-331-5 ﾊﾝﾖｳ
箱種類        TP341ﾌﾀﾅｼ
Name: 100, dtype: object",1.0,4.0,8.04,18.0,159.0,207.66666666666669,5.010000000000001,0.4299999999999997,0.71,0.2999999999999998,1.4399999999999995,0.0,1.6179775280898872,1.5755199031992355,4.051604648683229,2.302806351807263,100.0,390.0,4.TA・カバー・メイン,213,0.0,0.0,0.6640625,0.7656500802568218,1.0440251572327044,1.1566265060240963,1.109375,1.3396226415094339,1.2075471698113207,10.375,2023-50
135,G1174ECB010    ,2023,50,5.0,27.0,30.0,住友電装（株）,7.109999999999999,1.17,4.36,4.87,5.5,5.865,0.89,1.0351168190393267,1.0,"箱種類    TP-362 ﾊﾝﾖｳ
箱種類      ＴＰ３３１フタナシ
Name: 96, dtype: object",1.0,6.0,5.76,50.0,26.0,28.32,3.1900000000000004,0.5099999999999998,0.6299999999999999,0.3650000000000002,1.505,0.0,1.691011235955056,1.4539421757215416,6.241729708136719,0.6424893876843861,100.0,390.0,4.TA・カバー・メイン,36,0.0,0.0,0.24137931034482762,0.9180790960451978,1.0384615384615385,1.1111111111111112,1.2,1.3846153846153846,1.1538461538461537,1.1849999999999998,2023-50
136,G1174ECE010    ,2023,50,11.0,31.0,36.0,住友電装（株）,7.82,3.08,4.36,5.03,6.42,6.77,0.91,1.033167877817465,1.0,"箱種類    TP-362 ﾊﾝﾖｳ
箱種類      ＴＰ３３２フタナシ
Name: 97, dtype: object",1.0,4.0,6.88,50.0,25.0,31.48,1.2800000000000002,0.6699999999999999,1.3899999999999997,0.3499999999999996,2.41,0.0,2.6483516483516474,2.332631561379017,7.140353382580134,1.1595604292160766,100.0,390.0,4.TA・カバー・メイン,41,0.0,0.0,0.28125,0.7941550190597204,1.24,1.1612903225806452,1.1388888888888888,1.64,1.44,1.955,2023-50
137,G1250ECB010    ,2023,50,3.0,12.0,11.0,（株）バルカー,2.4,0.1,5.03,5.42,6.25,6.87,0.87,1.2982655246252677,1.0,"箱種類    TP-332.5ｾﾝﾖｳ
箱種類     ＴＰ３３１．５フタナシ
Name: 125, dtype: object",1.0,1.0,3.05,60.0,9.0,9.55,4.930000000000001,0.3899999999999997,0.8300000000000001,0.6200000000000001,1.84,0.24,2.114942528735632,1.4172755612000856,3.08641975308642,0.5351008543997181,100.0,390.0,2.MGケース,12,0.0,0.0,1.0,0.9424083769633507,1.3333333333333333,0.9166666666666666,1.0909090909090908,1.3333333333333333,1.2222222222222223,2.4,2023-50
138,G1250ECC010    ,2023,50,4.0,16.0,16.0,（株）バルカー,3.5,0.1,5.03,5.35,6.0600000000000005,6.395,0.87,1.163470286133529,1.0,"箱種類    TP-332.5ｾﾝﾖｳ
箱種類       ＴＰ３３２フタナシ
Name: 126, dtype: object",1.0,2.0,6.2,60.0,12.0,14.05,4.930000000000001,0.3199999999999994,0.7100000000000009,0.3349999999999991,1.364999999999999,0.24,1.5689655172413786,1.1732143194960296,3.1746031746031744,0.7843747568282625,100.0,390.0,2.MGケース,18,0.0,0.0,0.8,0.8540925266903914,1.3333333333333333,1.0,1.125,1.5,1.3333333333333333,1.75,2023-50
139,G1250ECE010    ,2023,50,11.0,29.0,30.0,（株）バルカー,6.516666666666667,0.36,5.21,5.45,6.23,6.54,0.88,1.0278014533809583,1.0,"箱種類    TP-332.5ｾﾝﾖｳ
箱種類       ＴＰ１３１フタナシ
Name: 127, dtype: object",1.0,2.0,3.52,60.0,24.0,26.23333333333333,4.85,0.2400000000000002,0.7800000000000002,0.3099999999999996,1.33,0.24,1.5113636363636365,1.2940242452712614,7.468936016114795,0.9951956763358232,100.0,390.0,2.MGケース,33,0.0,0.0,0.26923076923076916,0.914866581956798,1.2083333333333333,1.0344827586206897,1.1,1.375,1.25,3.2583333333333333,2023-50
140,G9201ECB030    ,2023,50,23.0,198.0,202.0,佐藤工業（株）,44.5,1.06,5.02,5.19,5.75,5.92,0.78,0.8264373820925845,2.0,"箱種類       ｻﾝﾎﾞｯｸｽ#20B
箱種類    サンボックス＃２４Ａフタアリ
Name: 68, dtype: object",1.0,4.0,4.0,8.0,189.0,222.125,3.96,0.1700000000000008,0.5599999999999996,0.1699999999999999,0.9000000000000004,0.05,1.1538461538461542,1.0890117261166856,4.134831460674158,1.3154258908202936,100.0,390.0,8.ファイナル後半,222,0.0,0.0,0.5633802816901408,0.8508722566122678,1.0476190476190477,1.02020202020202,1.099009900990099,1.1746031746031746,1.0687830687830688,11.125,2023-50
141,G9201ECE010    ,2023,50,55.0,223.0,226.0,佐藤工業（株）,48.875,1.6,5.02,5.3,6.35,6.67,0.86,0.8994137209015889,2.0,"箱種類       ｻﾝﾎﾞｯｸｽ#20B
箱種類    サンボックス＃２４Ａフタアリ
Name: 69, dtype: object",1.0,4.0,4.0,8.0,182.0,245.125,3.4199999999999995,0.2800000000000002,1.0499999999999998,0.3200000000000003,1.6500000000000004,0.05,1.9186046511627912,1.834528384052236,9.002557544757034,2.324101680123959,100.0,390.0,8.ファイナル後半,248,0.0,0.0,0.5308641975308641,0.7424783273839878,1.2252747252747254,1.0134529147982063,1.0973451327433628,1.3626373626373627,1.2417582417582418,12.21875,2023-50
