,品番,年,週番号,在庫数（箱）,入庫数（箱）,出庫数（箱）,仕入先名,日量数（箱数）,発注〜印刷LT,発注〜検収LT,発注〜順立装置入庫LT,発注〜順立装置出庫LT,発注〜回収LT,基準在庫日数,基準在庫日数（基準在庫枚数込み）,基準在庫枚数,箱種類,納入回数（間隔）,納入回数（回数）,納入回数（遅れ）,収容数,納入かんばん数,合計日量数（箱数）,印刷検収LT,検収入庫LT,入庫出庫LT,出庫回収LT,社内LT（検収〜回収LT）,不等ピッチ係数,社内LT/設計値LT,社内LT/設計値LT（基準在庫枚数込み）,順立装置在庫量/設計値MIN,順立装置在庫量/設計値MAX
0,019128GA010    ,2023,50,26.0,78.0,80.0,石黒ゴム工業（株）,15.94,0.11,3.6,4.0,4.6850000000000005,5.015000000000001,1.07,1.140323488045007,1.0,"箱種類    TP-342 ﾊﾝﾖｳ
箱種類       Aﾊﾟﾚﾌﾀﾅｼ
Name: 33, dtype: object",1.0,24.0,19.68,50,50,77.76,3.49,0.3999999999999999,0.6850000000000005,0.33000000000000007,1.4150000000000005,0.29,1.3224299065420564,1.2408759574231907,18.929787476732137,1.27507520330612
1,01912ECB010    ,2023,50,7.0,26.0,27.0,石黒ゴム工業（株）,5.3133333333333335,0.13,3.6,4.0,5.21,5.59,0.85,1.0609828283420266,1.0,"箱種類    TP-332 ﾊﾝﾖｳ
箱種類      ＴＰ３４１フタナシ
Name: 34, dtype: object",1.0,6.0,4.92,300,17,25.913333333333334,3.47,0.3999999999999999,1.21,0.3799999999999999,1.9899999999999998,0.29,2.341176470588235,1.8756194227099103,13.352436501746414,0.48263683896752574
2,01912ECB040    ,2023,50,30.0,105.0,98.0,愛産樹脂工業（株）,19.925,0.26,4.41,4.41,5.83,6.05,0.25,0.3062587904360056,1.0,"箱種類    TP-342 ﾊﾝﾖｳ
箱種類    ＴＰ３３１．５フタナシ
Name: 32, dtype: object",1.0,1.0,3.05,40,65,78.5,4.15,0.0,1.42,0.21999999999999975,1.6399999999999997,0.0,6.559999999999999,5.354948335246842,3.7176448719736044,1.2175870775001592
3,01912ECB060    ,2023,50,1.0,4.0,1.0,新光ゴム工業（株）,0.8887499999999999,0.12,5.4,5.42,6.105,7.895,0.78,2.173121462777536,1.0,"箱種類    TP-331 ﾊﾝﾖｳ
箱種類      ＴＰ３３１フタナシ
Name: 88, dtype: object",1.0,6.0,5.76,400,2,1.7774999999999999,5.28,0.019999999999999574,0.6850000000000005,1.7899999999999991,2.494999999999999,0.0,3.1987179487179476,1.1481180609256236,9.986767533018751,0.09823829237840744
4,1040043104R    ,2023,50,1.0,8.0,3.0,（株）ギフ加藤製作所,1.494,0.24,3.98,4.38,4.74,6.18,0.75,2.7486675549633577,3.0,"箱種類      AW-131 ｾﾝﾖｳ
箱種類    サンボックス＃９Ｆフタナシ
Name: 50, dtype: object",1.0,1.0,1.9,1000,5,5.98,3.74,0.3999999999999999,0.3600000000000003,1.4399999999999995,2.1999999999999997,0.12,2.933333333333333,0.8003878082772828,2.3080829063379955,0.25794583399682774
5,1040052001Z    ,2023,50,2.0,9.0,10.0,（株）青山製作所,1.96,0.32,1.205,1.4449999999999998,2.95,3.375,1.07,2.5480145338095825,3.0,"箱種類    TP-131 ﾊﾝﾖｳ
箱種類      ＴＰ１３１フタナシ
Name: 2, dtype: object",1.0,1.0,0.73,200,4,3.915,0.885,0.23999999999999977,1.5050000000000003,0.4249999999999998,2.17,0.08,2.02803738317757,0.8516434938679858,5.898313082458416,0.25137271236968733
6,1040183011P    ,2023,50,1.0,8.0,2.0,（株）青山製作所,2.136,0.3,1.18,1.57,1.76,2.36,1.04,1.5237227301310887,1.0,"箱種類    TP-331 ﾊﾝﾖｳ
箱種類      ＴＰ１３１フタナシ
Name: 3, dtype: object",1.0,1.0,0.73,500,9,10.661999999999999,0.8799999999999999,0.3900000000000001,0.18999999999999995,0.5999999999999999,1.18,0.08,1.1346153846153846,0.774419109635834,2.706154878656015,0.20206286468943713
7,2030044001J    ,2023,50,2.0,4.0,4.0,ＮＯＫ（株）,0.8887499999999999,0.23500000000000001,2.9,3.125,3.5300000000000002,4.535,0.58,1.7409345523146134,1.0,"箱種類    TP-131 ﾊﾝﾖｳ
箱種類     テンバコ１０フタナシ
Name: 116, dtype: object",1.0,8.0,9.0,400,2,1.7774999999999999,2.665,0.2250000000000001,0.40500000000000025,1.005,1.6350000000000002,0.03,2.81896551724138,0.9391507554527132,18.002812939521803,0.11014220124509434
8,2030045013L    ,2023,50,2.0,3.0,4.0,伊藤金属工業（株）,0.9425,0.1,4.13,4.47,7.58,8.57,0.53,3.676385589554,3.0,"箱種類    TP-331 ﾊﾝﾖｳ
箱種類      ＴＰ３４１フタナシ
Name: 43, dtype: object",1.0,6.0,4.92,2000,1,0.9425,4.03,0.33999999999999986,3.1100000000000003,0.9900000000000002,4.44,0.0,8.377358490566039,1.2077079217739612,21.506918058642196,0.09211866597300099
9,2030052002N    ,2023,50,3.0,12.0,12.0,（株）杉浦製作所,2.49,0.13,0.91,1.13,2.17,2.38,0.54,1.7392005329780147,3.0,"箱種類    TP-331 ﾊﾝﾖｳ
箱種類      ＴＰ３３１フタナシ
Name: 89, dtype: object",1.0,6.0,5.76,300,9,9.966666666666667,0.78,0.21999999999999986,1.04,0.20999999999999996,1.4699999999999998,0.12,2.7222222222222214,0.8452159323358384,10.69366222285592,0.26706638259847726
10,3040052001B    ,2023,50,2.0,27.0,23.0,（株）青山製作所,6.758,0.31,1.26,1.56,1.82,2.68,1.02,1.4601473026306138,3.0,"箱種類    TP-331 ﾊﾝﾖｳ
箱種類      ＴＰ３３２フタナシ
Name: 4, dtype: object",1.0,1.0,1.9,500,23,33.826,0.95,0.30000000000000004,0.26,0.8600000000000001,1.4200000000000002,0.08,1.3921568627450982,0.9725046215828472,1.0205018828259738,0.24641460943819588
11,33490ECB010    ,2023,50,33.0,398.0,411.0,マレリ（株）,89.0,0.32,4.09,4.41,4.56,4.73,0.82,0.8548280365694384,3.0,"箱種類      TP-332 ﾊﾝﾖｳ
箱種類    サンボックス＃９Ｆフタナシ
Name: 53, dtype: object",1.0,1.0,1.9,4,401,444.25,3.77,0.3200000000000003,0.14999999999999947,0.17000000000000082,0.6400000000000006,0.23,0.7804878048780495,0.7486885930513263,1.2785741960480435,0.3483637358639429
12,33490ECE010    ,2023,50,65.0,453.0,456.0,マレリ（株）,97.75,0.32,4.09,4.26,5.0,5.165,0.81,0.8395602906761918,3.0,"箱種類    TP-332 ﾊﾝﾖｳ
箱種類      ＴＰ１３１フタナシ
Name: 54, dtype: object",1.0,1.0,1.74,4,422,490.25,3.77,0.16999999999999993,0.7400000000000002,0.16500000000000004,1.0750000000000002,0.23,1.3271604938271606,1.2804321642394287,2.4268672876957824,0.6186683618625115
13,34989ECB020    ,2023,50,6.0,7.0,8.0,（株）槌屋,1.594,0.26,4.5,4.84,6.18,7.31,0.81,1.5132348804500704,1.0,"箱種類    TP-131 ﾊﾝﾖｳ
箱種類      ＴＰ３３１フタアリ
Name: 106, dtype: object",1.0,1.0,1.9,500,1,1.594,4.24,0.33999999999999986,1.3399999999999999,1.13,2.8099999999999996,0.0,3.469135802469135,1.8569490013105183,12.979708389218187,0.4094610510149115
14,35141ECB010    ,2023,50,12.0,95.0,104.0,（株）アイシン福井,22.1875,0.26,1.0,0.98,1.5,1.67,0.62,0.7593121462777536,3.0,"箱種類          Aﾊﾟﾚ ﾊﾝﾖｳ
箱種類    ｻﾝﾎﾞｯｸｽ＃24Aﾌﾀｱﾘ
Name: 84, dtype: object",1.0,4.0,4.0,16,89,111.0625,0.74,-0.020000000000000018,0.52,0.16999999999999993,0.6699999999999999,,1.0806451612903225,0.8823775614342885,4.326760563380281,1.0925966000625165
15,35141ECE010    ,2023,50,23.0,80.0,90.0,（株）アイシン福井,19.6,0.2,1.01,1.0,2.08,2.24,0.63,0.7778014533809583,3.0,"箱種類          Aﾊﾟﾚ ﾊﾝﾖｳ
箱種類    ｻﾝﾎﾞｯｸｽ＃24Aﾌﾀｱﾘ
Name: 85, dtype: object",1.0,4.0,4.0,20,63,98.05000000000001,0.81,-0.010000000000000009,1.08,0.16000000000000014,1.2300000000000002,,1.9523809523809528,1.581380434111326,9.387755102040815,1.506442816660429
16,35145ECB010    ,2023,50,6.0,18.0,17.0,三共鋼業（株）,3.56,0.1,2.855,3.1849999999999996,4.27,4.555,0.62,1.49070091423596,3.0,"箱種類        AW-131 ｾﾝﾖｳ
箱種類    ｻﾝﾎﾞｯｸｽ＃24Aﾌﾀｱﾘ
Name: 78, dtype: object",1.0,4.0,4.0,100,12,17.77,2.755,0.3299999999999996,1.085,0.28500000000000014,1.6999999999999997,0.0,2.7419354838709675,1.1404031377221724,13.483146067415728,0.41233865512736173
17,35145ECE010    ,2023,50,6.0,21.0,18.0,三共鋼業（株）,3.91,0.1,3.85,4.14,4.765,5.01,0.65,0.8963357556349304,1.0,"箱種類        AW-131 ｾﾝﾖｳ
箱種類    ｻﾝﾎﾞｯｸｽ＃24Aﾌﾀｱﾘ
Name: 79, dtype: object",1.0,4.0,4.0,100,14,15.74,3.75,0.2899999999999996,0.625,0.2450000000000001,1.1599999999999997,0.0,1.784615384615384,1.29415790088425,12.27621483375959,0.44612269743353944
18,35145ECE020    ,2023,50,4.0,18.0,18.0,（株）浅賀井製作所,3.91,0.675,2.7199999999999998,3.05,4.12,4.515000000000001,0.65,0.8963357556349304,1.0,"箱種類    TP-131 ﾊﾝﾖｳ
箱種類      ＴＰ３３１フタナシ
Name: 27, dtype: object",1.0,1.0,2.28,100,14,15.74,2.045,0.33000000000000007,1.0700000000000003,0.39500000000000046,1.7950000000000008,0.13,2.761538461538463,2.002597786282095,3.1189570207722537,0.5536748282256959
19,35165ECE010    ,2023,50,4.0,9.0,9.0,（株）松尾製作所,1.955,0.07,3.31,3.66,4.41,5.67,0.63,1.1226715112698609,1.0,"箱種類    TP-131 ﾊﾝﾖｳ
箱種類       Aﾊﾟﾚﾌﾀﾅｼ
Name: 133, dtype: object",1.0,24.0,19.68,200,5,5.865,3.24,0.3500000000000001,0.75,1.2599999999999998,2.36,0.0,3.7460317460317456,2.1021286959803485,23.745096390250655,0.16719399147499148
20,35174ECB010    ,2023,50,10.0,70.0,81.0,（株）浅賀井製作所,17.75,0.61,1.83,2.09,2.7,2.87,0.91,0.9680467276157309,1.0,"箱種類    TP-332 ﾊﾝﾖｳ
箱種類    ＴＰ３３１．５フタナシ
Name: 28, dtype: object",1.0,1.0,3.05,20,71,88.85,1.2200000000000002,0.2599999999999998,0.6100000000000003,0.16999999999999993,1.04,0.13,1.1428571428571428,1.0743283049584682,1.3910624239262737,0.4992869577126476
21,35174ECE010    ,2023,50,12.0,41.0,45.0,（株）浅賀井製作所,9.775,0.61,3.52,3.87,4.08,4.34,0.87,0.9685343022539722,1.0,"箱種類    TP-332 ﾊﾝﾖｳ
箱種類          ＴＰ３３２
Name: 29, dtype: object",1.0,1.0,3.25,40,33,39.35,2.91,0.3500000000000001,0.20999999999999996,0.2599999999999998,0.8199999999999998,0.13,0.9425287356321838,0.8466401221843114,2.8885211373551973,0.9123899495895803
22,35174ECE020    ,2023,50,7.0,20.0,21.0,（株）浅賀井製作所,4.344444444444444,0.62,3.72,3.9,4.1,4.36,0.63,1.295106540214312,3.0,"箱種類    TP-331 ﾊﾝﾖｳ
箱種類      ＴＰ３６２フタナシ
Name: 30, dtype: object",1.0,1.0,2.28,90,13,17.488888888888887,3.1,0.17999999999999972,0.19999999999999973,0.2600000000000007,0.6400000000000001,0.13,1.015873015873016,0.49416783880505616,4.9123573077163,0.7388623903557203
23,35195ECE010    ,2023,50,5.0,13.0,9.0,三共鋼業（株）,1.9525000000000001,0.105,3.8600000000000003,4.14,5.305,6.015,0.66,2.1380145338095824,3.0,"箱種類        TP-131 ﾊﾝﾖｳ
箱種類    ｻﾝﾎﾞｯｸｽ＃24Aﾌﾀｱﾘ
Name: 80, dtype: object",1.0,4.0,4.0,400,4,3.9050000000000002,3.7550000000000003,0.27999999999999936,1.165,0.71,2.1549999999999994,0.0,3.2651515151515142,1.0079445045493454,20.4865556978233,0.23727825856837695
24,35195TFG010    ,2023,50,4.0,11.0,9.0,三共鋼業（株）,1.955,0.1,2.855,3.1849999999999996,4.234999999999999,4.785,0.62,1.1126715112698609,1.0,"箱種類        TP-131 ﾊﾝﾖｳ
箱種類    ｻﾝﾎﾞｯｸｽ＃24Aﾌﾀｱﾘ
Name: 81, dtype: object",1.0,4.0,4.0,400,6,9.805,2.755,0.3299999999999996,1.0499999999999998,0.5500000000000007,1.9300000000000002,0.0,3.112903225806452,1.7345640473865869,16.36828644501279,0.23592157960660073
25,35198ECE010    ,2023,50,5.0,11.0,9.0,サトープレス工業（株）,1.955,0.12,3.94,4.16,4.98,5.17,0.58,1.0726715112698608,1.0,"箱種類       AW-331 ｾﾝﾖｳ
箱種類    サンボックス＃２４Ａフタアリ
Name: 70, dtype: object",1.0,4.0,4.0,200,5,5.91,3.82,0.2200000000000002,0.8200000000000003,0.1899999999999995,1.23,0.0,2.1206896551724137,1.1466697745555756,20.460358056265985,0.2375651504197521
26,35300ECB010    ,2023,50,86.0,259.0,290.0,アイシン精機（株）,62.25,0.2,1.19,1.68,2.95,3.1950000000000003,0.91,0.9579680213191206,3.0,"箱種類    TP-341 ﾊﾝﾖｳ
箱種類      ＴＰ３３１フタナシ
Name: 0, dtype: object",1.0,1.0,2.14,12,206,249.16666666666666,0.99,0.49,1.2700000000000002,0.2450000000000001,2.0050000000000003,0.14,2.2032967032967035,2.092971743711359,4.399764663750543,1.232758145317017
27,35312ECB010    ,2023,50,5.0,22.0,26.0,（株）旭工業所,5.650793650793651,0.68,4.02,4.25,4.36,4.58,0.59,0.7728471919895515,1.0,"箱種類    TP-331 ﾊﾝﾖｳ
箱種類    ＴＰ３３１．５フタナシ
Name: 31, dtype: object",1.0,1.0,3.05,63,21,22.476190476190478,3.3399999999999994,0.23000000000000043,0.11000000000000032,0.21999999999999975,0.5600000000000005,0.0,0.9491525423728823,0.7245934329636167,2.184769038701623,0.6159074831605817
28,3539450A010    ,2023,50,2.0,1.0,1.0,ミズショー（株）,0.747,0.24,2.07,2.44,3.57,4.57,0.75,4.747335109926715,3.0,"箱種類    TP-331 ﾊﾝﾖｳ
箱種類      ＴＰ３４１フタナシ
Name: 134, dtype: object",1.0,6.0,4.92,2000,1,0.747,1.8299999999999998,0.3700000000000001,1.13,1.0000000000000004,2.5000000000000004,0.0,3.333333333333334,0.526611233905203,27.135569304244004,0.07326699926132045
29,35409ECB010    ,2023,50,3.0,6.0,8.0,サンコール（株）,1.78,0.12,4.39,4.64,6.01,6.39,0.7,1.2804672761573066,1.0,"箱種類        AW-131 ｾﾝﾖｳ
箱種類    ｻﾝﾎﾞｯｸｽ＃24Aﾌﾀｱﾘ
Name: 357, dtype: object",1.0,4.0,4.0,200,5,5.34,4.27,0.25,1.37,0.3799999999999999,2.0,0.0,2.857142857142857,1.5619298026904813,13.483146067415728,0.21402359550021405
30,35441ECB010    ,2023,50,15.0,58.0,72.0,（株）ニフコ,15.5625,0.09,4.23,4.52,4.68,4.81,0.71,0.9018720852764824,3.0,"箱種類        TP-331 ﾊﾝﾖｳ
箱種類    ｻﾝﾎﾞｯｸｽ＃24Aﾌﾀｱﾘ
Name: 355, dtype: object",1.0,4.0,4.0,48,57,77.875,4.140000000000001,0.28999999999999915,0.16000000000000014,0.1299999999999999,0.5799999999999992,0.0,0.8169014084507031,0.6431067215282437,7.710843373493976,1.2116714618524218
31,35441TFA010    ,2023,50,4.0,14.0,16.0,（株）ニフコ,3.5549999999999997,0.09,3.2300000000000004,3.62,4.87,5.025,0.71,1.0002336380786532,1.0,"箱種類        TP-331 ﾊﾝﾖｳ
箱種類    ｻﾝﾎﾞｯｸｽ＃24Aﾌﾀｱﾘ
Name: 356, dtype: object",1.0,4.0,4.0,100,12,14.16,3.1400000000000006,0.3899999999999997,1.25,0.15500000000000025,1.795,0.0,2.528169014084507,1.7945807176091497,9.001406469760902,0.39730206195439505
32,3548255A010    ,2023,50,1.0,8.0,4.0,サトープレス工業（株）,1.3016666666666667,0.125,3.9450000000000003,4.1899999999999995,4.895,6.61,0.61,1.3490072669047912,1.0,"箱種類       AW-131 ｾﾝﾖｳ
箱種類    サンボックス＃２４Ａフタアリ
Name: 71, dtype: object",1.0,4.0,4.0,300,4,3.91,3.8200000000000003,0.24499999999999922,0.7050000000000001,1.7150000000000007,2.665,0.0,4.368852459016393,1.9755267932059906,6.1459667093469905,0.15298785176554547
33,35501ECB010    ,2023,50,4.0,15.0,17.0,大橋鉄工（株）,3.5549999999999997,0.13,2.455,2.72,3.54,3.6799999999999997,0.64,0.9302336380786532,1.0,"箱種類    TP-331 ﾊﾝﾖｳ
箱種類      ＴＰ３４１フタナシ
Name: 45, dtype: object",1.0,6.0,4.92,100,12,14.16,2.325,0.2650000000000001,0.8199999999999998,0.13999999999999968,1.2249999999999996,0.0,1.9140624999999993,1.316873471196086,11.403808872163303,0.3285674927321268
34,35505ECB010    ,2023,50,10.0,69.0,71.0,中庸スプリング（株）,14.833333333333334,0.33,1.35,1.65,2.2,2.4850000000000003,0.85,0.9196560731388768,1.0,"箱種類    AW-131 ｾﾝﾖｳ
箱種類      TP341ﾌﾀﾅｼ
Name: 103, dtype: object",1.0,4.0,8.04,24,62,74.04166666666667,1.02,0.2999999999999998,0.5500000000000003,0.28500000000000014,1.1350000000000002,0.1,1.3352941176470592,1.234157021467964,2.9829969175698516,1.3453523674094843
35,35556ECB010    ,2023,50,3.0,17.0,18.0,（株）ギフ加藤製作所,3.55,0.18,3.015,3.395,4.205,4.8149999999999995,0.79,1.0802336380786532,1.0,"箱種類      TP-131 ﾊﾝﾖｳ
箱種類    サンボックス＃９Ｆフタナシ
Name: 51, dtype: object",1.0,1.0,1.9,100,12,17.77,2.835,0.3799999999999999,0.81,0.6099999999999994,1.7999999999999994,0.12,2.278481012658227,1.666306192058184,2.9140359397765905,0.45170274273949274
36,35557ECB010    ,2023,50,7.0,31.0,37.0,小川工業（株）,7.728260869565217,0.17,4.53,4.710000000000001,5.165,5.445,0.93,1.0635074735161805,1.0,"箱種類    TP-131 ﾊﾝﾖｳ
箱種類      ＴＰ３４１フタナシ
Name: 47, dtype: object",1.0,6.0,4.92,46,28,38.630434782608695,4.36,0.1800000000000006,0.4549999999999992,0.28000000000000025,0.915,0.05,0.9838709677419355,0.860360667682773,9.180066142091459,0.6448924763246735
37,35580ECB011    ,2023,50,78.0,240.0,272.0,アイシン精機（株）,59.333333333333336,0.21,1.19,1.73,2.9400000000000004,3.185,0.9,0.9522420548541576,3.0,"箱種類    TP-342 ｾﾝﾖｳ
箱種類      ＴＰ３３１フタアリ
Name: 1, dtype: object",1.0,1.0,1.79,6,190,236.0,0.98,0.54,1.2100000000000004,0.24499999999999966,1.995,0.14,2.216666666666667,2.0950555479358113,4.711852120333454,1.1639732007397001
38,35595ECB010    ,2023,50,7.0,45.0,40.0,サトープレス工業（株）,8.9,0.12,1.94,2.25,3.7,3.93,0.61,0.7260934552314613,1.0,"箱種類       TP-131 ｾﾝﾖｳ
箱種類    サンボックス＃２４Ａフタアリ
Name: 73, dtype: object",1.0,4.0,4.0,40,37,44.425,1.8199999999999998,0.31000000000000005,1.4500000000000002,0.22999999999999998,1.9900000000000002,0.0,3.2622950819672134,2.7406940327889826,6.2921348314606735,0.7810639018091096
39,3559850A010    ,2023,50,3.0,15.0,17.0,アイコー（株）,3.55,0.49,4.14,4.52,4.92,5.22,0.94,1.2302336380786532,1.0,"箱種類    AW-131 ｾﾝﾖｳ
箱種類      ＴＰ３３１フタナシ
Name: 94, dtype: object",1.0,6.0,5.76,100,13,14.16,3.6499999999999995,0.3799999999999999,0.40000000000000036,0.2999999999999998,1.08,0.32,1.148936170212766,0.8778820270974836,7.500625052087675,0.3627660891623862
40,35771ECB010    ,2023,50,17.0,401.0,408.0,アイシン機工（株）,89.0,0.39,1.2,1.42,1.64,1.795,0.79,0.8248280365694385,3.0,"箱種類        TP-341 ﾊﾝﾖｳ
箱種類    ｻﾝﾎﾞｯｸｽ＃24Aﾌﾀｱﾘ
Name: 82, dtype: object",1.0,4.0,4.0,4,406,444.25,0.8099999999999999,0.21999999999999997,0.21999999999999997,0.15500000000000003,0.595,0.07,0.7531645569620252,0.7213624823844232,1.5280898876404494,0.6022369939895713
41,35771ECE010    ,2023,50,35.0,296.0,301.0,アイシン機工（株）,65.16666666666667,0.39,1.2,1.44,2.07,2.3,0.79,0.8195602906761917,2.0,"箱種類        TP-341 ﾊﾝﾖｳ
箱種類    ｻﾝﾎﾞｯｸｽ＃24Aﾌﾀｱﾘ
Name: 83, dtype: object",1.0,4.0,4.0,6,273,326.8333333333333,0.8099999999999999,0.24,0.6299999999999999,0.22999999999999998,1.0999999999999999,0.07,1.3924050632911391,1.3421831346811919,4.296675191815856,1.467709847115792
42,35847ECB010    ,2023,50,5.0,27.0,25.0,（株）メタルテック,4.45,0.09,4.01,4.13,4.7,5.33,0.55,0.7821869104629227,1.0,"箱種類        TP-332 ﾊﾝﾖｳ
箱種類    ｻﾝﾎﾞｯｸｽ＃24Aﾌﾀｱﾘ
Name: 350, dtype: object",1.0,4.0,4.0,80,17,22.2125,3.92,0.1200000000000001,0.5700000000000003,0.6299999999999999,1.3200000000000003,0.0,2.4000000000000004,1.687576182039128,8.988764044943819,0.4843194767172935
43,35847ECB020    ,2023,50,4.0,26.0,24.0,（株）メタルテック,5.085714285714285,0.09,4.01,4.13,4.41,4.76,0.5,0.7031635466550573,1.0,"箱種類        TP-332 ﾊﾝﾖｳ
箱種類    ｻﾝﾎﾞｯｸｽ＃24Aﾌﾀｱﾘ
Name: 351, dtype: object",1.0,4.0,4.0,70,21,25.385714285714286,3.92,0.1200000000000001,0.28000000000000025,0.34999999999999964,0.75,0.0,1.5,1.0666081931689195,6.292134831460674,0.5116496801162914
44,35847ECE010    ,2023,50,15.0,52.0,45.0,（株）メタルテック,9.775,0.1,4.015,4.13,5.105,5.31,0.5,0.5985343022539722,1.0,"箱種類        TP-332 ﾊﾝﾖｳ
箱種類    ｻﾝﾎﾞｯｸｽ＃24Aﾌﾀｱﾘ
Name: 352, dtype: object",1.0,4.0,4.0,40,38,49.025000000000006,3.9149999999999996,0.11500000000000021,0.9750000000000005,0.20499999999999918,1.295,0.0,2.59,2.163618685049902,12.27621483375959,0.9862766291536814
45,35847ECE020    ,2023,50,11.0,34.0,31.0,（株）メタルテック,6.516666666666667,0.09,4.01,4.13,4.6899999999999995,4.92,0.53,0.6778014533809582,1.0,"箱種類        TP-332 ﾊﾝﾖｳ
箱種類    ｻﾝﾎﾞｯｸｽ＃24Aﾌﾀｱﾘ
Name: 353, dtype: object",1.0,4.0,4.0,60,24,32.68333333333334,3.92,0.1200000000000001,0.5599999999999996,0.23000000000000043,0.9100000000000001,0.0,1.716981132075472,1.342576053003142,13.503836317135548,0.7115671434988226
46,35882ECB010    ,2023,50,6.0,39.0,35.0,（株）メタルテック,7.12,0.09,4.01,4.13,4.7,4.87,0.54,0.6851168190393266,1.0,"箱種類        TP-332 ﾊﾝﾖｳ
箱種類    ｻﾝﾎﾞｯｸｽ＃24Aﾌﾀｱﾘ
Name: 354, dtype: object",1.0,4.0,4.0,50,29,35.54,3.92,0.1200000000000001,0.5700000000000003,0.16999999999999993,0.8600000000000003,0.0,1.592592592592593,1.2552603820263755,6.741573033707864,0.6758603930621793
47,36108ECB010    ,2023,50,3.0,10.0,10.0,（株）オーハシテクニカ,2.373333333333333,0.74,4.02,4.28,5.52,6.06,0.64,1.07535045711798,1.0,"箱種類    TP-331-5 ﾊﾝﾖｳ
箱種類        ＴＰ３４１フタナシ
Name: 44, dtype: object",1.0,6.0,4.92,150,7,9.44,3.2799999999999994,0.2600000000000007,1.2399999999999993,0.54,2.04,0.0,3.1875,1.8970559657986787,12.811266322502279,0.2251324587410858
48,39171ECB010    ,2023,50,10.0,101.0,103.0,（株）アイシン福井,22.25,0.26,1.005,0.99,1.51,1.69,0.62,0.7593121462777536,3.0,"箱種類          Aﾊﾟﾚ ﾊﾝﾖｳ
箱種類    ｻﾝﾎﾞｯｸｽ＃24Aﾌﾀｱﾘ
Name: 86, dtype: object",1.0,4.0,4.0,16,94,111.0625,0.7449999999999999,-0.014999999999999902,0.52,0.17999999999999994,0.685,,1.1048387096774195,0.9021322829589369,3.595505617977528,0.9736618986407023
49,39171ECE010    ,2023,50,19.0,92.0,91.0,（株）アイシン福井,19.55,0.26,1.05,1.0,2.02,2.22,0.63,0.7778014533809583,3.0,"箱種類          Aﾊﾟﾚ ﾊﾝﾖｳ
箱種類    ｻﾝﾎﾞｯｸｽ＃24Aﾌﾀｱﾘ
Name: 87, dtype: object",1.0,4.0,4.0,20,77,98.05000000000001,0.79,-0.050000000000000044,1.02,0.20000000000000018,1.1700000000000002,,1.8571428571428574,1.5042399251302858,7.774936061381074,1.3929684064865189
50,41310ECB010    ,2023,50,60.0,761.0,817.0,（株）オンド,178.0,0.17,1.14,1.65,1.78,1.95,0.69,0.7016093455231461,2.0,"箱種類    ｻﾝﾎﾞｯｸｽ#24-A
箱種類        Aﾊﾟﾚﾌﾀﾅｼ
Name: 48, dtype: object",1.0,24.0,19.68,2,749,888.5,0.9699999999999999,0.51,0.13000000000000012,0.16999999999999993,0.81,0.05,1.173913043478261,1.1544886127422287,3.9119379305848345,2.9660968314221883
51,41310ECE010    ,2023,50,99.0,910.0,906.0,（株）オンド,195.5,0.17,1.14,1.94,2.22,2.35,0.7,0.7147801453380958,3.0,"箱種類     ｻﾝﾎﾞｯｸｽ#24-A
箱種類    サンボックス＃９Ｆフタナシ
Name: 49, dtype: object",1.0,1.0,1.9,2,810,980.5,0.9699999999999999,0.8,0.28000000000000025,0.1299999999999999,1.2100000000000002,0.05,1.7285714285714289,1.6928282184274468,1.74618573066408,0.47821192623637876
52,5040056001E    ,2023,50,6.0,27.0,29.0,サトープレス工業（株）,5.925000000000001,0.12,1.94,2.255,3.535,3.77,0.58,1.102420548541576,3.0,"箱種類       AW-131 ｾﾝﾖｳ
箱種類    サンボックス＃２４Ａフタアリ
Name: 74, dtype: object",1.0,4.0,4.0,300,22,29.616666666666667,1.8199999999999998,0.31499999999999995,1.2800000000000002,0.23499999999999988,1.83,0.0,3.1551724137931036,1.659983571987079,8.101265822784809,0.607363319227726
53,82125ECB010    ,2023,50,4.0,18.0,17.0,矢崎総業（株）,3.5549999999999997,0.135,2.975,3.22,4.37,4.62,0.58,0.8702336380786533,1.0,"箱種類       TP-332 ﾊﾝﾖｳ
箱種類    サンボックス＃２０Ｂフタナシ
Name: 345, dtype: object",1.0,2.0,5.82,100,14,14.16,2.84,0.2450000000000001,1.15,0.25,1.645,0.0,2.836206896551724,1.8902969593681944,3.299635802698277,0.7611963704227562
54,82125ECE010    ,2023,50,5.0,21.0,18.0,矢崎総業（株）,3.91,0.135,2.975,3.225,3.9250000000000003,4.195,0.62,0.8663357556349304,1.0,"箱種類      TP-332 ﾊﾝﾖｳ
箱種類    サンボックス＃９Ｆフタナシ
Name: 346, dtype: object",1.0,1.0,1.9,100,14,19.61,2.84,0.25,0.7000000000000002,0.27,1.2200000000000002,0.0,1.9677419354838712,1.4082299986635922,4.4095599259193925,0.5871949279863862
55,82821CWA030    ,2023,50,7.0,19.0,19.0,石黒ゴム工業（株）,3.985,0.13,3.6,4.01,5.57,5.95,0.83,1.1113104377893688,1.0,"箱種類    TP-332 ﾊﾝﾖｳ
箱種類       Aﾊﾟﾚﾌﾀﾅｼ
Name: 35, dtype: object",1.0,24.0,19.68,200,11,15.695,3.47,0.4099999999999997,1.5600000000000005,0.3799999999999999,2.35,0.29,2.8313253012048194,2.1146206497211044,20.385924974942302,0.3373296188313153
56,82821ECB010    ,2023,50,3.0,9.0,9.0,石黒ゴム工業（株）,1.9925,0.11,3.6,4.01,5.8,6.47,0.83,1.3925879043600562,1.0,"箱種類    TP-332 ｾﾝﾖｳ
箱種類      ＴＰ３４１フタナシ
Name: 36, dtype: object",1.0,6.0,4.92,400,5,5.8525,3.49,0.4099999999999997,1.79,0.6699999999999999,2.8699999999999997,0.29,3.4578313253012047,2.060911193479644,15.259927430567329,0.1911846569177727
57,82821ECB020    ,2023,50,8.0,22.0,19.0,石黒ゴム工業（株）,3.985,0.11,3.76,4.095000000000001,6.27,6.66,0.87,1.151293952180028,1.0,"箱種類    TP-131 ﾊﾝﾖｳ
箱種類      ＴＰ３４１フタナシ
Name: 37, dtype: object",1.0,6.0,4.92,200,10,11.705,3.65,0.33500000000000085,2.174999999999999,0.39000000000000057,2.9000000000000004,0.29,3.333333333333334,2.518904919554834,20.346569907423106,0.3771808139554808
58,82821ECB040    ,2023,50,3.0,15.0,16.0,石黒ゴム工業（株）,3.5549999999999997,0.1,2.765,3.2750000000000004,4.055,4.405,0.83,1.178280365694384,1.0,"箱種類    TP-342 ｾﾝﾖｳ
箱種類      ＴＰ３４１フタナシ
Name: 38, dtype: object",1.0,6.0,4.92,100,12,14.16,2.665,0.5100000000000002,0.7799999999999994,0.35000000000000053,1.6400000000000001,0.29,1.9759036144578315,1.3918588883839336,8.552856654122477,0.32178115206624447
59,82821ECB050    ,2023,50,11.0,39.0,39.0,石黒ゴム工業（株）,7.97,0.12,3.6,3.995,5.195,5.585,0.83,0.9706552188946844,1.0,"箱種類    TP-332 ﾊﾝﾖｳ
箱種類      ＴＰ３４１フタナシ
Name: 39, dtype: object",1.0,6.0,4.92,100,26,38.87,3.48,0.395,1.2000000000000002,0.3899999999999997,1.9849999999999999,0.29,2.391566265060241,2.0450103820184284,13.988266811353386,0.699963722707749
60,82821ECE010    ,2023,50,22.0,45.0,48.0,石黒ゴム工業（株）,8.82,0.33,3.6,4.0,6.71,7.02,1.07,1.1879593040401062,1.0,"箱種類        TP-332 ﾊﾝﾖｳ
箱種類    ｻﾝﾎﾞｯｸｽ＃24Aﾌﾀｱﾘ
Name: 40, dtype: object",1.0,4.0,4.0,50,19,25.46,3.27,0.3999999999999999,2.71,0.3099999999999996,3.4199999999999995,0.29,3.19626168224299,2.8788864975163646,19.954648526077097,0.9734233942276455
61,82821XAE010    ,2023,50,14.0,40.0,39.0,石黒ゴム工業（株）,7.97,0.13,3.6,3.99,5.61,5.84,0.87,1.010646976090014,1.0,"箱種類    TP-131 ﾊﾝﾖｳ
箱種類      ＴＰ３４１フタナシ
Name: 41, dtype: object",1.0,6.0,4.92,100,25,31.4,3.47,0.3900000000000001,1.62,0.22999999999999954,2.2399999999999998,0.29,2.574712643678161,2.2164020206799613,17.803248668995217,0.7168428682650076
62,82821XAE020    ,2023,50,2.0,4.0,4.0,石黒ゴム工業（株）,0.89,0.33,3.6,4.0,6.06,7.39,0.81,2.203121462777536,1.0,"箱種類    TP-332 ﾊﾝﾖｳ
箱種類      ＴＰ３４１フタナシ
Name: 42, dtype: object",1.0,6.0,4.92,400,1,0.89,3.27,0.3999999999999999,2.0599999999999996,1.33,3.7899999999999996,0.29,4.679012345679012,1.7202864499453614,22.77558457333738,0.08707608892030567
63,82824ECB010    ,2023,50,8.0,54.0,49.0,矢崎総業（株）,11.125,0.13,1.98,2.24,3.145,3.395,0.57,0.662874764185169,1.0,"箱種類        TP-331 ﾊﾝﾖｳ
箱種類    ｻﾝﾎﾞｯｸｽ＃24Aﾌﾀｱﾘ
Name: 347, dtype: object",1.0,4.0,4.0,32,46,55.53125,1.85,0.26000000000000023,0.9049999999999998,0.25,1.415,0.0,2.4824561403508776,2.1346415287650484,5.752808988764045,0.8800580937224789
64,82824ECB020    ,2023,50,13.0,96.0,88.0,矢崎総業（株）,18.675,0.13,1.98,2.25,3.175,3.545,0.58,0.6332978014656895,1.0,"箱種類        TP-331 ｾﾝﾖｳ
箱種類    ｻﾝﾎﾞｯｸｽ＃24Aﾌﾀｱﾘ
Name: 348, dtype: object",1.0,4.0,4.0,40,80,93.45,1.85,0.27,0.9249999999999998,0.3700000000000001,1.565,0.0,2.6982758620689657,2.4711912726966694,5.568942436412316,1.1636814201922272
65,82824ECE010    ,2023,50,10.0,44.0,40.0,住友電装（株）,8.688888888888888,1.45,5.41,5.39,6.24,6.46,0.36,0.4708510900357187,1.0,"箱種類    TP-332 ﾊﾝﾖｳ
箱種類      ＴＰ３３１フタナシ
Name: 98, dtype: object",1.0,6.0,5.76,45,35,43.577777777777776,3.96,-0.020000000000000462,0.8500000000000005,0.21999999999999975,1.0499999999999998,0.0,2.916666666666666,2.2300043946385406,10.215045627203802,0.8266076252500384
66,9010506A003    ,2023,50,1.0,3.0,0.0,（株）青山製作所,0.713,0.325,2.26,2.55,3.11,4.265000000000001,1.02,2.4711681903932665,1.0,"箱種類    TP-331 ﾊﾝﾖｳ
箱種類      ＴＰ３３１フタアリ
Name: 5, dtype: object",1.0,1.0,1.79,2000,2,1.426,1.9349999999999998,0.29000000000000004,0.56,1.1550000000000007,2.005000000000001,0.08,1.9656862745098047,0.8113571580414853,5.0269696923997245,0.1731415940207981
67,9010506A089    ,2023,50,4.0,5.0,5.0,（株）青山製作所,0.996,0.29,3.21,3.55,5.02,5.64,1.0,3.9980013324450367,3.0,"箱種類    TP-331 ﾊﾝﾖｳ
箱種類      ＴＰ３３２フタナシ
Name: 6, dtype: object",1.0,1.0,1.9,1500,1,0.996,2.92,0.33999999999999986,1.4699999999999998,0.6200000000000001,2.4299999999999997,0.08,2.4299999999999997,0.607803699383436,13.848497438027975,0.26855915941273195
68,9010508A014    ,2023,50,19.0,103.0,111.0,（株）青山製作所,56.21,0.31,1.2349999999999999,1.56,1.88,2.26,1.08,1.133008684589492,3.0,"箱種類    TP-331 ﾊﾝﾖｳ
箱種類      ＴＰ３３１フタアリ
Name: 7, dtype: object",1.0,1.0,1.79,500,244,281.27,0.9249999999999998,0.3250000000000002,0.31999999999999984,0.3799999999999999,1.025,0.08,0.949074074074074,0.9046709120075055,1.2115345743273271,0.3154467574319391
69,9010508A042    ,2023,50,2.0,22.0,21.0,（株）青山製作所,5.933333333333334,0.32,1.26,1.57,1.87,2.44,1.07,1.244140182847192,1.0,"箱種類    TP-331 ﾊﾝﾖｳ
箱種類      ＴＰ３３２フタナシ
Name: 8, dtype: object",1.0,1.0,1.9,300,21,29.616666666666667,0.94,0.31000000000000005,0.30000000000000004,0.5699999999999998,1.18,0.08,1.102803738317757,0.9484461769409228,1.1623401782254938,0.27055031989614053
70,9010512A018    ,2023,50,26.0,229.0,247.0,（株）青山製作所,51.94,0.31,1.23,1.57,2.0,2.21,1.04,1.0977800889813372,3.0,"箱種類    TP-331 ﾊﾝﾖｳ
箱種類      ＴＰ３３１フタアリ
Name: 9, dtype: object",1.0,1.0,1.79,200,225,259.82,0.9199999999999999,0.3400000000000001,0.42999999999999994,0.20999999999999996,0.98,0.08,0.9423076923076923,0.892710671141222,1.7941849086966901,0.4615560642323004
71,9011906A065    ,2023,50,2.0,8.0,9.0,（株）青山製作所,2.241,0.32,1.26,1.57,2.86,3.44,1.07,1.514148345547413,1.0,"箱種類    TP-331 ﾊﾝﾖｳ
箱種類      ＴＰ３３１フタアリ
Name: 11, dtype: object",1.0,1.0,1.79,1000,7,8.97,0.94,0.31000000000000005,1.2899999999999998,0.5800000000000001,2.1799999999999997,0.08,2.037383177570093,1.4397532490199036,3.1987767877563615,0.360241786435173
72,9014908A008    ,2023,50,1.0,12.0,6.0,（株）青山製作所,2.80125,0.315,1.25,1.5350000000000001,1.795,2.575,1.02,1.3753186764379302,1.0,"箱種類    TP-331 ﾊﾝﾖｳ
箱種類      TP131ﾌﾀﾅｼ
Name: 13, dtype: object",1.0,1.0,0.73,800,12,11.2125,0.935,0.28500000000000014,0.2599999999999998,0.7800000000000002,1.3250000000000002,0.08,1.2990196078431373,0.9634130785104619,2.063488378691387,0.19980814906295966
73,9015905A007    ,2023,50,3.0,10.0,10.0,（株）青山製作所,2.241,0.345,3.185,3.355,4.74,5.355,1.03,2.362533813045506,3.0,"箱種類    TP-331 ﾊﾝﾖｳ
箱種類      TP131ﾌﾀﾅｼ
Name: 14, dtype: object",1.0,1.0,0.73,2000,6,6.726000000000001,2.84,0.16999999999999993,1.3850000000000002,0.6150000000000002,2.1700000000000004,0.08,2.1067961165048548,0.9185053725020286,7.738081420092701,0.29729074720269977
74,9015906A021    ,2023,50,4.0,23.0,24.0,（株）青山製作所,5.276666666666666,0.31,1.245,1.54,2.535,2.8499999999999996,1.02,1.587094350322535,3.0,"箱種類    TP-331 ﾊﾝﾖｳ
箱種類     テンバコ１０フタナシ
Name: 15, dtype: object",1.0,8.0,9.0,1200,22,26.394166666666663,0.935,0.29499999999999993,0.9950000000000001,0.3149999999999995,1.6049999999999995,0.08,1.5735294117647054,1.0112820322710026,6.064434617814276,0.5724220274812446
75,9015906A022    ,2023,50,2.0,30.0,23.0,（株）青山製作所,7.47,0.32,1.26,1.57,1.7850000000000001,2.71,1.01,1.4097335109926716,3.0,"箱種類    TP-331 ﾊﾝﾖｳ
箱種類     テンバコ１０フタナシ
Name: 16, dtype: object",1.0,8.0,9.0,1500,30,37.38,0.94,0.31000000000000005,0.21500000000000008,0.9249999999999998,1.45,0.08,1.4356435643564356,1.0285631920454061,2.14190093708166,0.579852849725448
76,9015906A023    ,2023,50,3.0,8.0,8.0,（株）青山製作所,1.7238461538461538,0.30500000000000005,1.2149999999999999,1.38,2.0,2.92,1.02,2.752293956959158,3.0,"箱種類    TP-331 ﾊﾝﾖｳ
箱種類     テンバコ１０フタナシ
Name: 17, dtype: object",1.0,8.0,9.0,1300,4,5.173846153846154,0.9099999999999998,0.16500000000000004,0.6200000000000001,0.9199999999999999,1.705,0.08,1.6715686274509804,0.619483248033488,13.922356091030789,0.21091070361124348
77,9020150A002    ,2023,50,4.0,14.0,17.0,（株）ムロコーポレーション,3.55,0.1,0.86,0.99,1.78,2.22,0.73,1.0202336380786532,1.0,"箱種類    TP-131 ﾊﾝﾖｳ
箱種類      ＴＰ３４１フタナシ
Name: 136, dtype: object",1.0,6.0,4.92,100,11,14.209999999999999,0.76,0.13,0.79,0.44000000000000017,1.3600000000000003,0.0,1.8630136986301375,1.333027994020281,11.419870574800152,0.32816373604898785
78,9020156A001    ,2023,50,3.0,13.0,15.0,（株）ムロコーポレーション,3.5599999999999996,0.1,0.855,0.995,1.87,2.1950000000000003,0.75,1.0402336380786532,1.0,"箱種類    TP-131 ﾊﾝﾖｳ
箱種類      ＴＰ３３１フタナシ
Name: 137, dtype: object",1.0,1.0,1.78,100,12,14.209999999999999,0.755,0.14,0.8750000000000001,0.3250000000000002,1.3400000000000003,0.0,1.786666666666667,1.2881721480138113,3.031282838897422,0.44317840920481305
79,9020156A002    ,2023,50,3.0,14.0,16.0,（株）ムロコーポレーション,3.9,0.1,0.86,1.0,1.75,2.2,0.73,0.9763357556349304,1.0,"箱種類       TP-131 ﾊﾝﾖｳ
箱種類    サンボックス＃２０Ｂフタナシ
Name: 138, dtype: object",1.0,2.0,5.82,100,13,15.7,0.76,0.14,0.75,0.4500000000000002,1.3400000000000003,0.0,1.8356164383561648,1.372478670648062,2.2558087074216107,0.681692888614027
80,9025006A007    ,2023,50,2.0,16.0,11.0,（株）ギフ加藤製作所,3.55,0.195,3.97,4.33,4.5649999999999995,5.015,0.76,1.0502336380786534,1.0,"箱種類      AW-131 ｾﾝﾖｳ
箱種類    サンボックス＃９Ｆフタナシ
Name: 52, dtype: object",1.0,1.0,1.9,200,10,14.16,3.7750000000000004,0.3599999999999999,0.23499999999999943,0.4500000000000002,1.0449999999999995,0.12,1.3749999999999993,0.995016691630418,1.9426906265177268,0.3527218274896472
81,9030106A018    ,2023,50,6.0,8.0,10.0,ＮＯＫ（株）,2.028,0.33,3.85,4.08,4.65,5.1,0.56,2.046749346449767,3.0,"箱種類    TP-131 ﾊﾝﾖｳ
箱種類     テンバコ１０フタナシ
Name: 117, dtype: object",1.0,8.0,9.0,2000,3,6.077500000000001,3.52,0.22999999999999998,0.5700000000000003,0.4499999999999993,1.2499999999999996,0.03,2.2321428571428563,0.6107245140535719,23.668639053254438,0.24975504178212193
82,9030111A014    ,2023,50,4.0,17.0,17.0,ＮＯＫ（株）,3.735,0.24,3.85,4.08,4.65,5.06,0.56,1.3594670219853433,3.0,"箱種類        TP-131 ﾊﾝﾖｳ
箱種類    サンボックス＃Ｋ１０Ｂフタナシ
Name: 118, dtype: object",1.0,8.0,9.0,1000,12,14.95,3.6100000000000003,0.22999999999999998,0.5700000000000003,0.40999999999999925,1.2099999999999995,0.03,2.1607142857142847,0.8900546908691727,8.56760374832664,0.43378166936004847
83,9030115A011    ,2023,50,3.0,4.0,4.0,ＮＯＫ（株）,0.78,0.15,3.95,4.11,6.04,6.68,0.6,1.831678778174652,1.0,"箱種類          TP-131 ﾊﾝﾖｳ
箱種類    ｻﾝﾎﾞｯｸｽ＃K-10Bﾌﾀﾅｼ
Name: 119, dtype: object",1.0,8.0,9.0,1000,1,0.78,3.8000000000000003,0.16000000000000014,1.9299999999999997,0.6399999999999997,2.7299999999999995,0.03,4.55,1.4904360046801242,30.769230769230763,0.09706937598080517
84,9030117A010    ,2023,50,3.0,5.0,5.0,ＮＯＫ（株）,1.1035,0.14500000000000002,3.9450000000000003,4.095,6.615,7.16,0.58,3.3196009314643167,3.0,"箱種類       TP-131 ﾊﾝﾖｳ
箱種類    サンボックス＃２４Ｂフタナシ
Name: 120, dtype: object",1.0,2.0,3.52,1000,2,2.207,3.8000000000000003,0.14999999999999947,2.5200000000000005,0.5449999999999999,3.215,0.03,5.543103448275862,0.968489907785941,12.02930338304109,0.23741261308843226
85,9030119A010    ,2023,50,1.0,4.0,3.0,ＮＯＫ（株）,0.781,0.14500000000000002,3.9450000000000003,4.1,5.4,6.695,0.58,1.811678778174652,1.0,"箱種類       TP-131 ﾊﾝﾖｳ
箱種類    サンボックス＃２４Ｂフタナシ
Name: 121, dtype: object",1.0,2.0,3.52,1000,2,1.562,3.8000000000000003,0.15499999999999936,1.3000000000000007,1.295,2.75,0.03,4.741379310344828,1.5179291346398334,5.665529783690073,0.16406676130407954
86,9030119A011    ,2023,50,4.0,15.0,16.0,ＮＯＫ（株）,3.55,0.15,1.94,2.17,3.59,3.67,0.54,0.8302336380786534,1.0,"箱種類    TP-131 ﾊﾝﾖｳ
箱種類      ＴＰ３３１フタナシ
Name: 122, dtype: object",1.0,1.0,2.28,200,13,14.16,1.79,0.22999999999999998,1.42,0.08000000000000007,1.73,0.03,3.2037037037037033,2.083750790926284,3.435245620061835,0.558445072905642
87,9031150A014    ,2023,50,4.0,39.0,39.0,ＮＯＫ（株）,8.892857142857142,0.15,1.94,2.17,2.7199999999999998,3.085,0.54,0.6519253830779481,1.0,"箱種類         B-24
箱種類    ＴＰ３３１フタナシ
Name: 123, dtype: object",1.0,1.0,2.28,84,36,44.5,1.79,0.22999999999999998,0.5499999999999998,0.3650000000000002,1.145,0.03,2.1203703703703702,1.756335969914362,1.3713390145949653,0.3735232170871597
88,9031150A015    ,2023,50,4.0,41.0,39.0,ＮＯＫ（株）,8.892857142857142,0.15,1.94,2.23,2.92,3.22,0.53,0.6419253830779481,1.0,"箱種類           B-24
箱種類    ＴＰ３３１．５フタナシ
Name: 124, dtype: object",1.0,1.0,3.05,84,39,44.5,1.79,0.29000000000000004,0.69,0.30000000000000027,1.2800000000000002,0.03,2.415094339622642,1.994001224663477,1.110615300709009,0.38284416709380686
89,9033904A002    ,2023,50,3.0,4.0,3.0,サトープレス工業（株）,0.747,0.13,3.95,4.22,5.2,5.75,0.65,1.9824450366422384,1.0,"箱種類        AW-131 ｾﾝﾖｳ
箱種類    ｻﾝﾎﾞｯｸｽ＃24Aﾌﾀｱﾘ
Name: 76, dtype: object",1.0,4.0,4.0,1000,1,0.747,3.8200000000000003,0.2699999999999996,0.9800000000000004,0.5499999999999998,1.7999999999999998,0.0,2.7692307692307687,0.9079696872952128,32.1285140562249,0.09272821030122527
90,9034108A006    ,2023,50,2.0,15.0,15.0,（株）杉浦製作所,3.344,0.265,0.91,1.125,1.625,2.035,0.53,1.4264455932228717,3.0,"箱種類    TP-331 ﾊﾝﾖｳ
箱種類      ＴＰ３３１フタナシ
Name: 91, dtype: object",1.0,6.0,5.76,1000,14,16.729,0.645,0.21499999999999997,0.5,0.41000000000000014,1.125,0.12,2.1226415094339623,0.7886736131717482,5.308456725460774,0.3315105744430426
91,9034108A010    ,2023,50,2.0,2.0,3.0,（株）杉浦製作所,0.714,0.13,0.68,0.9,1.9,2.38,0.47,1.9211681903932665,1.0,"箱種類    TP-331 ﾊﾝﾖｳ
箱種類      ＴＰ３３１フタナシ
Name: 92, dtype: object",1.0,6.0,5.76,1000,1,0.714,0.55,0.21999999999999997,0.9999999999999999,0.48,1.6999999999999997,0.12,3.6170212765957444,0.8848782779669108,24.862015812242056,0.0799465451424799
92,9034114A004    ,2023,50,2.0,2.0,3.0,（株）青山製作所,0.714,2.33,3.22,3.7,5.73,6.21,1.0,2.4511681903932665,1.0,"箱種類        TP-331 ﾊﾝﾖｳ
箱種類    サンボックス＃Ｋ１０Ｂフタナシ
Name: 18, dtype: object",1.0,8.0,9.0,500,1,0.714,0.8900000000000001,0.48,2.0300000000000002,0.47999999999999954,2.9899999999999998,0.08,2.9899999999999998,1.2198265348410395,22.408963585434176,0.08875511093167551
93,9034118090     ,2023,50,5.0,10.0,11.0,（株）杉浦製作所,2.49,0.4,0.92,1.17,3.98,4.11,0.58,1.7792005329780145,3.0,"箱種類    TP-331 ﾊﾝﾖｳ
箱種類      ＴＰ３３１フタナシ
Name: 93, dtype: object",1.0,6.0,5.76,300,7,9.966666666666667,0.52,0.2499999999999999,2.81,0.13000000000000034,3.1900000000000004,0.12,5.500000000000001,1.792940110388006,17.822770371426532,0.2722974827655562
94,9034118A024    ,2023,50,7.0,7.0,9.0,（株）青山製作所,1.955,0.32,3.16,3.45,6.12,6.42,1.06,2.5380145338095828,3.0,"箱種類    TP-131 ﾊﾝﾖｳ
箱種類      ＴＰ１３１フタナシ
Name: 19, dtype: object",1.0,2.0,2.34,200,3,3.9050000000000002,2.8400000000000003,0.29000000000000004,2.67,0.2999999999999998,3.26,0.08,3.075471698113207,1.2844686098415325,21.440494969141,0.3108935551363663
95,9036324A003    ,2023,50,6.0,66.0,74.0,日本精工（株）,16.181818181818183,0.15,1.34,1.55,1.87,2.13,0.74,0.8038514003773037,1.0,"箱種類    T-10 ﾊﾝﾖｳ
箱種類    ＴＰ３４１フタナシ
Name: 128, dtype: object",1.0,6.0,4.92,22,69,80.77272727272728,1.1900000000000002,0.20999999999999996,0.32000000000000006,0.2599999999999998,0.7899999999999998,0.09,1.0675675675675673,0.9827687052970207,3.7579714546006673,0.8259875438178883
96,9036324A004    ,2023,50,15.0,104.0,115.0,日本精工（株）,24.9,0.13,1.33,1.56,2.16,2.335,0.74,0.7799733510992671,1.0,"箱種類    T-10 ﾊﾝﾖｳ
箱種類     Aﾊﾟﾚﾌﾀﾅｼ
Name: 129, dtype: object",1.0,24.0,19.68,30,106,124.6,1.2000000000000002,0.22999999999999998,0.6000000000000001,0.17499999999999982,1.005,0.09,1.358108108108108,1.2885055605856124,6.991214373936753,1.617474875240567
97,9036324A005    ,2023,50,15.0,74.0,83.0,日本精工（株）,17.772727272727273,0.15,1.36,1.56,2.45,2.57,0.69,0.7441938662396846,1.0,"箱種類    T-10 ｾﾝﾖｳ
箱種類    ＴＰ３４１フタナシ
Name: 130, dtype: object",1.0,6.0,4.92,22,71,89.13636363636363,1.2100000000000002,0.19999999999999996,0.8900000000000001,0.11999999999999966,1.2099999999999997,0.09,1.753623188405797,1.6259204152191864,8.553950369807147,1.2092183117751851
98,9036340A010    ,2023,50,11.0,78.0,87.0,日本精工（株）,18.675,0.15,1.36,1.56,2.16,2.56,0.74,0.8998934043970686,3.0,"箱種類    T-10 ｾﾝﾖｳ
箱種類    ＴＰ３４１フタナシ
Name: 132, dtype: object",1.0,6.0,4.92,80,75,93.45,1.2100000000000002,0.19999999999999996,0.6000000000000001,0.3999999999999999,1.2,0.09,1.6216216216216215,1.3334912714512046,5.969825246933681,1.0982345608243644
99,9036345A004    ,2023,50,9.0,34.0,37.0,岡谷鋼機（株）,8.3,0.14,4.4,4.68,5.14,5.47,0.68,0.7999200532978015,1.0,"箱種類    ｻﾝﾎﾞｯｸｽ#9T
箱種類     ＴＰ３４１フタナシ
Name: 46, dtype: object",1.0,6.0,4.92,90,29,33.22222222222223,4.260000000000001,0.27999999999999936,0.45999999999999996,0.33000000000000007,1.0699999999999994,0.0,1.573529411764705,1.337633674251257,10.98990556821882,0.7037716505990235
100,9036628A005    ,2023,50,5.0,28.0,26.0,（株）ジェイテクト,5.916666666666667,0.09,2.02,2.6,3.63,3.82,0.62,0.794140182847192,1.0,"箱種類       PT- 9 ｾﾝﾖｳ
箱種類    サンボックス＃９Ｆフタナシ
Name: 55, dtype: object",1.0,1.0,1.9,60,23,29.616666666666667,1.93,0.5800000000000001,1.0299999999999998,0.18999999999999995,1.7999999999999998,0.0,2.9032258064516125,2.266602344118324,2.91403593977659,0.5478529896768692
101,9036628A006    ,2023,50,3.0,21.0,17.0,（株）ジェイテクト,4.4375,0.09,2.02,2.6,3.27,3.92,0.62,0.8521869104629226,1.0,"箱種類       PT- 9 ｾﾝﾖｳ
箱種類    サンボックス＃９Ｆフタナシ
Name: 56, dtype: object",1.0,1.0,1.9,80,17,17.7,1.93,0.5800000000000001,0.6699999999999999,0.6499999999999999,1.9,0.0,3.064516129032258,2.2295578313540245,2.331228751821272,0.4291474823213096
102,9036628A007    ,2023,50,7.0,28.0,25.0,（株）ジェイテクト,5.430555555555555,0.09,4.01,4.27,4.76,5.13,0.57,0.7473617440571498,1.0,"箱種類       PT- 9 ｾﾝﾖｳ
箱種類    サンボックス＃９Ｆフタナシ
Name: 57, dtype: object",1.0,1.0,1.9,72,19,21.86111111111111,3.92,0.2599999999999998,0.4900000000000002,0.3700000000000001,1.12,0.0,1.9649122807017547,1.4986049378443367,4.444836405326749,0.6898645283779846
103,9036628A008    ,2023,50,5.0,20.0,18.0,（株）ジェイテクト,3.91,0.09,4.01,4.27,4.92,5.65,0.58,0.8263357556349303,1.0,"箱種類    PT- 9 ｾﾝﾖｳ
箱種類     ＡＷ１３１フタナシ
Name: 58, dtype: object",1.0,1.0,1.78,100,13,15.74,3.92,0.2599999999999998,0.6500000000000004,0.7300000000000004,1.6400000000000006,0.0,2.827586206896553,1.9846654205830367,4.599900642146128,0.5743561043926129
104,9036630A017    ,2023,50,9.0,53.0,48.0,（株）ジェイテクト,10.375,0.09,2.02,2.6,3.705,3.915,0.6,0.6959360426382412,1.0,"箱種類        PT- 9 ｾﾝﾖｳ
箱種類    サンボックス＃２４Ａフタアリ
Name: 59, dtype: object",1.0,4.0,4.0,72,42,51.91666666666667,1.93,0.5800000000000001,1.105,0.20999999999999996,1.895,0.0,3.1583333333333337,2.7229513689450506,6.9397590361445785,0.8953211380286753
105,9036630A018    ,2023,50,12.0,101.0,90.0,（株）ジェイテクト,19.657894736842103,0.09,2.02,2.6,3.29,3.5999999999999996,0.34,0.4918987341772152,3.0,"箱種類        PT- 9 ｾﾝﾖｳ
箱種類    サンボックス＃２４Ａフタアリ
Name: 60, dtype: object",1.0,4.0,4.0,38,86,98.36842105263158,1.93,0.5800000000000001,0.69,0.3099999999999996,1.5799999999999996,0.0,4.64705882352941,3.2120432321152848,4.883534136546184,1.1130793489587676
106,9036652A003    ,2023,50,8.0,33.0,30.0,（株）ジェイテクト,6.516666666666667,0.09,4.01,4.27,4.74,5.01,0.57,0.7178014533809582,1.0,"箱種類        PT- 9 ｾﾝﾖｳ
箱種類    サンボックス＃２４Ａフタアリ
Name: 61, dtype: object",1.0,4.0,4.0,60,24,26.233333333333334,3.92,0.2599999999999998,0.47000000000000064,0.2699999999999996,1.0,0.0,1.7543859649122808,1.3931429022466337,9.820971867007671,0.6793494490601936
107,9036652A004    ,2023,50,8.0,33.0,28.0,（株）ジェイテクト,6.206349206349207,0.09,4.01,4.27,4.79,4.984999999999999,0.57,0.7251915260500061,1.0,"箱種類        PT- 9 ｾﾝﾖｳ
箱種類    サンボックス＃２４Ａフタアリ
Name: 62, dtype: object",1.0,4.0,4.0,63,24,24.984126984126984,3.92,0.2599999999999998,0.5200000000000005,0.1949999999999994,0.9749999999999996,0.0,1.7105263157894732,1.344472411737431,10.312020460358053,0.6571421997376955
108,9036658A001    ,2023,50,4.0,38.0,33.0,（株）ジェイテクト,7.911111111111111,0.09,2.02,2.32,3.13,3.35,0.57,0.700605137135394,1.0,"箱種類         PT- 9 ｾﾝﾖｳ
箱種類    ｻﾝﾎﾞｯｸｽ＃24Aﾌﾀｱﾘ
Name: 63, dtype: object",1.0,4.0,4.0,45,33,39.488888888888894,1.93,0.2999999999999998,0.81,0.2200000000000002,1.33,0.0,2.3333333333333335,1.8983589036158806,4.044943820224719,0.6232202044722469
109,9036658A002    ,2023,50,7.0,48.0,45.0,（株）ジェイテクト,9.88888888888889,0.09,2.02,2.32,3.27,3.61,0.59,0.6944841097083152,1.0,"箱種類        PT- 9 ｾﾝﾖｳ
箱種類    サンボックス＃２４Ａフタアリ
Name: 64, dtype: object",1.0,4.0,4.0,36,41,49.361111111111114,1.93,0.2999999999999998,0.9500000000000002,0.33999999999999986,1.5899999999999999,0.0,2.694915254237288,2.2894692301423616,5.662921348314606,0.811162709951825
110,9036659A009    ,2023,50,17.0,105.0,96.0,（株）ジェイテクト,20.75,0.09,2.02,2.65,3.61,3.71,0.59,0.6379680213191206,1.0,"箱種類        PT- 9 ｾﾝﾖｳ
箱種類    サンボックス＃２４Ａフタアリ
Name: 65, dtype: object",1.0,4.0,4.0,36,87,103.83333333333334,1.93,0.6299999999999999,0.96,0.10000000000000009,1.69,0.0,2.864406779661017,2.649035599786965,6.554216867469879,1.3302849600490254
111,9036659A010    ,2023,50,16.0,105.0,95.0,（株）ジェイテクト,20.75,0.09,2.02,2.65,3.625,3.74,0.59,0.6379680213191206,1.0,"箱種類        PT- 9 ｾﾝﾖｳ
箱種類    サンボックス＃２４Ａフタアリ
Name: 66, dtype: object",1.0,4.0,4.0,36,88,103.83333333333334,1.93,0.6299999999999999,0.9750000000000001,0.11500000000000021,1.7200000000000002,0.0,2.9152542372881363,2.6960599003749,6.168674698795181,1.2909811164847984
112,9050827A011    ,2023,50,2.0,7.0,8.0,（株）東郷製作所,1.775,0.08,1.47,1.66,2.14,2.66,0.82,1.4004672761573067,1.0,"箱種類    TP-331 ﾊﾝﾖｳ
箱種類      ＴＰ３３１フタアリ
Name: 113, dtype: object",1.0,1.0,1.79,200,5,7.08,1.39,0.18999999999999995,0.4800000000000002,0.52,1.1900000000000002,0.08,1.4512195121951224,0.8497163912784879,4.038568327527892,0.3388499042269843
113,9052409A003    ,2023,50,2.0,4.0,4.0,（株）東郷製作所,0.711,0.14,2.46,2.56,3.5650000000000004,5.085,0.82,2.2711681903932663,1.0,"箱種類    TP-331 ﾊﾝﾖｳ
箱種類      TP131ﾌﾀﾅｼ
Name: 114, dtype: object",1.0,1.0,0.73,500,2,1.422,2.32,0.10000000000000009,1.0050000000000003,1.5199999999999996,2.625,0.08,3.2012195121951224,1.1557928695476603,16.259766021966943,0.11760336556233658
114,9056439A005    ,2023,50,13.0,9.0,10.0,（株）ムロコーポレーション,2.45,2.1,2.86,3.0,5.39,5.97,0.93,2.1078563015312133,3.0,"箱種類    TP-131 ﾊﾝﾖｳ
箱種類    ＴＰ３３１．５フタアリ
Name: 143, dtype: object",1.0,2.0,3.92,100,1,2.45,0.7599999999999998,0.14000000000000012,2.3899999999999997,0.5800000000000001,3.11,0.0,3.344086021505376,1.4754326458311213,21.56960345113655,0.5672619154387627
115,9056439A006    ,2023,50,4.0,7.0,7.0,（株）ムロコーポレーション,0.87,0.1,0.86,0.99,1.8,2.2,0.93,4.257787021630615,3.0,"箱種類    TP-131 ﾊﾝﾖｳ
箱種類    ＴＰ３３１．５フタアリ
Name: 144, dtype: object",1.0,2.0,3.92,100,3,2.63,0.76,0.13,0.81,0.40000000000000013,1.3400000000000003,0.0,1.4408602150537637,0.3147174795715398,18.6898420708345,0.20867741118237768
116,9056450A002    ,2023,50,8.0,10.0,10.0,（株）ムロコーポレーション,0.79,2.1,2.86,3.0,3.77,4.03,0.93,4.84644908616188,3.0,"箱種類    TP-131 ﾊﾝﾖｳ
箱種類       Ｔ２０３フタナシ
Name: 149, dtype: object",1.0,2.0,5.82,100,3,1.58,0.7599999999999998,0.14000000000000012,0.77,0.26000000000000023,1.1700000000000004,0.0,1.2580645161290327,0.241413863882469,29.696722224284493,0.265505326682445
117,9056450A003    ,2023,50,13.0,5.0,6.0,（株）ムロコーポレーション,2.24,2.1,2.86,3.0,5.91,6.38,0.93,2.3182461823229987,3.0,"箱種類    TP-131 ﾊﾝﾖｳ
箱種類    ＴＰ３３１．５フタアリ
Name: 150, dtype: object",1.0,2.0,3.92,100,1,2.24,0.7599999999999998,0.14000000000000012,2.91,0.46999999999999975,3.52,0.0,3.7849462365591395,1.5183892145884108,23.5917537746806,0.5236919491708609
118,9056455A042    ,2023,50,10.0,3.0,3.0,（株）ムロコーポレーション,0.49,0.1,0.86,0.99,1.03,2.2,0.93,7.219308176100628,3.0,"箱種類    TP-131 ﾊﾝﾖｳ
箱種類    ＴＰ３３１．５フタアリ
Name: 228, dtype: object",1.0,2.0,3.92,100,1,0.49,0.76,0.13,0.040000000000000036,1.1700000000000002,1.3400000000000003,0.0,1.4408602150537637,0.1856133534285242,82.96001327360212,0.12014968737263657
119,9056457A132    ,2023,50,2.0,4.0,4.0,（株）ムロコーポレーション,0.15,1.1,1.8599999999999999,1.99,3.355,4.46,0.93,20.602131147540984,3.0,"箱種類    TP-131 ﾊﾝﾖｳ
箱種類      ＴＰ３３１フタナシ
Name: 271, dtype: object",1.0,6.0,5.76,100,2,0.3,0.7599999999999998,0.13000000000000012,1.365,1.105,2.6,0.0,2.7956989247311825,0.12620053631249353,118.34319526627218,0.01689536011172932
120,9056457A133    ,2023,50,1.0,5.0,4.0,（株）ムロコーポレーション,0.22,0.1,0.86,0.99,1.89,2.98,0.93,13.86103448275862,3.0,"箱種類    TP-131 ﾊﾝﾖｳ
箱種類      TP341ﾌﾀﾅｼ
Name: 272, dtype: object",1.0,4.0,8.04,100,3,0.67,0.76,0.13,0.8999999999999999,1.09,2.12,0.0,2.2795698924731185,0.1529467373187054,20.11263073209976,0.04955737647794011
121,9056457A134    ,2023,50,7.0,2.0,3.0,（株）ムロコーポレーション,0.89,2.1,2.86,3.0,6.03,7.0,0.93,4.15061191626409,3.0,"箱種類    TP-131 ﾊﾝﾖｳ
箱種類      TP341ﾌﾀﾅｼ
Name: 273, dtype: object",1.0,4.0,8.04,100,1,0.89,0.7599999999999998,0.14000000000000012,3.0300000000000002,0.9699999999999998,4.140000000000001,0.0,4.451612903225807,0.9974432887299083,34.801630704981605,0.19960859204592865
122,9056463A033    ,2023,50,3.0,4.0,4.0,（株）ムロコーポレーション,0.1,0.1,0.86,0.98,1.03,2.0,0.93,29.09901408450704,3.0,"箱種類    TP-131 ﾊﾝﾖｳ
箱種類      ＴＰ３４１フタナシ
Name: 321, dtype: object",1.0,6.0,4.92,100,1,0.1,0.76,0.12,0.050000000000000044,0.97,1.1400000000000001,0.0,1.2258064516129032,0.039176585044747664,304.054054054054,0.009865963625406843
123,9056463A034    ,2023,50,3.0,3.0,3.0,（株）ムロコーポレーション,0.04,2.1,2.86,3.0,4.02,5.44,0.93,66.14739130434783,3.0,"箱種類    TP-131 ﾊﾝﾖｳ
箱種類      ＴＰ３４１フタナシ
Name: 322, dtype: object",1.0,6.0,4.92,100,1,0.04,0.7599999999999998,0.14000000000000012,1.0199999999999996,1.4200000000000008,2.5800000000000005,0.0,2.774193548387097,0.039003805730286126,760.1351351351351,0.00394662166933279
124,9093003179     ,2023,50,1.0,7.0,5.0,（株）青山製作所,1.594,0.33999999999999997,2.225,2.49,2.995,4.1850000000000005,1.0,1.7032348804500703,1.0,"箱種類    TP-331 ﾊﾝﾖｳ
箱種類       Aﾊﾟﾚﾌﾀﾅｼ
Name: 20, dtype: object",1.0,24.0,19.68,500,4,4.682,1.8850000000000002,0.2650000000000001,0.5049999999999999,1.1900000000000004,1.9600000000000004,0.08,1.9600000000000004,1.1507514450867053,7.280687491050821,0.134647417484526
125,9094906A012    ,2023,50,3.0,24.0,24.0,中庸スプリング（株）,5.194,0.17,1.355,1.65,2.125,2.8150000000000004,0.63,1.2078008898133703,3.0,"箱種類    TP-131 ﾊﾝﾖｳ
箱種類      TP341ﾌﾀﾅｼ
Name: 104, dtype: object",1.0,4.0,8.04,500,20,25.982,1.185,0.29499999999999993,0.4750000000000001,0.6900000000000004,1.4600000000000004,0.1,2.317460317460318,1.2088085149743515,2.5557058689229577,0.7292339921198576
126,9155180614     ,2023,50,3.0,11.0,11.0,（株）青山製作所,2.466666666666667,0.32,1.26,1.44,2.16,2.48,1.08,2.2991487632413103,3.0,"箱種類    TP-331 ﾊﾝﾖｳ
箱種類      ＴＰ３３１フタナシ
Name: 21, dtype: object",1.0,2.0,1.06,1500,7,9.876,0.94,0.17999999999999994,0.7200000000000002,0.31999999999999984,1.22,0.08,1.1296296296296295,0.5306311707642875,11.80792442928365,0.2278840245120001
127,9155180640     ,2023,50,4.0,6.0,7.0,（株）青山製作所,1.494,0.35,2.21,2.435,4.0,4.9,1.08,3.0786675549633578,3.0,"箱種類    TP-331 ﾊﾝﾖｳ
箱種類      ＴＰ１３１フタナシ
Name: 22, dtype: object",1.0,1.0,0.73,1000,4,4.482,1.8599999999999999,0.2250000000000001,1.565,0.9000000000000004,2.6900000000000004,0.08,2.490740740740741,0.8737546201320905,15.476162840185403,0.23467481302163948
128,9161140614     ,2023,50,6.0,19.0,22.0,（株）青山製作所,4.7808,0.32,1.26,1.69,3.53,3.89,1.06,1.6845836109260492,3.0,"箱種類    TP-331 ﾊﾝﾖｳ
箱種類      ＴＰ３３１フタナシ
Name: 23, dtype: object",1.0,1.0,2.28,2500,15,19.136,0.94,0.42999999999999994,1.8399999999999999,0.3600000000000003,2.63,0.08,2.481132075471698,1.5612166608662639,3.826280732686845,0.6782634084825124
129,9167180618     ,2023,50,4.0,8.0,11.0,（株）青山製作所,2.241,0.32,1.26,1.57,4.45,4.57,1.07,2.4024450366422387,3.0,"箱種類    TP-331 ﾊﾝﾖｳ
箱種類      ＴＰ３３１フタナシ
Name: 24, dtype: object",1.0,1.0,2.28,1000,5,8.97,0.94,0.31000000000000005,2.88,0.1200000000000001,3.3100000000000005,0.08,3.093457943925234,1.377763049524829,5.441821486487957,0.513157915038601
130,G1144ECB010    ,2023,50,31.0,229.0,267.0,住友電気工業（株）,59.333333333333336,1.16,4.36,4.8,5.1,5.3,0.63,0.6648280365694385,2.0,"箱種類    TP-331 ﾊﾝﾖｳ
箱種類      ＴＰ３３１フタナシ
Name: 99, dtype: object",1.0,6.0,5.76,6,244,296.16666666666663,3.2,0.4399999999999995,0.2999999999999998,0.20000000000000018,0.9399999999999995,0.0,1.4920634920634912,1.4138994571445402,4.637324645967688,1.772149562728989
131,G1144ECE010    ,2023,50,49.0,258.0,226.0,矢崎総業（株）,48.875,0.14,3.97,4.2,4.525,4.61,0.58,0.6194137209015889,2.0,"箱種類        TP-331 ﾊﾝﾖｳ
箱種類    ｻﾝﾎﾞｯｸｽ＃24Aﾌﾀｱﾘ
Name: 349, dtype: object",1.0,4.0,4.0,8,196,245.125,3.83,0.22999999999999998,0.3250000000000002,0.08499999999999996,0.6400000000000001,0.0,1.1034482758620692,1.033235103459521,8.020460358056265,2.1602118606444045
132,G1163ECB010    ,2023,50,3.0,21.0,26.0,（株）青山製作所,5.30625,0.315,1.2349999999999999,1.57,2.09,2.59,1.04,1.2303402331667856,1.0,"箱種類    TP-331 ﾊﾝﾖｳ
箱種類      ＴＰ３３１フタナシ
Name: 25, dtype: object",1.0,1.0,2.28,80,20,21.4875,0.9199999999999999,0.3350000000000002,0.5199999999999998,0.5,1.355,0.08,1.3028846153846154,1.101321377187147,1.7236921485822632,0.41122622094939626
133,G1163ECE010    ,2023,50,16.0,76.0,83.0,（株）青山製作所,18.09,0.31,1.26,1.57,2.59,2.83,1.03,1.084608999563128,1.0,"箱種類    TP-331 ﾊﾝﾖｳ
箱種類      ＴＰ３３１フタナシ
Name: 26, dtype: object",1.0,2.0,1.06,100,71,90.42,0.95,0.31000000000000005,1.0199999999999998,0.2400000000000002,1.57,0.08,1.5242718446601942,1.4475262519787164,8.587053942799487,0.8631593579568866
134,G117362010     ,2023,50,38.0,166.0,192.0,多摩川精機販売（株）,41.5,0.1,5.11,5.54,6.25,6.55,0.89,0.9139840106595604,1.0,"箱種類    TP-331-5 ﾊﾝﾖｳ
箱種類        TP341ﾌﾀﾅｼ
Name: 100, dtype: object",1.0,4.0,8.04,18,159,207.66666666666669,5.010000000000001,0.4299999999999997,0.71,0.2999999999999998,1.4399999999999995,0.0,1.6179775280898872,1.5755199031992355,4.051604648683229,2.302806351807263
135,G1174ECB010    ,2023,50,5.0,27.0,30.0,住友電装（株）,7.109999999999999,1.17,4.36,4.87,5.5,5.865,0.89,1.0351168190393267,1.0,"箱種類    TP-362 ﾊﾝﾖｳ
箱種類      ＴＰ３３１フタナシ
Name: 96, dtype: object",1.0,6.0,5.76,50,26,28.32,3.1900000000000004,0.5099999999999998,0.6299999999999999,0.3650000000000002,1.505,0.0,1.691011235955056,1.4539421757215416,6.241729708136719,0.6424893876843861
136,G1174ECE010    ,2023,50,11.0,31.0,36.0,住友電装（株）,7.82,3.08,4.36,5.03,6.42,6.77,0.91,1.033167877817465,1.0,"箱種類    TP-362 ﾊﾝﾖｳ
箱種類      ＴＰ３３２フタナシ
Name: 97, dtype: object",1.0,4.0,6.88,50,25,31.48,1.2800000000000002,0.6699999999999999,1.3899999999999997,0.34999999999999964,2.4099999999999993,0.0,2.6483516483516474,2.332631561379017,7.140353382580134,1.1595604292160766
137,G1250ECB010    ,2023,50,3.0,12.0,11.0,（株）バルカー,2.4,0.1,5.03,5.42,6.25,6.87,0.87,1.2982655246252677,1.0,"箱種類    TP-332.5ｾﾝﾖｳ
箱種類     ＴＰ３３１．５フタナシ
Name: 125, dtype: object",1.0,1.0,3.05,60,9,9.55,4.930000000000001,0.3899999999999997,0.8300000000000001,0.6200000000000001,1.8399999999999999,0.24,2.114942528735632,1.4172755612000856,3.0864197530864197,0.5351008543997181
138,G1250ECC010    ,2023,50,4.0,16.0,16.0,（株）バルカー,3.5,0.1,5.03,5.35,6.0600000000000005,6.395,0.87,1.163470286133529,1.0,"箱種類    TP-332.5ｾﾝﾖｳ
箱種類       ＴＰ３３２フタナシ
Name: 126, dtype: object",1.0,2.0,6.2,60,12,14.049999999999999,4.930000000000001,0.3199999999999994,0.7100000000000009,0.3349999999999991,1.3649999999999993,0.24,1.5689655172413786,1.1732143194960296,3.1746031746031744,0.7843747568282625
139,G1250ECE010    ,2023,50,11.0,29.0,30.0,（株）バルカー,6.516666666666667,0.36,5.21,5.45,6.23,6.54,0.88,1.0278014533809583,1.0,"箱種類    TP-332.5ｾﾝﾖｳ
箱種類       ＴＰ１３１フタナシ
Name: 127, dtype: object",1.0,2.0,3.52,60,24,26.233333333333334,4.85,0.2400000000000002,0.7800000000000002,0.3099999999999996,1.33,0.24,1.5113636363636365,1.2940242452712614,7.468936016114795,0.9951956763358233
140,G9201ECB030    ,2023,50,23.0,198.0,202.0,佐藤工業（株）,44.5,1.06,5.02,5.19,5.75,5.92,0.78,0.8264373820925845,2.0,"箱種類       ｻﾝﾎﾞｯｸｽ#20B
箱種類    サンボックス＃２４Ａフタアリ
Name: 68, dtype: object",1.0,4.0,4.0,8,189,222.125,3.9599999999999995,0.17000000000000082,0.5599999999999996,0.16999999999999993,0.9000000000000004,0.05,1.1538461538461542,1.0890117261166856,4.134831460674158,1.3154258908202936
141,G9201ECE010    ,2023,50,55.0,223.0,226.0,佐藤工業（株）,48.875,1.6,5.02,5.3,6.35,6.67,0.86,0.8994137209015889,2.0,"箱種類       ｻﾝﾎﾞｯｸｽ#20B
箱種類    サンボックス＃２４Ａフタアリ
Name: 69, dtype: object",1.0,4.0,4.0,8,182,245.125,3.4199999999999995,0.28000000000000025,1.0499999999999998,0.3200000000000003,1.6500000000000004,0.05,1.9186046511627912,1.8345283840522357,9.002557544757034,2.324101680123959
