,品番,変更前）正常1,変更前）正常2,変更前）正常3,変更前）正常4,変更前）異常1,変更前）異常2,変更前）異常3,変更前）異常4,変更前）異常5,変更後）正常1,変更後）正常2,変更後）正常3,変更後）正常4,変更後）異常1,変更後）異常2,変更後）異常3,変更後）異常4,変更後）異常5,差分）正常1,差分）正常2,差分）正常3,差分）正常4,差分）異常1,差分）異常2,差分）異常3,差分）異常4,差分）異常5,品名,収容数,仕入先名/工場名,A,B,C,整備室,箱種,箱サイズ,箱重量,手配区分,変更前）かんばん数,変更後）かんばん数,変更前）社内LT,変更後）社内LT,差分）社内LT,変更前）基準在庫日数（基準在庫枚数込み）,変更前）社内LT-基準在庫日数（基準在庫枚数込み）,変更後）基準在庫日数（基準在庫枚数込み）,変更後）社内LT-基準在庫日数（基準在庫枚数込み）,変更前）日量数平均,変更前）計算社内かんばん数,変更前）計算社内かんばん数MAX,変更後）日量数平均,変更後）計算社内かんばん数,変更後）計算社内かんばん数MAX,変更前）基準在庫日数,変更後）基準在庫日数
0,019128GA010,0.0,0.0,0.0,7.8431372549019605,7.8431372549019605,5.88235294117647,35.294117647058826,39.21568627450981,3.9215686274509802,0.0,0.0,0.0,2.272727272727273,15.909090909090908,20.454545454545457,34.090909090909086,11.363636363636363,15.909090909090908,0.0,0.0,0.0,-5.570409982174688,8.065953654188949,14.572192513368986,-1.2032085561497396,-27.852049910873443,11.987522281639928,"CAP, SHIPPING",50.0,石黒ゴム工業（株）,1.0,2.0,3.64,1Y,TP342ﾌﾀﾅｼ,0.033,2.11,手配,51.0,44.0,2.41,1.835,-0.5750000000000002,1.225557650608089,1.1844423493919112,1.139749973,0.6952500269999999,968.2,106.5974,116.2794,945.4,102.15780000000001,111.61180000000002,1.07,1.07
1,01912ECB010,0.0,0.0,0.0,0.0,0.0,0.0,42.857142857142854,57.14285714285714,0.0,0.0,0.0,0.0,0.0,0.0,12.5,18.75,31.25,37.5,0.0,0.0,0.0,0.0,0.0,12.5,-24.107142857142854,-25.89285714285714,37.5,"CAP, SHIPPING",300.0,石黒ゴム工業（株）,1.0,2.0,3.64,1Y,TP332ﾌﾀﾅｼ,0.022,3.21,手配,14.0,16.0,3.215,2.745,-0.46999999999999975,1.5367609618104667,1.6782390381895331,1.059294837,1.6857051630000002,1934.8,30.40966666666667,33.63433333333334,1890.8,27.78633333333333,30.937666666666665,1.07,0.85
2,01912ECB040,0.0,2.7027027027027026,8.108108108108109,9.45945945945946,13.513513513513514,10.81081081081081,36.486486486486484,18.91891891891892,0.0,0.0,0.0,0.0,0.0,1.694915254237288,3.389830508474576,15.254237288135593,16.94915254237288,62.71186440677966,0.0,-2.7027027027027026,-8.108108108108109,-9.45945945945946,-11.818598259276225,-7.420980302336234,-21.232249198350893,-1.9697663765460405,62.71186440677966,"CAP, SHIPPING",50.0,愛産樹脂工業（株）,1.0,1.0,2.12,1Y,TP342ﾌﾀﾅｼ,0.033,3.44,手配,74.0,59.0,1.3299999999999996,1.36,0.03000000000000047,0.825557650608089,0.5044423493919106,0.319749973,1.0402500270000001,968.2,27.205,46.569,945.4,24.635,43.543000000000006,0.67,0.25
3,01912ECB060,0.0,0.0,0.0,0.0,0.0,100.0,0.0,0.0,0.0,0.0,0.0,0.0,0.0,100.0,0.0,0.0,0.0,0.0,0.0,0.0,0.0,0.0,100.0,-100.0,0.0,0.0,0.0,"CAP, SHIPPING",400.0,新光ゴム工業（株）,1.0,1.0,3.25,1Y,TP331ﾌﾀﾅｼ,0.012,2.04,手配,1.0,1.0,4.62,2.38,-2.24,3.632512155591572,0.9874878444084283,2.048602098,0.33139790199999997,424.8,7.1418,8.2038,413.4,5.0306500000000005,6.064150000000001,0.78,0.78
4,1040043104R,0.0,0.0,0.0,25.0,25.0,50.0,0.0,0.0,0.0,0.0,0.0,0.0,50.0,0.0,50.0,0.0,0.0,0.0,0.0,0.0,0.0,25.0,-25.0,0.0,0.0,0.0,0.0,"PIN, STRAIGHT",1000.0,（株）ギフ加藤製作所,1.0,2.0,3.8,1Y,AW131ﾌﾀﾅｼ,0.005,13.4,手配,4.0,2.0,2.8149999999999995,2.685,-0.12999999999999945,2.45557650608089,0.35942349391910966,2.440095504,0.2449044960000002,1936.4,10.2615,11.2297,1890.8,10.0905,11.0359,0.9,0.75
5,1040052001Z,0.0,14.285714285714285,0.0,28.57142857142857,0.0,0.0,42.857142857142854,14.285714285714285,0.0,0.0,14.285714285714285,14.285714285714285,14.285714285714285,28.57142857142857,14.285714285714285,14.285714285714285,0.0,0.0,0.0,0.0,14.285714285714285,-14.285714285714285,28.57142857142857,14.285714285714285,-28.57142857142857,-14.285714285714285,0.0,"PLUG, W/HEAD STRAIGHT SCREW",200.0,（株）青山製作所,1.0,6.0,5.76,1Y,TP131ﾌﾀﾅｼ,0.006,6.27,手配,7.0,7.0,2.8400000000000003,2.0,-0.8400000000000003,1.8437712183292918,0.9962287816707085,1.7368965520000001,0.26310344799999985,543.4,10.200050000000001,10.652883333333333,532.0,10.049,10.492333333333333,0.74,0.53
6,1040183011P,0.0,0.0,0.0,28.57142857142857,28.57142857142857,28.57142857142857,14.285714285714285,0.0,0.0,0.0,0.0,0.0,0.0,70.0,30.0,0.0,0.0,0.0,0.0,0.0,0.0,-28.57142857142857,41.42857142857143,1.4285714285714306,-14.285714285714285,0.0,0.0,"BOLT, FLANGE",500.0,（株）青山製作所,1.0,6.0,5.76,1Y,TP331ﾌﾀﾅｼ,0.012,9.38,手配,7.0,10.0,2.29,1.18,-1.11,1.9286751674951368,0.36132483250486325,0.9669854819999999,0.21301451800000004,1273.8,9.87852,10.30312,1240.2,7.69708,8.110479999999999,0.74,0.54
7,2030044001J,0.0,0.0,0.0,100.0,0.0,0.0,0.0,0.0,0.0,0.0,0.0,0.0,0.0,50.0,50.0,0.0,0.0,0.0,0.0,0.0,0.0,-100.0,50.0,50.0,0.0,0.0,0.0,"SEAL, TYPE T OIL",400.0,ＮＯＫ（株）,1.0,2.0,3.52,1Y,TP131ﾌﾀﾅｼ,0.006,1.68,手配,2.0,2.0,3.0700000000000003,1.885,-1.1850000000000003,3.652512155591572,-0.5825121555915715,1.564640156,0.32035984399999995,424.8,5.8674,6.3984,413.4,3.7904500000000003,4.3072,0.8,0.54
8,2030045013L,0.0,50.0,0.0,50.0,0.0,0.0,0.0,0.0,0.0,66.66666666666666,33.33333333333333,0.0,0.0,0.0,0.0,0.0,0.0,0.0,66.66666666666666,-16.66666666666667,0.0,-50.0,0.0,0.0,0.0,0.0,0.0,GASKET,2000.0,伊藤金属工業（株）,1.0,1.0,1.96,1Y,TP331ﾌﾀﾅｼ,0.012,4.7,手配,2.0,3.0,1.7900000000000003,0.67,-1.12,3.2670505819405373,-1.477050581940537,3.17062369,-2.5006236900000003,2479.8,6.285735,7.525634999999999,2422.8,6.21021,7.42161,0.84,0.53
9,2030052002N,0.0,50.0,20.0,0.0,0.0,10.0,20.0,0.0,0.0,0.0,18.181818181818183,0.0,9.090909090909092,27.27272727272727,18.181818181818183,18.181818181818183,9.090909090909092,0.0,0.0,-31.818181818181817,-20.0,9.090909090909092,27.27272727272727,8.181818181818183,-1.8181818181818166,9.090909090909092,0.0,"PLUG, W/HEAD STRAIGHT SCREW",300.0,（株）杉浦製作所,1.0,2.0,1.06,1Y,TP331ﾌﾀﾅｼ,0.012,9.85,手配,10.0,11.0,0.855,1.86,1.0050000000000001,1.703345903648534,-0.8483459036485341,1.514057302,0.345942698,968.2,11.068333333333333,12.682,945.4,10.878333333333334,12.454,0.77,0.5
10,3040052001B,0.0,3.0303030303030303,30.303030303030305,24.242424242424242,21.21212121212121,3.0303030303030303,12.121212121212121,3.0303030303030303,3.0303030303030303,0.0,14.285714285714285,25.0,28.57142857142857,17.857142857142858,0.0,10.714285714285714,3.571428571428571,0.0,0.0,11.255411255411254,-5.3030303030303045,4.329004329004327,-3.3549783549783534,-3.0303030303030303,-1.4069264069264076,0.5411255411255409,-3.0303030303030303,"PLUG, W/HEAD STRAIGHT SCREW",500.0,（株）青山製作所,1.0,6.0,5.76,1Y,TP331ﾌﾀﾅｼ,0.012,11.97,手配,33.0,28.0,0.96,0.76,-0.19999999999999996,1.0808562722718589,-0.12085627227185891,0.890623117,-0.13062311699999996,4416.2,25.96424,27.436306666666667,4313.6,25.43072,26.86858666666667,0.74,0.52
11,33490ECB010,0.0,1.3392857142857142,7.5892857142857135,21.875,27.455357142857146,21.205357142857142,20.535714285714285,0.0,0.0,0.22935779816513763,1.834862385321101,2.981651376146789,27.06422018348624,32.3394495412844,26.605504587155966,8.027522935779817,0.9174311926605505,0.0,0.22935779816513763,0.49557667103538683,-4.607634338138924,5.189220183486238,4.884092398427256,5.400147444298824,-12.508191349934467,0.9174311926605505,0.0,"COOLER ASSY, OIL",4.0,マレリ（株）,1.0,2.0,3.92,1Y,TP331.5ﾌﾀｱﾘ,0.019,0.019,手配,449.0,436.0,1.2000000000000002,0.96,-0.2400000000000002,1.0485251215559157,0.15147487844408447,0.850739205,0.10926079499999997,424.8,438.41999999999996,491.52,413.4,426.73499999999996,478.40999999999997,1.02,0.82
12,33490ECE010,0.0,0.0,0.9560229445506693,12.810707456978967,22.94455066921606,16.061185468451242,38.623326959847034,8.604206500956023,0.0,0.17857142857142858,1.4285714285714286,2.3214285714285716,14.107142857142858,25.535714285714285,24.107142857142858,26.42857142857143,5.535714285714286,0.35714285714285715,0.17857142857142858,1.4285714285714286,1.3654056268779025,1.2964354001638903,2.591163616498225,8.045957388691615,-12.194755531275604,-3.0684922152417373,0.35714285714285715,"COOLER ASSY, OIL",4.0,マレリ（株）,1.0,2.0,3.92,1Y,TP331.5ﾌﾀｱﾘ,0.019,0.019,手配,523.0,560.0,1.5100000000000002,1.11,-0.40000000000000013,1.042075424366586,0.4679245756334143,0.834137931,0.2758620690000001,543.4,553.1925,621.1175,532.0,541.6500000000001,608.1500000000001,1.02,0.81
13,34989ECB020,0.0,0.0,0.0,50.0,25.0,25.0,0.0,0.0,0.0,0.0,0.0,0.0,0.0,0.0,100.0,0.0,0.0,0.0,0.0,0.0,0.0,-50.0,-25.0,75.0,0.0,0.0,0.0,LABEL,500.0,（株）槌屋,1.0,1.0,2.33,1Y,TP131ﾌﾀﾅｼ,0.006,1.0,手配,4.0,2.0,2.58,1.98,-0.6000000000000001,2.435723175561004,0.14427682443899625,1.507574587,0.47242541300000007,968.0,10.840800000000002,12.776800000000001,945.4,8.65774,10.548540000000001,0.88,0.81
14,35145ECB010,0.0,0.0,38.46153846153847,7.6923076923076925,7.6923076923076925,7.6923076923076925,7.6923076923076925,30.76923076923077,0.0,0.0,0.0,25.0,0.0,16.666666666666664,8.333333333333332,33.33333333333333,16.666666666666664,0.0,0.0,0.0,-13.461538461538467,-7.6923076923076925,8.974358974358971,0.6410256410256396,25.641025641025635,-14.102564102564106,0.0,"PLATE, OIL",100.0,三共鋼業（株）,1.0,1.0,1.74,1Y,TP131ﾌﾀﾅｼ,0.006,4.63,手配,13.0,12.0,1.7000000000000002,1.975,0.2749999999999999,1.533128038897893,0.16687196110210722,1.388480117,0.586519883,424.8,16.168799999999997,20.4168,413.4,15.8154,19.9494,0.82,0.62
15,35145ECE010,0.0,0.0,23.52941176470588,35.294117647058826,17.647058823529413,5.88235294117647,11.76470588235294,5.88235294117647,0.0,0.0,0.0,0.0,0.0,11.76470588235294,17.647058823529413,11.76470588235294,29.411764705882355,29.411764705882355,0.0,0.0,-23.52941176470588,-35.294117647058826,-5.882352941176473,11.764705882352942,0.0,23.529411764705884,29.411764705882355,"PLATE, OIL",100.0,三共鋼業（株）,1.0,1.0,1.74,1Y,TP131ﾌﾀﾅｼ,0.006,3.61,手配,17.0,17.0,1.33,1.92,0.5899999999999999,1.3718856091646456,-0.041885609164645565,0.8511494249999999,1.068850575,543.4,20.660500000000003,26.094500000000004,532.0,18.290000000000003,23.610000000000003,0.82,0.65
16,35145ECE020,0.0,0.0,33.33333333333333,11.11111111111111,27.77777777777778,5.555555555555555,16.666666666666664,5.555555555555555,0.0,0.0,0.0,5.555555555555555,22.22222222222222,11.11111111111111,11.11111111111111,22.22222222222222,11.11111111111111,16.666666666666664,0.0,0.0,-27.77777777777777,11.11111111111111,-16.666666666666668,5.555555555555555,5.555555555555557,5.555555555555555,16.666666666666664,"PLATE, OIL",100.0,（株）浅賀井製作所,1.0,4.0,6.88,1Y,TP331ﾌﾀﾅｼ,0.012,1.2,手配,18.0,18.0,1.4600000000000002,1.22,-0.2400000000000002,1.421885609164646,0.038114390835354284,0.8511494249999999,0.36885057500000007,543.4,20.660500000000003,22.019000000000002,532.0,18.290000000000003,19.620000000000005,0.87,0.65
17,35165ECE010,0.0,0.0,0.0,50.0,16.666666666666664,0.0,33.33333333333333,0.0,0.0,0.0,0.0,25.0,25.0,0.0,25.0,0.0,25.0,0.0,0.0,0.0,25.0,-25.0,-16.666666666666664,25.0,-33.33333333333333,25.0,0.0,"PLATE, TRANSMISSION CASE",200.0,（株）松尾製作所,1.0,1.0,1.21,1Y,TP131ﾌﾀﾅｼ,0.006,1.53,手配,6.0,4.0,1.8650000000000002,1.165,-0.7000000000000002,1.873771218329292,-0.008771218329291841,1.032298851,0.13270114900000007,543.4,11.55855,14.27555,532.0,9.379000000000001,12.039000000000001,0.77,0.63
18,35174ECB010,0.0,5.063291139240507,37.9746835443038,15.18987341772152,21.518987341772153,1.2658227848101267,0.0,13.924050632911392,5.063291139240507,0.0,7.6923076923076925,19.230769230769234,19.230769230769234,15.384615384615385,8.974358974358974,17.94871794871795,11.538461538461538,0.0,0.0,2.629016553067186,-18.743914313534567,4.0408958130477135,-6.134371957156768,7.708536189548848,17.94871794871795,-2.3855890944498537,-5.063291139240507,"PLATE, OIL RESERVOIR LOCK",20.0,（株）浅賀井製作所,1.0,4.0,6.88,1Y,TP332ﾌﾀﾅｼ,0.022,3.52,手配,79.0,78.0,0.8399999999999999,1.0350000000000001,0.19500000000000028,1.0126256077795786,-0.1726256077795787,0.921232008,0.1137679920000001,424.8,95.394,100.70400000000001,413.4,90.91449999999999,96.082,0.87,0.87
19,35174ECE010,0.0,6.976744186046512,39.53488372093023,6.976744186046512,6.976744186046512,0.0,0.0,37.2093023255814,2.3255813953488373,0.0,0.0,4.878048780487805,4.878048780487805,4.878048780487805,17.073170731707318,29.268292682926827,39.02439024390244,0.0,0.0,-6.976744186046512,-34.65683494044243,-2.098695405558707,-2.098695405558707,17.073170731707318,29.268292682926827,1.8150879183210407,-2.3255813953488373,"PLATE, OIL RESERVOIR LOCK",40.0,（株）浅賀井製作所,1.0,4.0,6.88,1Y,TP332ﾌﾀﾅｼ,0.022,4.85,手配,43.0,41.0,0.8399999999999999,1.75,0.9100000000000001,1.0907542436658584,-0.2507542436658585,0.9504597700000001,0.7995402299999999,543.4,62.09475,65.491,532.0,58.855,62.18,0.87,0.87
20,35174ECE020,0.0,0.0,5.88235294117647,17.647058823529413,23.52941176470588,17.647058823529413,11.76470588235294,23.52941176470588,0.0,0.0,29.411764705882355,5.88235294117647,0.0,0.0,11.76470588235294,11.76470588235294,41.17647058823529,0.0,0.0,29.411764705882355,0.0,-17.647058823529413,-23.52941176470588,-5.882352941176473,0.0,17.64705882352941,0.0,"PLATE, OIL RESERVOIR LOCK",90.0,（株）浅賀井製作所,1.0,4.0,6.88,1Y,TP331ﾌﾀﾅｼ,0.012,1.795,手配,17.0,17.0,1.7499999999999998,2.06,0.3100000000000003,1.3666970482481813,0.3833029517518185,1.173103448,0.8868965520000001,543.4,22.019000000000002,23.528444444444446,532.0,21.62,23.09777777777778,0.87,0.63
21,3519510A010,0.0,100.0,0.0,0.0,0.0,0.0,0.0,0.0,0.0,0.0,0.0,0.0,0.0,100.0,0.0,0.0,0.0,0.0,0.0,-100.0,0.0,0.0,100.0,0.0,0.0,0.0,0.0,"CLAMP, TRANSAXLE APPLY TUBE, NO.1",600.0,中庸スプリング（株）,1.0,2.0,2.34,1Y,AW131ﾌﾀﾅｼ,0.006,3.7,手配,1.0,1.0,1.7599999999999998,2.67,0.9100000000000001,5.088768233387357,-3.3287682333873576,2.166960234,0.5030397660000001,424.8,5.2302,5.5842,413.4,3.17035,3.51485,0.81,0.63
22,35195ECE010,0.0,0.0,22.22222222222222,22.22222222222222,22.22222222222222,33.33333333333333,0.0,0.0,0.0,0.0,0.0,25.0,0.0,0.0,25.0,50.0,0.0,0.0,0.0,0.0,2.7777777777777786,-22.22222222222222,-22.22222222222222,-8.333333333333329,50.0,0.0,0.0,"CLAMP, TUBE",400.0,三共鋼業（株）,1.0,1.0,1.74,1Y,TP131ﾌﾀﾅｼ,0.006,3.44,手配,9.0,8.0,1.9599999999999995,2.825,0.8650000000000007,1.9237712183292917,0.036228781670707866,1.8268965520000002,0.998103448,1086.8,11.4227,14.139700000000001,1064.0,11.246,13.906,0.82,0.62
23,35195TFG010,0.0,0.0,16.666666666666664,16.666666666666664,0.0,0.0,33.33333333333333,33.33333333333333,0.0,0.0,0.0,0.0,16.666666666666664,0.0,0.0,16.666666666666664,16.666666666666664,50.0,0.0,0.0,-16.666666666666664,0.0,0.0,0.0,-16.666666666666664,-16.666666666666664,50.0,"CLAMP, TRANSAXLE APPLY TUBE, NO.1",400.0,三共鋼業（株）,1.0,1.0,1.74,1Y,TP131ﾌﾀﾅｼ,0.006,3.88,手配,6.0,6.0,3.415,2.895,-0.52,1.9237712183292917,1.4912287816707084,1.022298851,1.872701149,1086.8,11.4227,14.139700000000001,1064.0,9.246,11.906,0.82,0.62
24,35198ECE010,0.0,0.0,0.0,25.0,0.0,0.0,75.0,0.0,0.0,0.0,0.0,0.0,14.285714285714285,0.0,28.57142857142857,28.57142857142857,14.285714285714285,14.285714285714285,0.0,0.0,0.0,-10.714285714285715,0.0,28.57142857142857,-46.42857142857143,14.285714285714285,14.285714285714285,"BRACKET, WIRE HARNESS CLAMP",200.0,サトープレス工業（株）,1.0,1.0,1.78,1Y,TP331ﾌﾀﾅｼ,0.012,5.28,手配,4.0,7.0,3.11,1.55,-1.5599999999999998,1.9237712183292917,1.1862287816707082,0.982298851,0.567701149,543.4,10.8793,13.596300000000001,532.0,8.713999999999999,11.373999999999999,0.82,0.58
25,35300ECB010,0.0,0.0,0.0,0.0,0.0,0.0,0.4694835680751174,99.53051643192488,0.0,0.0,0.0,0.0,0.0,0.0,0.0,23.809523809523807,75.71428571428571,0.4761904761904762,0.0,0.0,0.0,0.0,0.0,0.0,23.34004024144869,-23.816230717639172,0.4761904761904762,"PUMP ASSY, OIL W/MOTOR",12.0,アイシン精機（株）,1.0,4.0,8.04,1Y,TP341ﾌﾀﾅｼ,0.017,6.97,手配,213.0,210.0,2.49,2.14,-0.3500000000000001,0.9473338361459414,1.5426661638540589,0.950562292,1.1894377080000003,968.2,370.1091666666667,390.28000000000003,945.4,361.4641666666667,381.16,0.91,0.91
26,35312ECB010,0.0,4.3478260869565215,8.695652173913043,17.391304347826086,17.391304347826086,13.043478260869565,26.08695652173913,13.043478260869565,0.0,0.0,0.0,14.285714285714285,9.523809523809524,14.285714285714285,0.0,28.57142857142857,23.809523809523807,9.523809523809524,0.0,-4.3478260869565215,5.590062111801242,-7.867494824016562,-3.1055900621118013,-13.043478260869565,2.4844720496894404,10.766045548654242,9.523809523809524,"COVER, TRANSMISSION, OIL PUMP",63.0,（株）旭工業所,1.0,1.0,1.9,1Y,TP331ﾌﾀｱﾘ,0.014,4.718,手配,23.0,21.0,1.6,1.31,-0.29000000000000004,1.2792706645056726,0.32072933549432747,0.751380825,0.558619175,424.8,22.89142857142857,29.634285714285713,413.4,20.357619047619046,26.91952380952381,0.83,0.59
27,3539450A010,0.0,0.0,0.0,0.0,100.0,0.0,0.0,0.0,0.0,0.0,100.0,0.0,0.0,0.0,0.0,0.0,0.0,0.0,0.0,100.0,0.0,0.0,-100.0,0.0,0.0,0.0,0.0,"MAGNET, OIL CLEANER",2000.0,ミズショー（株）,1.0,1.0,1.88,1Y,ｻﾝﾎﾞｯｸｽC-3ﾌﾀﾅｼ,0.011,8.717,手配,1.0,1.0,4.0600000000000005,1.44,-2.6200000000000006,3.95115301216178,0.10884698783822033,4.090191008,-2.6501910079999997,1936.4,6.4371100000000006,7.40531,1890.8,6.3561700000000005,7.301570000000001,0.84,0.71
28,35409ECB010,0.0,33.33333333333333,66.66666666666666,0.0,0.0,0.0,0.0,0.0,0.0,0.0,0.0,25.0,0.0,50.0,0.0,0.0,25.0,0.0,0.0,-33.33333333333333,-41.66666666666666,0.0,50.0,0.0,0.0,25.0,0.0,"SPRING SUB-ASSY, MANUAL DETENT",200.0,サンコール（株）,1.0,1.0,2.26,1Y,TP131ﾌﾀﾅｼ,0.006,2.6,手配,3.0,4.0,1.25,1.315,0.06499999999999995,2.296256077795786,-1.0462560777957859,1.172320078,0.1426799219999999,424.8,10.0092,12.1332,413.4,7.821100000000001,9.888100000000001,0.87,0.66
29,35441ECB010,0.0,1.4705882352941175,13.23529411764706,23.52941176470588,13.23529411764706,27.941176470588236,17.647058823529413,0.0,2.941176470588235,0.0,6.349206349206349,4.761904761904762,1.5873015873015872,4.761904761904762,3.1746031746031744,31.746031746031743,34.92063492063492,12.698412698412698,0.0,4.878618113912231,-8.473389355742299,-21.94211017740429,-8.473389355742299,-24.76657329598506,14.09897292250233,34.92063492063492,9.757236227824462,"STRAINER, OIL",48.0,（株）ニフコ,1.0,1.0,2.14,1Y,TP331ﾌﾀﾅｼ,0.012,0.75,手配,68.0,63.0,1.1349999999999998,1.64,0.5050000000000001,1.0093353445837654,0.1256646554162344,0.832249168,0.8077508319999999,968.2,70.57229166666667,90.743125,945.4,68.98104166666667,88.676875,0.86,0.67
30,35441TFA010,0.0,27.27272727272727,18.181818181818183,9.090909090909092,18.181818181818183,0.0,9.090909090909092,18.181818181818183,0.0,0.0,0.0,0.0,11.11111111111111,0.0,11.11111111111111,22.22222222222222,33.33333333333333,22.22222222222222,0.0,-27.27272727272727,-18.181818181818183,2.020202020202019,-18.181818181818183,11.11111111111111,13.13131313131313,15.151515151515145,22.22222222222222,"STRAINER, OIL",100.0,（株）ニフコ,1.0,1.0,2.14,1Y,TP331ﾌﾀﾅｼ,0.012,0.69,手配,11.0,9.0,1.37,2.11,0.7399999999999998,1.573128038897893,-0.20312803889789288,0.9261600390000001,1.1838399609999999,424.8,17.230800000000002,21.478800000000003,413.4,14.848900000000002,18.9829,0.86,0.67
31,3548255A010,0.0,33.33333333333333,0.0,33.33333333333333,0.0,0.0,33.33333333333333,0.0,0.0,0.0,0.0,0.0,0.0,50.0,0.0,0.0,50.0,0.0,0.0,-33.33333333333333,0.0,-33.33333333333333,50.0,0.0,-33.33333333333333,50.0,0.0,"CLAMP, TEMPERATURE SENSOR",300.0,サトープレス工業（株）,1.0,1.0,1.78,1Y,AW131ﾌﾀﾅｼ,0.006,4.74,手配,3.0,2.0,2.3800000000000003,2.005,-0.37500000000000044,2.4756568274939377,-0.09565682749393734,1.173448276,0.8315517239999999,543.4,8.162299999999998,9.973633333333332,532.0,6.054,7.827333333333334,0.82,0.57
32,35501ECB010,0.0,7.6923076923076925,15.384615384615385,7.6923076923076925,30.76923076923077,7.6923076923076925,23.076923076923077,7.6923076923076925,0.0,0.0,0.0,23.076923076923077,15.384615384615385,15.384615384615385,0.0,7.6923076923076925,15.384615384615385,23.076923076923077,0.0,-7.6923076923076925,7.692307692307692,7.6923076923076925,-15.384615384615385,-7.6923076923076925,-15.384615384615383,7.6923076923076925,23.076923076923077,"ROD SUB-ASSY, PARKING LOCK",100.0,大橋鉄工（株）,1.0,1.0,1.38,1Y,TP331ﾌﾀﾅｼ,0.011,5.837,手配,13.0,13.0,1.7899999999999998,0.97,-0.8199999999999998,1.4931280388978931,0.2968719611021067,0.856160039,0.11383996099999993,424.8,15.743999999999998,19.991999999999997,413.4,13.402000000000001,17.536,0.78,0.6
33,35505ECB010,0.0,2.73972602739726,9.58904109589041,31.506849315068493,24.65753424657534,16.43835616438356,15.068493150684931,0.0,0.0,0.0,8.955223880597014,7.462686567164178,22.388059701492537,13.432835820895523,16.417910447761194,13.432835820895523,17.91044776119403,0.0,0.0,6.215497853199754,-2.1263545287262318,-9.118789613575956,-11.224698425679819,-0.020445716622365495,-1.6356573297894084,17.91044776119403,0.0,"LEVER SUB-ASSY, PARKING LOCK",24.0,中庸スプリング（株）,1.0,2.0,2.34,1Y,TP131ﾌﾀﾅｼ,0.009,2.45,手配,73.0,67.0,1.11,1.03,-0.08000000000000007,0.9811507293354944,0.1288492706645057,0.871478409,0.15852159100000007,424.8,74.685,83.535,413.4,70.76125,79.37375,0.81,0.81
34,35556ECB010,0.0,0.0,25.0,16.666666666666664,25.0,0.0,25.0,8.333333333333332,0.0,0.0,0.0,21.428571428571427,0.0,21.428571428571427,28.57142857142857,14.285714285714285,7.142857142857142,7.142857142857142,0.0,0.0,-3.571428571428573,-16.666666666666664,-3.571428571428573,28.57142857142857,-10.714285714285715,-1.1904761904761898,7.142857142857142,"SHAFT, PARKING LOCK PAWL",100.0,（株）ギフ加藤製作所,1.0,2.0,3.8,1Y,AW131ﾌﾀﾅｼ,0.005,7.0,手配,12.0,14.0,1.81,1.33,-0.48,1.613128038897893,0.19687196110210703,1.006160039,0.323839961,424.8,18.93,21.054,413.4,16.5025,18.5695,0.9,0.75
35,35557ECB010,0.0,6.451612903225806,19.35483870967742,3.225806451612903,16.129032258064516,16.129032258064516,19.35483870967742,19.35483870967742,0.0,0.0,3.4482758620689653,17.24137931034483,10.344827586206897,6.896551724137931,10.344827586206897,37.93103448275862,13.793103448275861,0.0,0.0,-3.0033370411568407,-2.1134593993325907,7.119021134593994,-9.232480533926585,-5.784204671857619,18.5761957730812,-5.561735261401559,0.0,"PAWL, PARKING LOCK",46.0,小川工業（株）,1.0,2.0,4.94,1Y,TP131ﾌﾀﾅｼ,0.006,9.466,手配,31.0,29.0,1.59,1.53,-0.06000000000000005,1.2180388978930308,0.3719611021069693,1.007833618,0.522166382,424.8,44.09478260869565,48.71217391304348,413.4,40.99195652173913,45.48543478260869,0.89,0.89
36,35580ECB011,0.0,0.9708737864077669,7.281553398058252,2.4271844660194173,4.368932038834951,9.223300970873787,8.737864077669903,66.99029126213593,0.0,0.0,0.0,1.4563106796116505,5.339805825242718,14.077669902912621,34.46601941747573,44.66019417475729,0.0,0.0,0.0,-0.9708737864077669,-5.825242718446601,2.9126213592233006,9.70873786407767,25.24271844660194,35.92233009708738,-66.99029126213593,0.0,"ACTUATOR ASSY, SHIFT CONTROL",6.0,アイシン精機（株）,1.0,4.0,8.04,1Y,TP342ﾌﾀｱﾘ,0.036,10.68,手配,206.0,206.0,2.1,1.38,-0.7200000000000002,0.9527923060298249,1.1472076939701752,0.946114432,0.4338855679999999,424.6,321.45,339.14166666666665,413.4,313.05,330.27500000000003,0.91,0.9
37,35595ECB010,0.0,0.0,21.052631578947366,7.894736842105263,15.789473684210526,10.526315789473683,26.31578947368421,18.421052631578945,0.0,0.0,0.0,0.0,21.62162162162162,16.216216216216218,5.405405405405405,29.72972972972973,13.513513513513514,13.513513513513514,0.0,0.0,-21.052631578947366,13.726884779516357,0.4267425320056919,-5.120910384068278,3.413940256045521,-4.907539118065431,13.513513513513514,"BRACKET, PARKING LOCK PAWL",40.0,サトープレス工業（株）,1.0,1.0,1.78,1Y,TP331ﾌﾀﾅｼ,0.012,2.47,手配,38.0,37.0,1.5700000000000003,1.06,-0.5100000000000002,1.1052512155591572,0.4647487844408431,0.672464016,0.387535984,424.8,33.266999999999996,43.88699999999999,413.4,30.454749999999997,40.78975,0.82,0.57
38,3559850A010,0.0,0.0,14.285714285714285,57.14285714285714,21.428571428571427,0.0,7.142857142857142,0.0,0.0,0.0,0.0,21.428571428571427,21.428571428571427,21.428571428571427,7.142857142857142,7.142857142857142,21.428571428571427,0.0,0.0,0.0,7.142857142857142,-35.71428571428571,0.0,7.142857142857142,0.0,21.428571428571427,0.0,"PIN SUB-ASSY, PARKING LOCK",100.0,アイコー（株）,1.0,2.0,3.92,1Y,TP131ﾌﾀﾅｼ,0.006,3.86,手配,14.0,14.0,1.75,1.315,-0.43500000000000005,1.823128038897893,-0.07312803889789299,1.156160039,0.15883996099999997,424.8,22.116,24.24,413.4,19.603,21.67,1.11,0.9
39,35771ECB010,0.0,0.9195402298850575,7.586206896551724,30.114942528735632,28.045977011494255,24.597701149425287,8.505747126436782,0.22988505747126436,0.0,0.0,25.850340136054424,43.76417233560091,24.263038548752835,1.5873015873015872,0.22675736961451248,0.0,4.308390022675737,0.0,0.0,24.930799906169366,36.17796543904919,-5.851903979982797,-26.458675424192666,-24.370943779810773,-8.505747126436782,4.0785049652044725,0.0,"SHAFT, OUTPUT",4.0,アイシン機工（株）,1.0,6.0,4.92,1Y,TP341ﾌﾀﾅｼ,0.017,10.5,手配,435.0,441.0,0.8200000000000001,0.54,-0.28,0.7285251215559156,0.09147487844408442,0.820739205,-0.28073920499999994,424.8,374.7,392.4,413.4,406.065,423.29,0.7,0.79
40,35771ECE010,0.0,1.6901408450704223,14.929577464788732,35.774647887323944,16.056338028169016,2.535211267605634,7.042253521126761,21.69014084507042,0.28169014084507044,0.0,18.803418803418804,24.501424501424502,14.245014245014245,15.954415954415953,13.96011396011396,6.552706552706552,1.4245014245014245,4.5584045584045585,0.0,17.11327795834838,9.57184703663577,-21.529633642309697,-0.10192207375306239,11.424902692508326,-0.48954696842020873,-20.265639420568995,4.2767144175594884,"SHAFT, OUTPUT",6.0,アイシン機工（株）,1.0,6.0,4.92,1Y,TP341ﾌﾀﾅｼ,0.017,9.6,手配,355.0,351.0,0.73,0.7,-0.030000000000000027,0.7331131365498788,-0.00311313654987877,0.814137931,-0.11413793100000003,543.4,215.83166666666665,230.92611111111108,532.0,347.8,362.5777777777778,0.7,0.79
41,35847ECB010,0.0,0.0,10.0,10.0,5.0,10.0,55.00000000000001,10.0,0.0,0.0,0.0,4.761904761904762,9.523809523809524,14.285714285714285,9.523809523809524,4.761904761904762,14.285714285714285,42.857142857142854,0.0,0.0,-5.238095238095238,-0.4761904761904763,9.285714285714285,-0.4761904761904763,-50.23809523809525,4.285714285714285,42.857142857142854,"TUBE, TRANSAXLE LUBE APPLY",80.0,（株）メタルテック,1.0,1.0,1.9,1Y,TP332ﾌﾀﾅｼ,0.022,2.9,手配,20.0,21.0,2.3600000000000003,1.94,-0.4200000000000004,1.4005024311183143,0.959497568881686,0.7149280310000001,1.2250719689999998,424.8,16.5405,21.8505,413.4,14.177125,19.344625,0.83,0.51
42,35847ECB020,0.0,0.0,0.0,19.047619047619047,0.0,23.809523809523807,33.33333333333333,23.809523809523807,0.0,0.0,0.0,0.0,0.0,5.263157894736842,15.789473684210526,15.789473684210526,31.57894736842105,31.57894736842105,0.0,0.0,0.0,-19.047619047619047,5.263157894736842,-8.020050125313281,-17.5438596491228,7.769423558897245,31.57894736842105,"TUBE, TRANSAXLE LUBE APPLY",70.0,（株）メタルテック,1.0,1.0,1.9,1Y,TP332ﾌﾀﾅｼ,0.022,2.74,手配,21.0,19.0,2.0200000000000005,1.71,-0.3100000000000005,1.329189627228525,0.6908103727714754,0.679312027,1.030687973,424.8,18.17142857142857,24.24,413.4,15.764285714285714,21.67,0.83,0.5
43,35847ECE010,0.0,2.1739130434782608,6.521739130434782,10.869565217391305,6.521739130434782,2.1739130434782608,23.91304347826087,39.130434782608695,8.695652173913043,0.0,0.0,2.1739130434782608,0.0,13.043478260869565,4.3478260869565215,6.521739130434782,17.391304347826086,56.52173913043478,0.0,-2.1739130434782608,-4.3478260869565215,-10.869565217391305,6.521739130434782,2.1739130434782608,-17.39130434782609,-21.73913043478261,47.826086956521735,"TUBE, TRANSAXLE LUBE APPLY",40.0,（株）メタルテック,1.0,1.0,1.9,1Y,TP332ﾌﾀﾅｼ,0.022,3.3,手配,46.0,46.0,2.0900000000000003,1.82,-0.27000000000000024,1.0507542436658583,1.039245756334142,0.58045977,1.23954023,543.4,36.9625,50.5475,532.0,34.25,47.55,0.83,0.5
44,35847ECE020,0.0,0.0,0.0,3.7037037037037033,14.814814814814813,7.4074074074074066,33.33333333333333,40.74074074074074,0.0,0.0,0.0,3.3333333333333335,3.3333333333333335,3.3333333333333335,6.666666666666667,13.333333333333334,23.333333333333332,46.666666666666664,0.0,0.0,3.3333333333333335,-0.3703703703703698,-11.48148148148148,-0.7407407407407396,-19.999999999999993,-17.40740740740741,46.666666666666664,"TUBE, TRANSAXLE LUBE APPLY",60.0,（株）メタルテック,1.0,1.0,1.9,1Y,TP332ﾌﾀﾅｼ,0.022,3.5,手配,27.0,30.0,2.0900000000000007,1.8,-0.2900000000000007,1.1611313654987874,0.9288686345012134,0.610689655,1.189310345,543.4,25.18883333333333,34.2455,532.0,22.723333333333333,31.59,0.83,0.49
45,35882ECB010,0.0,0.0,6.0606060606060606,15.151515151515152,18.181818181818183,12.121212121212121,36.36363636363637,12.121212121212121,0.0,0.0,0.0,12.121212121212121,0.0,9.090909090909092,3.0303030303030303,18.181818181818183,36.36363636363637,21.21212121212121,0.0,0.0,6.0606060606060606,-15.151515151515152,-9.090909090909092,-9.09090909090909,-18.181818181818183,24.242424242424246,21.21212121212121,"TUBE, DIFFERENTIAL GEAR LUBE APPLY",50.0,（株）メタルテック,1.0,1.0,1.9,1Y,TP332ﾌﾀﾅｼ,0.022,2.5,手配,33.0,33.0,1.7200000000000006,1.35,-0.37000000000000055,1.1865640194489464,0.5334359805510542,0.62808002,0.7219199800000001,424.8,24.24,32.736,413.4,21.67,29.938000000000002,0.83,0.5
46,36108ECB010,0.0,14.285714285714285,14.285714285714285,57.14285714285714,0.0,0.0,14.285714285714285,0.0,0.0,0.0,28.57142857142857,14.285714285714285,14.285714285714285,0.0,28.57142857142857,0.0,0.0,14.285714285714285,0.0,14.285714285714285,0.0,-42.857142857142854,0.0,28.57142857142857,-14.285714285714285,0.0,14.285714285714285,"SHAFT SUB-ASSY, OIL PUMP DRIVE",150.0,（株）オーハシテクニカ,1.0,1.0,1.97,1Y,TP331.5ﾌﾀﾅｼ,0.017,6.85,手配,7.0,7.0,1.5099999999999998,0.99,-0.5199999999999998,1.9096920583468395,-0.39969205834683974,1.024240059,-0.034240059000000045,424.8,12.0624,14.894400000000001,413.4,9.8192,12.5752,0.84,0.64
47,41310ECB010,0.0,2.5798525798525795,12.776412776412776,18.67321867321867,16.093366093366093,25.921375921375923,13.267813267813267,9.582309582309582,1.1056511056511056,0.0,1.979045401629802,13.62048894062864,23.39930151338766,38.06752037252619,11.874272409778813,6.868451688009314,1.2805587892898718,2.910360884749709,0.0,-0.6008071782227775,0.8440761642158634,4.7260828401689885,21.974154279160096,-14.04710351159711,-6.399361579803953,-8.30175079301971,1.8047097790986033,"GEAR ASSY, DIFFERENTIAL",2.0,（株）オンド,1.0,4.0,4.0,1Y,ｻﾝﾎﾞｯｸｽ＃24Aﾌﾀｱﾘ,0.033,16.99,手配,814.0,871.0,1.39,0.77,-0.6199999999999999,1.114262560777958,0.27573743922204197,0.700246402,0.06975359800000003,424.8,1171.2,1224.3,413.4,715.1149999999999,766.7899999999998,1.1,0.69
48,41310ECE010,0.0,1.5414258188824663,4.8169556840077075,29.76878612716763,28.709055876685934,26.49325626204239,4.527938342967245,3.5645472061657033,0.5780346820809248,0.0,1.6699410609037328,4.223968565815324,8.644400785854616,20.23575638506876,20.530451866404714,30.05893909626719,10.11787819253438,4.518664047151278,0.0,0.12851524202126652,-0.5929871181923838,-21.124385341313015,-8.473299491617173,-5.962804395637676,25.531000753299942,6.553330986368677,3.940629365070353,"GEAR ASSY, DIFFERENTIAL",2.0,（株）オンド,1.0,4.0,4.0,1Y,ｻﾝﾎﾞｯｸｽ＃24Aﾌﾀｱﾘ,0.033,14.51,手配,1040.0,1018.0,1.2300000000000002,1.03,-0.20000000000000018,1.111037712183293,0.11896228781670715,0.712068966,0.317931034,543.4,1497.3500000000001,1565.275,532.0,933.9999999999999,1000.4999999999999,1.1,0.7
49,5040056001E,0.0,0.0,14.285714285714285,19.047619047619047,38.095238095238095,14.285714285714285,9.523809523809524,4.761904761904762,0.0,0.0,0.0,8.0,12.0,16.0,4.0,48.0,12.0,0.0,0.0,0.0,-6.285714285714285,-7.0476190476190474,-22.095238095238095,-10.285714285714285,38.476190476190474,7.238095238095238,0.0,"CLAMP, TUBE",300.0,サトープレス工業（株）,1.0,1.0,1.78,1Y,AW131ﾌﾀﾅｼ,0.006,1.545,手配,21.0,25.0,1.29,1.64,0.34999999999999987,1.2478768233387356,0.042123176661264417,1.04108807,0.5989119299999999,2124.0,23.531999999999996,30.611999999999995,2067.0,22.981,29.871000000000002,0.82,0.58
50,82125ECB010,0.0,0.0,23.076923076923077,0.0,15.384615384615385,30.76923076923077,23.076923076923077,7.6923076923076925,0.0,0.0,0.0,16.666666666666664,16.666666666666664,8.333333333333332,8.333333333333332,0.0,16.666666666666664,33.33333333333333,0.0,0.0,-6.410256410256412,16.666666666666664,-7.051282051282053,-22.435897435897438,-23.076923076923077,8.974358974358971,33.33333333333333,"WIRE, TRANSMISSION",100.0,矢崎総業（株）,1.0,1.0,1.79,1Y,TP332ﾌﾀｱﾘ,0.024,9.3,手配,13.0,12.0,2.02,1.685,-0.33499999999999996,1.533128038897893,0.48687196110210706,0.836160039,0.848839961,424.8,15.319199999999999,19.5672,413.4,12.9886,17.1226,0.82,0.58
51,82125ECE010,0.0,0.0,12.5,18.75,12.5,25.0,12.5,12.5,6.25,0.0,5.88235294117647,5.88235294117647,11.76470588235294,0.0,11.76470588235294,5.88235294117647,41.17647058823529,17.647058823529413,0.0,5.88235294117647,-6.61764705882353,-6.98529411764706,-12.5,-13.23529411764706,-6.61764705882353,28.67647058823529,11.397058823529413,"WIRE, TRANSMISSION",100.0,矢崎総業（株）,1.0,1.0,1.79,1Y,TP332ﾌﾀｱﾘ,0.024,5.8,手配,16.0,17.0,1.7599999999999998,1.62,-0.13999999999999968,1.3718856091646456,0.38811439083535415,0.781149425,0.8388505750000002,543.4,18.7586,24.192600000000002,532.0,16.427999999999997,21.747999999999998,0.82,0.58
52,82821CWA030,0.0,0.0,0.0,0.0,0.0,0.0,55.55555555555556,44.44444444444444,0.0,0.0,0.0,0.0,0.0,0.0,10.0,20.0,30.0,40.0,0.0,0.0,0.0,0.0,0.0,10.0,-35.55555555555556,-14.444444444444443,40.0,"COVER, CONNECTOR",200.0,石黒ゴム工業（株）,1.0,2.0,3.64,1Y,TP332ﾌﾀﾅｼ,0.022,1.42,手配,9.0,10.0,3.3000000000000003,3.04,-0.26000000000000023,1.6923479490806224,1.607652050919378,1.109059783,1.930940217,967.4,23.073549999999997,25.49205,945.4,20.61705,22.98055,1.07,0.83
53,82821ECB010,0.0,0.0,0.0,0.0,0.0,25.0,75.0,0.0,0.0,0.0,0.0,0.0,0.0,20.0,0.0,0.0,80.0,0.0,0.0,0.0,0.0,0.0,20.0,-25.0,-75.0,80.0,0.0,"COVER, CONNECTOR",400.0,石黒ゴム工業（株）,1.0,2.0,3.64,1Y,TP332ﾌﾀﾅｼ,0.022,3.01,手配,4.0,5.0,3.9450000000000003,3.12,-0.8250000000000002,2.314461204864712,1.6305387951352883,1.387999785,1.732000215,968.2,13.045074999999999,14.255325,945.4,10.808525,11.990275,1.07,0.83
54,82821ECB020,0.0,0.0,0.0,0.0,10.0,10.0,60.0,20.0,0.0,0.0,0.0,0.0,0.0,0.0,0.0,20.0,60.0,20.0,0.0,0.0,0.0,0.0,-10.0,-10.0,-40.0,40.0,20.0,"COVER, CONNECTOR",200.0,石黒ゴム工業（株）,1.0,2.0,3.64,1Y,TP131ﾌﾀﾅｼ,0.006,3.01,手配,10.0,10.0,2.8649999999999998,3.115,0.25000000000000044,1.692230602432356,1.1727693975676439,1.148999893,1.9660001070000002,968.2,24.058349999999997,26.478849999999998,945.4,21.562450000000002,23.92595,1.07,0.87
55,82821ECB040,0.0,0.0,25.0,16.666666666666664,16.666666666666664,0.0,41.66666666666667,0.0,0.0,0.0,0.0,8.333333333333332,8.333333333333332,8.333333333333332,41.66666666666667,16.666666666666664,16.666666666666664,0.0,0.0,0.0,-16.666666666666668,-8.333333333333332,-8.333333333333332,41.66666666666667,-25.000000000000007,16.666666666666664,0.0,"COVER, CONNECTOR",100.0,石黒ゴム工業（株）,1.0,2.0,3.64,1Y,TP342ﾌﾀﾅｼ,0.033,3.3,手配,12.0,12.0,2.085,1.64,-0.44500000000000006,1.783128038897893,0.301871961102107,1.147150525,0.49284947499999987,424.8,20.629199999999997,22.753199999999996,413.4,18.156100000000002,20.223100000000002,1.07,0.83
56,82821ECB050,0.0,0.0,0.0,0.0,4.3478260869565215,8.695652173913043,17.391304347826086,69.56521739130434,0.0,0.0,0.0,0.0,0.0,0.0,0.0,12.5,70.83333333333334,16.666666666666664,0.0,0.0,0.0,0.0,-4.3478260869565215,-8.695652173913043,-4.891304347826086,1.2681159420289987,16.666666666666664,"COVER, CONNECTOR",100.0,石黒ゴム工業（株）,1.0,2.0,3.64,1Y,TP332ﾌﾀﾅｼ,0.022,3.1,手配,23.0,24.0,3.16,2.615,-0.5449999999999999,1.381173974540311,1.778826025459689,0.969529892,1.6454701080000003,967.4,43.147099999999995,47.9841,945.4,40.2341,44.9611,1.07,0.83
57,82821ECE010,0.0,0.0,0.0,0.0,0.0,0.0,0.0,62.5,37.5,0.0,0.0,0.0,0.0,0.0,0.0,0.0,26.666666666666668,73.33333333333333,0.0,0.0,0.0,0.0,0.0,0.0,0.0,-35.83333333333333,35.83333333333333,"COVER, CONNECTOR",50.0,石黒ゴム工業（株）,1.0,2.0,3.64,1Y,TP332ﾌﾀﾅｼ,0.022,3.1,手配,16.0,15.0,3.92,3.86,-0.06000000000000005,1.3459658805820371,2.574034119417963,1.170584347,2.689415653,543.4,61.143800000000006,66.57780000000001,532.0,57.92400000000001,63.24400000000001,1.07,1.07
58,82821XAE010,0.0,0.0,0.0,0.0,0.0,0.0,31.818181818181817,68.18181818181817,0.0,0.0,0.0,0.0,0.0,0.0,0.0,16.666666666666664,54.166666666666664,29.166666666666668,0.0,0.0,0.0,0.0,0.0,0.0,-15.151515151515152,-14.015151515151508,29.166666666666668,"COVER, CONNECTOR",100.0,石黒ゴム工業（株）,1.0,2.0,3.64,1Y,TP131ﾌﾀﾅｼ,0.006,0.37,手配,22.0,24.0,3.0700000000000003,2.58,-0.4900000000000002,1.381115301216178,1.6888846987838222,1.009499946,1.570500054,968.2,45.116699999999994,49.957699999999996,945.4,42.124900000000004,46.8519,1.07,0.87
59,82821XAE020,0.0,0.0,0.0,100.0,0.0,0.0,0.0,0.0,0.0,0.0,0.0,0.0,100.0,0.0,0.0,0.0,0.0,0.0,0.0,0.0,0.0,0.0,0.0,0.0,0.0,0.0,0.0,"COVER, CONNECTOR",400.0,石黒ゴム工業（株）,1.0,2.0,3.64,1Y,TP332ﾌﾀﾅｼ,0.022,1.42,手配,1.0,1.0,3.75,1.89,-1.86,3.922512155591572,-0.17251215559157185,2.078602098,-0.18860209800000027,424.8,7.3011,7.8321,413.4,5.185675000000001,5.702425000000001,1.07,0.81
60,82824ECB010,0.0,0.0,2.0408163265306123,18.367346938775512,14.285714285714285,12.244897959183673,32.6530612244898,18.367346938775512,2.0408163265306123,0.0,0.0,0.0,10.416666666666668,12.5,12.5,33.33333333333333,27.083333333333332,4.166666666666666,0.0,0.0,-2.0408163265306123,-7.950680272108844,-1.7857142857142847,0.25510204081632715,0.680272108843532,8.71598639455782,2.125850340136054,"CONNECTOR, WIRING HARNESS",32.0,矢崎総業（株）,1.0,1.0,1.79,1Y,TP331ﾌﾀｱﾘ,0.014,3.18,手配,49.0,48.0,1.62,1.17,-0.4500000000000002,1.048200972447326,0.5717990275526741,0.651971212,0.518028788,424.8,40.833749999999995,54.10874999999999,413.4,37.818437499999995,50.73718749999999,0.82,0.57
61,82824ECB020,0.0,0.0,2.2222222222222223,15.555555555555555,25.555555555555554,13.333333333333334,27.77777777777778,15.555555555555555,0.0,0.0,0.0,0.0,2.247191011235955,12.359550561797752,12.359550561797752,19.101123595505616,39.325842696629216,14.606741573033707,0.0,0.0,-2.2222222222222223,-13.3083645443196,-13.196004993757802,-0.973782771535582,-8.676654182272163,23.77028714107366,14.606741573033707,"CONNECTOR, WIRING HARNESS",40.0,矢崎総業（株）,1.0,1.0,1.79,1Y,TP331ﾌﾀｱﾘ,0.014,5.7,手配,90.0,89.0,1.2799999999999994,1.3,0.020000000000000684,0.9444461204864713,0.3355538795135281,0.625069213,0.6749307870000001,968.2,73.1945,97.3995,945.4,69.5415,93.1765,0.82,0.58
62,82824ECE010,0.0,20.0,22.857142857142858,20.0,14.285714285714285,17.142857142857142,5.714285714285714,0.0,0.0,0.0,0.0,5.128205128205128,12.82051282051282,7.6923076923076925,10.256410256410255,12.82051282051282,15.384615384615385,35.8974358974359,0.0,-20.0,-17.72893772893773,-7.179487179487181,-6.593406593406592,-6.886446886446887,7.106227106227105,15.384615384615385,35.8974358974359,"CONNECTOR, WIRING HARNESS",45.0,住友電装（株）,1.0,1.0,3.25,1Y,TP332,0.024,4.62,手配,35.0,39.0,0.8300000000000001,0.94,0.10999999999999988,1.0283485241240906,-0.19834852412409054,0.450517241,0.48948275899999993,543.4,24.736,36.81155555555556,532.0,22.28,34.102222222222224,0.78,0.36
63,9010506A003,0.0,0.0,100.0,0.0,0.0,0.0,0.0,0.0,0.0,0.0,0.0,0.0,0.0,0.0,0.0,100.0,0.0,0.0,0.0,0.0,-100.0,0.0,0.0,0.0,100.0,0.0,0.0,"BOLT, FLANGE",2000.0,（株）青山製作所,1.0,6.0,5.76,1Y,TP331ﾌﾀﾅｼ,0.012,12.63,手配,1.0,1.0,2.21,3.16,0.9500000000000002,4.305640194489465,-2.095640194489465,1.800800195,1.359199805,1699.2,5.20896,5.350560000000001,1653.6,3.14968,3.28748,0.74,0.52
64,9010506A089,0.0,0.0,0.0,0.0,100.0,0.0,0.0,0.0,0.0,0.0,0.0,0.0,50.0,50.0,0.0,0.0,0.0,0.0,0.0,0.0,0.0,50.0,-50.0,0.0,0.0,0.0,0.0,"BOLT, FLANGE",1500.0,（株）青山製作所,1.0,6.0,5.76,1Y,TP331ﾌﾀﾅｼ,0.012,10.13,手配,1.0,2.0,3.31,3.13,-0.18000000000000016,3.0733647591213358,0.23663524087866428,3.035143256,0.09485674399999988,1936.4,6.227333333333333,6.442488888888889,1890.8,6.1513333333333335,6.361422222222222,0.74,0.5
65,9010508A014,0.0,0.0,1.13314447592068,7.365439093484419,24.645892351274785,28.328611898016998,24.362606232294617,14.164305949008499,0.0,0.0,0.0,0.3401360544217687,2.380952380952381,9.863945578231291,35.034013605442176,47.95918367346938,3.4013605442176873,1.0204081632653061,0.0,0.0,-0.7930084214989113,-4.984486712532037,-14.781946773043494,6.705401707425178,23.596577441174766,-10.762945404790813,1.0204081632653061,"BOLT, FLANGE",500.0,（株）青山製作所,1.0,6.0,5.76,1Y,TP331ﾌﾀﾅｼ,0.012,8.83,手配,353.0,294.0,1.1,0.89,-0.21000000000000008,0.7811325152533077,0.31886748474669235,0.584710658,0.305289342,36604.0,200.66160000000002,212.86293333333336,35749.0,196.04460000000003,207.96093333333337,0.74,0.54
66,9010508A042,0.0,4.0,20.0,32.0,12.0,4.0,20.0,8.0,0.0,0.0,6.666666666666667,13.333333333333334,33.33333333333333,23.333333333333332,13.333333333333334,10.0,0.0,0.0,0.0,2.666666666666667,-6.666666666666666,1.3333333333333286,11.333333333333332,9.333333333333334,-10.0,-8.0,0.0,"BOLT, FLANGE",300.0,（株）青山製作所,1.0,6.0,5.76,1Y,TP331ﾌﾀﾅｼ,0.012,10.22,手配,25.0,30.0,1.0700000000000005,0.675,-0.39500000000000046,1.1678768233387358,-0.09787682333873526,0.683696023,-0.008696022999999942,2124.0,21.762,22.942,2067.0,19.2585,20.406833333333335,0.74,0.53
67,9010512A018,0.0,4.0,12.363636363636363,30.181818181818183,22.181818181818183,26.545454545454543,4.7272727272727275,0.0,0.0,0.0,0.37174721189591076,7.063197026022305,21.933085501858738,37.9182156133829,30.483271375464682,2.2304832713754648,0.0,0.0,0.0,-3.6282527881040894,-5.300439337614058,-8.248732679959446,15.736397431564715,3.9378168300101386,-2.4967894558972628,0.0,0.0,"BOLT, FLANGE",200.0,（株）青山製作所,1.0,6.0,5.76,1Y,TP331ﾌﾀﾅｼ,0.012,9.85,手配,282.0,269.0,0.81,0.91,0.09999999999999998,0.7852693526482571,0.024730647351742907,0.789132768,0.12086723200000005,13317.6,182.7876,193.8856,12998.4,243.47039999999998,254.30239999999998,0.74,0.74
68,9011906908,0.0,0.0,100.0,0.0,0.0,0.0,0.0,0.0,0.0,0.0,100.0,0.0,0.0,0.0,0.0,0.0,0.0,0.0,0.0,100.0,-100.0,0.0,0.0,0.0,0.0,0.0,0.0,"BOLT, W/WASHER",2000.0,（株）青山製作所,1.0,6.0,5.76,1Y,TP331ﾌﾀﾅｼ,0.012,15.83,手配,1.0,2.0,3.5900000000000003,1.73,-1.8600000000000003,5.072272145459319,-1.4822721454593188,5.235185572,-3.505185572,1393.0,4.88055,4.9966333333333335,1358.8,4.83438,4.947613333333334,0.74,0.54
69,9011906A065,0.0,14.285714285714285,0.0,42.857142857142854,14.285714285714285,14.285714285714285,14.285714285714285,0.0,0.0,0.0,0.0,0.0,0.0,0.0,37.5,25.0,37.5,0.0,0.0,-14.285714285714285,0.0,-42.857142857142854,-14.285714285714285,23.214285714285715,10.714285714285715,37.5,0.0,"BOLT, FLANGE W/WASHER",1000.0,（株）青山製作所,1.0,6.0,5.76,1Y,TP331ﾌﾀﾅｼ,0.012,11.83,手配,7.0,8.0,1.7399999999999998,1.425,-0.3149999999999997,1.777051004053927,-0.03705100405392714,0.9055767790000001,0.5194232209999999,2904.6,10.697189999999999,11.181289999999999,2836.2,8.51593,8.98863,0.74,0.53
70,9014908A008,0.0,9.090909090909092,36.36363636363637,18.181818181818183,0.0,9.090909090909092,18.181818181818183,9.090909090909092,0.0,0.0,0.0,0.0,40.0,0.0,13.333333333333334,13.333333333333334,20.0,13.333333333333334,0.0,-9.090909090909092,-36.36363636363637,21.818181818181817,0.0,4.242424242424242,-4.8484848484848495,10.909090909090908,13.333333333333334,SCREW,800.0,（株）青山製作所,1.0,6.0,5.76,1Y,TP331ﾌﾀﾅｼ,0.012,10.59,手配,11.0,15.0,1.4800000000000002,1.14,-0.3400000000000003,1.5696408032431413,-0.08964080324314105,0.820461423,0.3195385769999999,2904.6,12.43995,13.045074999999999,2836.2,10.21765,10.808525000000001,0.74,0.52
71,9015905A007,0.0,0.0,14.285714285714285,28.57142857142857,28.57142857142857,14.285714285714285,0.0,14.285714285714285,0.0,0.0,0.0,0.0,25.0,50.0,12.5,0.0,12.5,0.0,0.0,0.0,-14.285714285714285,-3.5714285714285694,21.42857142857143,-1.7857142857142847,0.0,-1.7857142857142847,0.0,"SCREW, W/WASHER",2000.0,（株）青山製作所,1.0,6.0,5.76,1Y,TP331ﾌﾀﾅｼ,0.012,9.43,手配,7.0,8.0,1.7800000000000002,1.96,0.17999999999999972,1.7772465818010372,0.00275341819896302,1.656972201,0.3030277989999999,5804.4,10.69083,11.17453,5672.4,10.51593,10.98863,0.74,0.53
72,9015906A021,0.0,4.0,12.0,16.0,12.0,16.0,28.000000000000004,12.0,0.0,0.0,16.0,20.0,4.0,16.0,32.0,12.0,0.0,0.0,0.0,12.0,8.0,-12.0,4.0,16.0,-16.000000000000004,-12.0,0.0,"SCREW, W/WASHER",1200.0,（株）青山製作所,1.0,6.0,5.76,1Y,TP331ﾌﾀﾅｼ,0.012,9.71,手配,25.0,25.0,1.5199999999999998,1.2,-0.31999999999999984,1.1826237753796114,0.3373762246203884,1.000708091,0.19929190900000004,8163.4,20.68736666666667,21.821172222222224,7976.6,20.282633333333333,21.390494444444442,0.74,0.52
73,9015906A022,0.0,0.0,5.555555555555555,11.11111111111111,27.77777777777778,30.555555555555557,22.22222222222222,2.7777777777777777,0.0,0.0,2.7777777777777777,2.7777777777777777,11.11111111111111,30.555555555555557,41.66666666666667,11.11111111111111,0.0,0.0,0.0,2.7777777777777777,-2.7777777777777777,0.0,2.7777777777777786,11.111111111111114,-11.11111111111111,-2.7777777777777777,0.0,"SCREW, W/WASHER",1500.0,（株）青山製作所,1.0,6.0,5.76,1Y,TP331ﾌﾀﾅｼ,0.012,10.13,手配,36.0,36.0,1.355,1.0750000000000002,-0.2799999999999998,1.051144635112201,0.3038553648877991,0.848055377,0.22694462300000018,14520.0,27.684,29.297333333333334,14181.0,27.1077,28.683366666666668,0.74,0.51
74,9015906A023,0.0,60.0,40.0,0.0,0.0,0.0,0.0,0.0,0.0,0.0,0.0,20.0,20.0,40.0,20.0,0.0,0.0,0.0,0.0,-60.0,-20.0,20.0,40.0,20.0,0.0,0.0,0.0,"SCREW, W/WASHER",1300.0,（株）青山製作所,1.0,6.0,5.76,1Y,TP331ﾌﾀﾅｼ,0.012,9.67,手配,5.0,5.0,0.9099999999999996,2.11,1.2000000000000002,2.0884205563413483,-1.1784205563413486,1.985063862,0.12493613799999981,2902.2,8.804400000000001,9.176476923076924,2836.2,8.6724,9.036015384615384,0.74,0.52
75,9020150A002,0.0,0.0,14.285714285714285,28.57142857142857,14.285714285714285,28.57142857142857,14.285714285714285,0.0,0.0,0.0,0.0,9.090909090909092,18.181818181818183,9.090909090909092,9.090909090909092,27.27272727272727,27.27272727272727,0.0,0.0,0.0,-5.194805194805193,-10.389610389610386,-5.194805194805193,-19.480519480519476,12.987012987012985,27.27272727272727,0.0,"WASHER, PLATE",100.0,（株）ムロコーポレーション,1.0,1.0,0.73,1Y,TP131ﾌﾀﾅｼ,0.006,6.9,手配,7.0,11.0,2.03,1.87,-0.1599999999999997,1.643128038897893,0.38687196110210675,0.986160039,0.8838399610000001,424.8,18.080399999999997,22.3284,413.4,16.089100000000002,20.223100000000002,0.93,0.73
76,9020156A001,0.0,7.142857142857142,28.57142857142857,14.285714285714285,14.285714285714285,21.428571428571427,14.285714285714285,0.0,0.0,0.0,0.0,11.11111111111111,11.11111111111111,11.11111111111111,11.11111111111111,22.22222222222222,33.33333333333333,0.0,0.0,-7.142857142857142,-17.46031746031746,-3.174603174603174,-3.174603174603174,-10.317460317460316,7.936507936507937,33.33333333333333,0.0,"WASHER, PLATE",100.0,（株）ムロコーポレーション,1.0,1.0,0.73,1Y,TP131ﾌﾀﾅｼ,0.006,13.86,手配,14.0,9.0,1.775,1.9,0.125,1.643128038897893,0.13187196110210686,1.006160039,0.8938399609999998,424.8,18.5052,22.7532,413.4,16.5025,20.6365,0.93,0.75
77,9020156A002,0.0,11.11111111111111,33.33333333333333,11.11111111111111,0.0,22.22222222222222,22.22222222222222,0.0,0.0,0.0,0.0,7.142857142857142,14.285714285714285,21.428571428571427,21.428571428571427,14.285714285714285,21.428571428571427,0.0,0.0,-11.11111111111111,-26.190476190476186,3.174603174603174,21.428571428571427,-0.7936507936507944,-7.936507936507937,21.428571428571427,0.0,"WASHER, PLATE",100.0,（株）ムロコーポレーション,1.0,1.0,0.73,1Y,TP131ﾌﾀﾅｼ,0.006,10.47,手配,9.0,14.0,1.2000000000000002,1.335,0.1349999999999998,1.4818856091646457,-0.28188560916464556,0.931149425,0.403850575,543.4,22.2907,27.724700000000002,532.0,20.418,25.738,0.93,0.73
78,9025006A007,0.0,0.0,7.6923076923076925,30.76923076923077,0.0,7.6923076923076925,38.46153846153847,15.384615384615385,0.0,0.0,0.0,7.6923076923076925,15.384615384615385,30.76923076923077,15.384615384615385,15.384615384615385,0.0,15.384615384615385,0.0,0.0,0.0,-15.384615384615385,30.76923076923077,7.6923076923076925,-23.07692307692308,-15.384615384615385,15.384615384615385,"PIN, STRAIGHT",200.0,（株）ギフ加藤製作所,1.0,2.0,3.8,1Y,AW131ﾌﾀﾅｼ,0.005,0.84,手配,13.0,13.0,2.4799999999999995,1.19,-1.2899999999999996,1.613128038897893,0.8668719611021065,1.016160039,0.17383996099999988,849.6,19.1424,21.266399999999997,826.8,16.709200000000003,18.776200000000003,0.9,0.76
79,9030106A018,0.0,0.0,0.0,0.0,20.0,20.0,60.0,0.0,0.0,0.0,40.0,0.0,0.0,40.0,20.0,0.0,0.0,0.0,0.0,40.0,0.0,0.0,20.0,0.0,-60.0,0.0,0.0,"RING, O",2000.0,ＮＯＫ（株）,1.0,2.0,3.52,1Y,TP131ﾌﾀﾅｼ,0.006,0.6,手配,5.0,5.0,3.01,2.11,-0.8999999999999999,1.972072704025004,1.037927295974996,1.830853085,0.2791469149999999,5147.2,10.20608,11.49288,5021.8,10.030520000000001,11.28597,0.8,0.56
80,9030111A014,0.0,6.666666666666667,6.666666666666667,26.666666666666668,0.0,13.333333333333334,33.33333333333333,13.333333333333334,0.0,0.0,0.0,7.6923076923076925,7.6923076923076925,15.384615384615385,23.076923076923077,23.076923076923077,23.076923076923077,0.0,0.0,-6.666666666666667,1.0256410256410255,-18.974358974358974,15.384615384615385,9.743589743589743,-10.256410256410252,9.743589743589743,0.0,"RING, O",1000.0,ＮＯＫ（株）,1.0,2.0,3.52,1Y,TP131ﾌﾀﾅｼ,0.006,0.6,手配,15.0,13.0,2.02,1.81,-0.20999999999999996,1.422230602432356,0.5977693975676439,1.236038202,0.573961798,4841.0,16.5548,18.9753,4727.0,16.2356,18.5991,0.8,0.56
81,9030115A011,0.0,100.0,0.0,0.0,0.0,0.0,0.0,0.0,0.0,0.0,0.0,0.0,33.33333333333333,33.33333333333333,0.0,33.33333333333333,0.0,0.0,0.0,-100.0,0.0,33.33333333333333,33.33333333333333,0.0,33.33333333333333,0.0,0.0,"RING, O",1000.0,ＮＯＫ（株）,1.0,2.0,3.52,1Y,TP131ﾌﾀﾅｼ,0.006,0.7,手配,1.0,3.0,1.0199999999999996,1.68,0.6600000000000004,3.559428045823229,-2.5394280458232292,1.565747126,0.11425287399999995,1086.8,6.04304,6.5864400000000005,1064.0,3.9792000000000005,4.5112000000000005,0.8,0.56
82,9030117A010,0.0,0.0,33.33333333333333,0.0,66.66666666666666,0.0,0.0,0.0,0.0,0.0,0.0,100.0,0.0,0.0,0.0,0.0,0.0,0.0,0.0,0.0,66.66666666666667,0.0,-66.66666666666666,0.0,0.0,0.0,0.0,"RING, O",1000.0,ＮＯＫ（株）,1.0,2.0,3.52,1Y,TP131ﾌﾀﾅｼ,0.006,0.8,手配,3.0,2.0,3.27,1.88,-1.3900000000000001,2.9661360727296597,0.3038639272703403,2.887592786,-1.007592786,1393.0,6.761100000000001,7.457600000000001,1358.8,6.668760000000001,7.348160000000001,0.8,0.54
83,9030119A011,0.0,15.384615384615385,7.6923076923076925,23.076923076923077,7.6923076923076925,7.6923076923076925,30.76923076923077,7.6923076923076925,0.0,0.0,0.0,7.142857142857142,28.57142857142857,14.285714285714285,7.142857142857142,14.285714285714285,21.428571428571427,7.142857142857142,0.0,-15.384615384615385,-0.5494505494505502,5.494505494505493,6.593406593406592,-0.5494505494505502,-16.483516483516485,13.736263736263734,7.142857142857142,"RING, O",200.0,ＮＯＫ（株）,1.0,2.0,3.52,1Y,TP131ﾌﾀﾅｼ,0.006,0.58,手配,13.0,14.0,1.75,1.08,-0.6699999999999999,1.513128038897893,0.23687196110210706,0.796160039,0.2838399610000001,849.6,14.4696,16.5936,826.8,12.161800000000001,14.228800000000001,0.8,0.54
84,9031150A014,0.0,0.0,2.380952380952381,11.904761904761903,11.904761904761903,23.809523809523807,40.476190476190474,9.523809523809524,0.0,0.0,0.0,2.3255813953488373,11.627906976744185,11.627906976744185,23.25581395348837,32.55813953488372,16.27906976744186,2.3255813953488373,0.0,0.0,-0.05537098560354359,-0.27685492801771794,-0.27685492801771794,-0.5537098560354359,-7.918050941306753,6.755260243632337,2.3255813953488373,"SEAL, TYPE T OIL",84.0,ＮＯＫ（株）,1.0,2.0,3.52,1Y,ｻﾝﾎﾞｯｸｽ＃24Bﾌﾀﾅｼ,0.021,5.258,手配,42.0,43.0,1.615,0.98,-0.635,1.0613368530215896,0.5536631469784103,0.634645348,0.34535465199999993,968.2,34.120714285714286,39.883809523809525,945.4,31.387857142857147,37.0152380952381,0.8,0.54
85,9031150A015,0.0,0.0,13.636363636363635,22.727272727272727,15.909090909090908,18.181818181818183,11.363636363636363,18.181818181818183,0.0,0.0,0.0,0.0,25.0,22.727272727272727,15.909090909090908,18.181818181818183,13.636363636363635,4.545454545454546,0.0,0.0,-13.636363636363635,2.2727272727272734,6.818181818181818,-2.272727272727275,6.81818181818182,-4.5454545454545485,4.545454545454546,"SEAL, TYPE T OIL",84.0,ＮＯＫ（株）,1.0,2.0,3.52,1Y,ｻﾝﾎﾞｯｸｽ＃24Bﾌﾀﾅｼ,0.021,5.56,手配,44.0,44.0,1.2850000000000001,0.8,-0.4850000000000001,1.0613368530215896,0.2236631469784105,0.624645348,0.175354652,968.2,33.54440476190476,39.3075,945.4,30.82511904761905,36.4525,0.8,0.53
86,9033904A002,0.0,50.0,50.0,0.0,0.0,0.0,0.0,0.0,0.0,0.0,0.0,0.0,0.0,0.0,50.0,0.0,50.0,0.0,0.0,-50.0,-50.0,0.0,0.0,50.0,0.0,50.0,0.0,CAP,1000.0,サトープレス工業（株）,1.0,1.0,1.78,1Y,AW131ﾌﾀﾅｼ,0.006,0.97,手配,2.0,2.0,1.94,3.39,1.4500000000000002,3.93115301216178,-1.9911530121617802,1.736730336,1.6532696640000002,968.2,5.95301,6.92121,945.4,3.88347,4.82887,0.82,0.61
87,9034108A006,0.0,0.0,8.333333333333332,8.333333333333332,33.33333333333333,25.0,25.0,0.0,0.0,0.0,9.090909090909092,18.181818181818183,18.181818181818183,27.27272727272727,9.090909090909092,9.090909090909092,0.0,9.090909090909092,0.0,9.090909090909092,9.848484848484851,9.848484848484851,-6.060606060606059,-15.909090909090908,-15.909090909090908,0.0,9.090909090909092,"PLUG, W/HEAD STRAIGHT SCREW",1000.0,（株）杉浦製作所,1.0,2.0,1.06,1Y,TP331ﾌﾀﾅｼ,0.012,7.4,手配,12.0,11.0,1.915,1.4,-0.5150000000000001,1.4712995292792554,0.4437004707207446,1.291329305,0.10867069499999982,4297.6,14.38864,16.53744,4195.0,14.116750000000001,16.21425,0.77,0.53
88,9034114A004,0.0,0.0,100.0,0.0,0.0,0.0,0.0,0.0,0.0,0.0,0.0,50.0,0.0,0.0,50.0,0.0,0.0,0.0,0.0,0.0,-50.0,0.0,0.0,50.0,0.0,0.0,0.0,"PLUG, W/HEAD STRAIGHT SCREW",500.0,（株）青山製作所,1.0,6.0,5.76,1Y,TP331ﾌﾀﾅｼ,0.012,11.33,手配,1.0,2.0,2.4800000000000004,1.875,-0.6050000000000004,4.305640194489465,-1.8256401944894645,1.780800195,0.09419980499999991,424.8,5.1240000000000006,5.265600000000001,413.4,3.067,3.2048,0.74,0.5
89,9034118060,0.0,0.0,0.0,0.0,0.0,0.0,100.0,0.0,0.0,0.0,0.0,0.0,0.0,0.0,100.0,0.0,0.0,0.0,0.0,0.0,0.0,0.0,0.0,100.0,-100.0,0.0,0.0,"PLUG, W/HEAD STRAIGHT SCREW",300.0,住友商事（株）鉄鋼部輸送機材,1.0,1.0,3.0,1Y,TP331ﾌﾀﾅｼ,0.012,13.56,手配,1.0,1.0,4.110000000000001,1.94,-2.1700000000000013,2.5956568274939373,1.5143431725060639,1.343448276,0.596551724,543.4,9.701933333333333,11.513266666666667,532.0,7.561333333333334,9.334666666666667,0.94,0.74
90,9034118090,0.0,10.0,10.0,20.0,30.0,10.0,20.0,0.0,0.0,0.0,0.0,0.0,22.22222222222222,11.11111111111111,66.66666666666666,0.0,0.0,0.0,0.0,-10.0,-10.0,2.2222222222222214,-18.88888888888889,56.66666666666666,-20.0,0.0,0.0,"PLUG, W/HEAD STRAIGHT SCREW",300.0,（株）杉浦製作所,1.0,2.0,1.06,1Y,TP331ﾌﾀﾅｼ,0.012,10.36,手配,10.0,9.0,1.89,2.04,0.15000000000000013,1.703345903648534,0.1866540963514658,1.554057302,0.4859426980000001,968.2,11.7138,13.327466666666668,945.4,11.5086,13.084266666666666,0.77,0.54
91,9034118A024,0.0,20.0,0.0,80.0,0.0,0.0,0.0,0.0,0.0,0.0,0.0,16.666666666666664,16.666666666666664,16.666666666666664,16.666666666666664,16.666666666666664,16.666666666666664,0.0,0.0,-20.0,16.666666666666664,-63.333333333333336,16.666666666666664,16.666666666666664,16.666666666666664,16.666666666666664,0.0,"PLUG, W/HEAD STRAIGHT SCREW",200.0,（株）青山製作所,1.0,6.0,5.76,1Y,TP131ﾌﾀﾅｼ,0.006,6.27,手配,5.0,6.0,1.56,2.085,0.5249999999999999,1.843771218329292,-0.283771218329292,1.726896552,0.35810344800000005,543.4,10.0642,10.517033333333332,532.0,9.916,10.359333333333334,0.74,0.52
92,9036324A003,0.0,0.0,7.792207792207792,11.688311688311687,35.064935064935064,37.66233766233766,7.792207792207792,0.0,0.0,0.0,3.8461538461538463,14.102564102564102,37.17948717948718,29.48717948717949,11.538461538461538,3.8461538461538463,0.0,0.0,0.0,3.8461538461538463,6.31035631035631,25.491175491175497,-5.577755577755575,-26.123876123876123,-3.946053946053946,0.0,0.0,"BEARING, RADIAL BALL",22.0,日本精工（株）,1.0,8.0,9.0,1Y,ﾃﾝﾊﾞｺ10ﾌﾀﾅｼ,0.015,12.85,手配,77.0,78.0,1.09,0.78,-0.31000000000000005,0.8968881685575365,0.19311183144246358,0.796355209,-0.01635520899999998,424.8,74.44363636363636,76.85727272727271,413.4,69.58681818181817,71.9356818181818,0.74,0.74
93,9036324A004,0.0,0.0,0.0,3.968253968253968,27.77777777777778,35.714285714285715,32.53968253968254,0.0,0.0,0.0,3.937007874015748,11.811023622047244,16.535433070866144,41.732283464566926,20.47244094488189,2.3622047244094486,1.574803149606299,1.574803149606299,0.0,3.937007874015748,11.811023622047244,12.567179102612176,13.954505686789147,-15.241844769403826,-30.17747781527309,1.574803149606299,1.574803149606299,"BEARING, RADIAL BALL",30.0,日本精工（株）,1.0,8.0,9.0,1Y,ﾃﾝﾊﾞｺ10ﾌﾀﾅｼ,0.015,9.978,手配,126.0,127.0,1.15,0.86,-0.2899999999999999,0.8333345903648535,0.31666540963514644,0.77380191,0.08619809,968.2,122.41133333333333,126.4455,945.4,116.02366666666666,119.96283333333332,0.74,0.74
94,9036324A005,0.0,0.0,3.260869565217391,5.434782608695652,15.217391304347828,39.130434782608695,36.95652173913043,0.0,0.0,0.0,0.0,2.127659574468085,10.638297872340425,26.595744680851062,32.97872340425532,23.404255319148938,1.0638297872340425,3.1914893617021276,0.0,0.0,-1.133209990749306,5.203515263644773,11.378353376503235,-6.151711378353376,-13.552266419981493,1.0638297872340425,3.1914893617021276,"BEARING, RADIAL BALL",22.0,日本精工（株）,1.0,8.0,9.0,1Y,ｻﾝﾎﾞｯｸｽ＃K-10Bﾌﾀﾅｼ,0.015,11.86,手配,92.0,94.0,1.23,0.99,-0.24,0.8614148340162221,0.3685851659837779,0.734252874,0.25574712599999994,543.4,94.39,97.4775,532.0,83.21818181818182,86.24090909090908,0.74,0.69
95,9036340A010,0.0,0.0,0.0,4.49438202247191,14.606741573033707,35.95505617977528,44.9438202247191,0.0,0.0,0.0,0.0,6.666666666666667,24.444444444444443,38.88888888888889,24.444444444444443,3.3333333333333335,1.1111111111111112,1.1111111111111112,0.0,0.0,6.666666666666667,19.950062421972532,24.282147315855184,-11.51061173533084,-41.61048689138576,1.1111111111111112,1.1111111111111112,"BEARING, RADIAL BALL",80.0,日本精工（株）,1.0,8.0,9.0,1Y,ｻﾝﾎﾞｯｸｽ＃K-10Bﾌﾀﾅｼ,0.015,9.301,手配,89.0,90.0,1.2999999999999998,0.99,-0.30999999999999983,0.8844461204864713,0.4155538795135285,0.87520764,0.11479236000000004,1936.4,94.979,98.004625,1890.8,89.26774999999999,92.22212499999999,0.76,0.74
96,9036345A004,0.0,0.0,0.0,3.3333333333333335,0.0,26.666666666666668,43.333333333333336,26.666666666666668,0.0,0.0,0.0,13.333333333333334,13.333333333333334,6.666666666666667,3.3333333333333335,33.33333333333333,16.666666666666664,13.333333333333334,0.0,0.0,13.333333333333334,10.0,6.666666666666667,-23.333333333333336,-10.000000000000007,-10.000000000000004,13.333333333333334,"BEARING, RADIAL BALL",90.0,岡谷鋼機（株）,1.0,1.0,2.29,1Y,ｻﾝﾎﾞｯｸｽ＃9Bﾌﾀﾅｼ,0.013,12.0,手配,30.0,30.0,2.095,1.24,-0.8550000000000002,1.15000377109456,0.9449962289054401,0.74140573,0.49859427,968.2,37.424888888888894,48.18266666666667,945.4,34.614222222222224,45.11866666666667,0.87,0.64
97,9036628A005,0.0,0.0,4.166666666666666,12.5,8.333333333333332,25.0,29.166666666666668,20.833333333333336,0.0,0.0,0.0,0.0,16.666666666666664,12.5,4.166666666666666,12.5,50.0,4.166666666666666,0.0,0.0,-4.166666666666666,4.166666666666664,4.166666666666668,-20.833333333333336,-16.666666666666668,29.166666666666664,4.166666666666666,"RACE, TAPERED ROLLER BEARING, INNER",60.0,（株）ジェイテクト,1.0,1.0,1.9,1Y,ｻﾝﾎﾞｯｸｽ＃9Fﾌﾀﾅｼ,0.013,11.26,手配,24.0,24.0,1.9500000000000002,1.565,-0.38500000000000023,1.2378768233387358,0.7121231766612643,0.773696023,0.791303977,424.8,25.302,32.382,413.4,22.359,29.249000000000002,0.81,0.62
98,9036628A006,0.0,0.0,6.25,12.5,18.75,25.0,12.5,25.0,0.0,0.0,0.0,0.0,0.0,0.0,13.333333333333334,26.666666666666668,46.666666666666664,13.333333333333334,0.0,0.0,-6.25,-12.5,-18.75,-11.666666666666666,14.166666666666668,21.666666666666664,13.333333333333334,"RACE, TAPERED ROLLER BEARING, OUTER",80.0,（株）ジェイテクト,1.0,1.0,1.9,1Y,ｻﾝﾎﾞｯｸｽ＃9Fﾌﾀﾅｼ,0.013,10.94,手配,16.0,15.0,1.8850000000000002,1.85,-0.03500000000000014,1.3805024311183147,0.5044975688816855,0.824928031,1.025071969,424.8,19.7265,25.0365,413.4,17.01925,22.18675,0.81,0.62
99,9036628A007,0.0,0.0,8.333333333333332,8.333333333333332,4.166666666666666,12.5,16.666666666666664,45.83333333333333,4.166666666666666,0.0,0.0,0.0,4.166666666666666,4.166666666666666,4.166666666666666,25.0,29.166666666666668,33.33333333333333,0.0,0.0,-8.333333333333332,-4.166666666666666,0.0,-8.333333333333334,8.333333333333336,-16.66666666666666,29.166666666666664,"RACE, TAPERED ROLLER BEARING, INNER",72.0,（株）ジェイテクト,1.0,1.0,1.9,1Y,ｻﾝﾎﾞｯｸｽ＃9Fﾌﾀﾅｼ,0.013,11.644,手配,24.0,24.0,2.4250000000000007,1.68,-0.7450000000000008,1.2073576385985452,1.2176423614014555,0.714827586,0.965172414,543.4,24.886944444444445,32.43416666666667,532.0,22.05833333333333,29.44722222222222,0.81,0.57
100,9036628A008,0.0,0.0,6.25,0.0,12.5,12.5,43.75,25.0,0.0,0.0,0.0,0.0,0.0,12.5,0.0,18.75,37.5,31.25,0.0,0.0,-6.25,0.0,0.0,-12.5,-25.0,12.5,31.25,"RACE, TAPERED ROLLER BEARING, OUTER",100.0,（株）ジェイテクト,1.0,1.0,1.9,1Y,ｻﾝﾎﾞｯｸｽ＃9Fﾌﾀﾅｼ,0.013,10.1,手配,16.0,16.0,2.35,1.88,-0.4700000000000002,1.3618856091646458,0.9881143908353542,0.781149425,1.098850575,543.4,19.0303,24.4643,532.0,16.427999999999997,21.747999999999998,0.81,0.58
101,9036630A017,0.0,0.0,0.0,12.244897959183673,12.244897959183673,10.204081632653061,32.6530612244898,30.612244897959183,2.0408163265306123,0.0,0.0,0.0,4.25531914893617,10.638297872340425,0.0,25.53191489361702,42.5531914893617,17.02127659574468,0.0,0.0,0.0,-7.989578810247503,-1.6066000868432475,-10.204081632653061,-7.121146330872776,11.940946591402518,14.980460269214069,"RACE, TAPERED ROLLER BEARING, OUTER",72.0,（株）ジェイテクト,1.0,1.0,1.9,1Y,ｻﾝﾎﾞｯｸｽ＃9Fﾌﾀﾅｼ,0.013,10.492,手配,49.0,47.0,1.7999999999999998,1.61,-0.18999999999999972,1.0340030168756482,0.7659969831243516,0.681124584,0.9288754160000001,968.2,44.01402777777778,57.46125,945.4,40.39166666666666,53.52222222222221,0.81,0.6
102,9036630A018,0.0,0.0,0.0,0.0,3.9603960396039604,11.881188118811881,27.722772277227726,50.495049504950494,5.9405940594059405,0.0,0.0,0.0,2.0618556701030926,0.0,14.432989690721648,28.865979381443296,35.051546391752574,19.587628865979383,0.0,0.0,0.0,2.0618556701030926,-3.9603960396039604,2.551801571909767,1.1432071042155698,-15.44350311319792,13.647034806573442,"RACE, TAPERED ROLLER BEARING, INNER",38.0,（株）ジェイテクト,1.0,1.0,1.9,1Y,ｻﾝﾎﾞｯｸｽ＃9Fﾌﾀﾅｼ,0.013,9.51,手配,101.0,97.0,1.33,1.07,-0.26,0.6582238144621477,0.6717761855378523,0.468447258,0.6015527420000001,968.2,46.31421052631579,71.79315789473685,945.4,45.294210526315794,70.17315789473685,0.54,0.34
103,9036652A003,0.0,0.0,3.571428571428571,7.142857142857142,3.571428571428571,3.571428571428571,32.142857142857146,50.0,0.0,0.0,0.0,0.0,3.3333333333333335,16.666666666666664,3.3333333333333335,20.0,23.333333333333332,33.33333333333333,0.0,0.0,-3.571428571428571,-3.809523809523809,13.095238095238093,-0.2380952380952377,-12.142857142857146,-26.666666666666668,33.33333333333333,"RACE, TAPERED ROLLER BEARING, INNER",60.0,（株）ジェイテクト,1.0,1.0,1.9,1Y,ｻﾝﾎﾞｯｸｽ＃9Fﾌﾀﾅｼ,0.013,11.98,手配,28.0,30.0,2.275,1.645,-0.6299999999999999,1.1411313654987876,1.1338686345012123,0.690689655,0.954310345,543.4,29.26433333333333,38.321,532.0,26.27,35.13666666666667,0.81,0.57
104,9036652A004,0.0,0.0,7.142857142857142,7.142857142857142,3.571428571428571,3.571428571428571,25.0,53.57142857142857,0.0,0.0,0.0,0.0,0.0,10.344827586206897,13.793103448275861,34.48275862068966,34.48275862068966,6.896551724137931,0.0,0.0,-7.142857142857142,-7.142857142857142,6.773399014778326,10.22167487684729,9.482758620689658,-19.08866995073891,6.896551724137931,"RACE, TAPERED ROLLER BEARING, OUTER",63.0,（株）ジェイテクト,1.0,1.0,1.9,1Y,ｻﾝﾎﾞｯｸｽ＃9Fﾌﾀﾅｼ,0.013,7.0,手配,28.0,29.0,2.36,1.31,-1.0499999999999998,1.157687933773727,1.202312066226273,0.696724138,0.6132758620000001,543.4,28.013650793650793,36.639047619047616,532.0,25.066666666666663,33.511111111111106,0.81,0.57
105,9036658A001,0.0,0.0,2.857142857142857,17.142857142857142,17.142857142857142,5.714285714285714,40.0,17.142857142857142,0.0,0.0,0.0,2.941176470588235,11.76470588235294,23.52941176470588,11.76470588235294,29.411764705882355,11.76470588235294,8.823529411764707,0.0,0.0,0.08403361344537785,-5.378151260504202,6.386554621848738,6.050420168067226,-10.588235294117645,-5.378151260504202,8.823529411764707,"RACE, TAPERED ROLLER BEARING, INNER",45.0,（株）ジェイテクト,1.0,1.0,1.9,1Y,ｻﾝﾎﾞｯｸｽ＃9Fﾌﾀﾅｼ,0.013,9.79,手配,35.0,34.0,1.7600000000000002,0.9750000000000001,-0.7850000000000001,1.130907617504052,0.6290923824959482,0.685272018,0.28972798200000005,424.8,30.376,39.816,413.4,27.181999999999995,36.36866666666666,0.81,0.57
106,9036658A002,0.0,0.0,0.0,6.8181818181818175,18.181818181818183,9.090909090909092,52.27272727272727,13.636363636363635,0.0,0.0,0.0,0.0,2.5,12.5,10.0,47.5,20.0,7.5,0.0,0.0,0.0,-4.3181818181818175,-5.681818181818183,0.9090909090909083,-4.772727272727273,6.363636363636365,7.5,"RACE, TAPERED ROLLER BEARING, OUTER",36.0,（株）ジェイテクト,1.0,1.0,1.9,1Y,ｻﾝﾎﾞｯｸｽ＃9Fﾌﾀﾅｼ,0.013,5.668,手配,44.0,40.0,1.7700000000000002,1.205,-0.5650000000000002,1.0667260940032417,0.7032739059967585,0.682217614,0.522782386,424.8,38.4,50.2,413.4,34.87583333333333,46.35916666666667,0.81,0.59
107,9036659A009,0.0,0.0,0.0,3.9603960396039604,11.881188118811881,20.792079207920793,26.732673267326735,32.67326732673268,3.9603960396039604,0.0,0.0,2.0408163265306123,8.16326530612245,20.408163265306122,20.408163265306122,15.306122448979592,22.448979591836736,11.224489795918368,0.0,0.0,2.0408163265306123,4.202869266518489,8.526975146494241,-0.38391594261467077,-11.426550818347144,-10.224287734895942,7.2640937563144075,"RACE, TAPERED ROLLER BEARING, INNER",36.0,（株）ジェイテクト,1.0,1.0,1.9,1Y,ｻﾝﾎﾞｯｸｽ＃9Fﾌﾀﾅｼ,0.013,9.88,手配,101.0,98.0,1.6900000000000004,0.92,-0.7700000000000004,0.922001508437824,0.7679984915621764,0.630562292,0.289437708,968.2,83.68333333333334,110.57777777777778,945.4,78.47027777777777,104.73138888888889,0.81,0.59
108,9036659A010,0.0,0.0,2.0,3.0,11.0,21.0,33.0,26.0,4.0,0.0,0.0,2.0202020202020203,4.040404040404041,4.040404040404041,14.14141414141414,20.2020202020202,42.42424242424242,13.131313131313133,0.0,0.0,0.020202020202020332,1.0404040404040407,-6.959595959595959,-6.85858585858586,-12.7979797979798,16.424242424242422,9.131313131313133,"RACE, TAPERED ROLLER BEARING, OUTER",36.0,（株）ジェイテクト,1.0,1.0,1.9,1Y,ｻﾝﾎﾞｯｸｽ＃9Fﾌﾀﾅｼ,0.013,7.144,手配,101.0,99.0,1.6400000000000006,1.31,-0.3300000000000005,0.922001508437824,0.7179984915621765,0.630562292,0.679437708,968.2,83.68333333333334,110.57777777777778,945.4,78.47027777777777,104.73138888888889,0.81,0.59
109,9050827A011,0.0,16.666666666666664,16.666666666666664,33.33333333333333,0.0,0.0,33.33333333333333,0.0,0.0,0.0,33.33333333333333,0.0,0.0,50.0,0.0,0.0,16.666666666666664,0.0,0.0,16.666666666666664,-16.666666666666664,-33.33333333333333,50.0,0.0,-33.33333333333333,16.666666666666664,0.0,"SPRING, TORSION",200.0,（株）東郷製作所,1.0,8.0,11.12,1Y,TP331ﾌﾀﾅｼ,0.012,4.48,手配,6.0,6.0,1.92,1.435,-0.4849999999999999,2.206256077795786,-0.2862560777957861,1.292320078,0.14267992200000013,424.8,11.2836,11.5491,413.4,9.061300000000001,9.319675,0.78,0.78
110,9093003179,0.0,0.0,0.0,33.33333333333333,0.0,33.33333333333333,33.33333333333333,0.0,0.0,0.0,0.0,50.0,0.0,0.0,0.0,0.0,0.0,50.0,0.0,0.0,50.0,-33.33333333333333,0.0,-33.33333333333333,-33.33333333333333,0.0,50.0,"PLUG, BREATHER",500.0,（株）青山製作所,1.0,6.0,5.76,1Y,TP331ﾌﾀﾅｼ,0.012,9.18,手配,3.0,2.0,3.4200000000000004,2.765,-0.6550000000000002,2.2955765060808897,1.1244234939191107,1.197499732,1.567500268,968.2,7.841,8.163733333333333,945.4,5.727,6.042133333333334,0.74,0.5
111,9094906A012,4.3478260869565215,13.043478260869565,8.695652173913043,17.391304347826086,21.73913043478261,13.043478260869565,21.73913043478261,0.0,0.0,0.0,10.0,10.0,5.0,30.0,10.0,20.0,15.0,0.0,-4.3478260869565215,-3.0434782608695645,1.304347826086957,-12.391304347826086,8.26086956521739,-3.0434782608695645,-1.7391304347826093,15.0,0.0,"CLAMP, WIRING",500.0,中庸スプリング（株）,1.0,2.0,2.34,1Y,AW131ﾌﾀﾅｼ,0.006,1.85,手配,24.0,20.0,1.3949999999999998,1.34,-0.054999999999999716,1.2626935264825714,0.1323064735174284,1.081327677,0.2586723230000001,3329.4,22.643459999999997,25.972859999999997,3249.6,22.17264,25.422240000000002,0.81,0.59
112,9155180614,0.0,0.0,18.181818181818183,45.45454545454545,18.181818181818183,0.0,18.181818181818183,0.0,0.0,0.0,30.0,20.0,20.0,10.0,20.0,0.0,0.0,0.0,0.0,30.0,1.8181818181818166,-25.454545454545453,-8.181818181818183,20.0,-18.181818181818183,0.0,0.0,"BOLT, FLANGE",1500.0,（株）青山製作所,1.0,6.0,5.76,1Y,TP331ﾌﾀﾅｼ,0.012,10.13,手配,11.0,10.0,1.4400000000000002,1.245,-0.19500000000000006,1.697761739837084,-0.2577617398370837,1.5790552839999998,-0.33405528399999973,4722.4,11.50032,12.025031111111112,4608.4,11.29512,11.807164444444446,0.74,0.54
113,9155180640,0.0,0.0,50.0,0.0,50.0,0.0,0.0,0.0,0.0,0.0,0.0,50.0,0.0,25.0,25.0,0.0,0.0,0.0,0.0,0.0,0.0,0.0,-25.0,25.0,0.0,0.0,0.0,"BOLT, FLANGE",1000.0,（株）青山製作所,1.0,6.0,5.76,1Y,TP331ﾌﾀﾅｼ,0.012,11.53,手配,2.0,4.0,2.1449999999999996,2.1,-0.044999999999999485,2.2955765060808897,-0.15057650608089013,2.230095504,-0.1300955039999998,1936.4,8.228280000000002,8.551013333333335,1890.8,8.105160000000001,8.420293333333335,0.74,0.54
114,9161140614,0.0,4.761904761904762,9.523809523809524,23.809523809523807,23.809523809523807,28.57142857142857,9.523809523809524,0.0,0.0,0.0,4.0,20.0,32.0,20.0,16.0,8.0,0.0,0.0,0.0,-0.7619047619047619,10.476190476190476,8.190476190476193,-3.8095238095238066,-12.57142857142857,-1.5238095238095237,0.0,0.0,"BOLT, W/WASHER",2500.0,（株）青山製作所,1.0,6.0,5.76,1Y,TP331ﾌﾀﾅｼ,0.012,13.08,手配,21.0,25.0,1.4400000000000004,0.89,-0.5500000000000004,1.2261176581502782,0.2138823418497222,1.048154845,-0.158154845,15491.2,19.110848,20.14359466666667,15126.4,18.731456,19.739882666666666,0.74,0.52
115,9167180618,0.0,14.285714285714285,0.0,28.57142857142857,28.57142857142857,14.285714285714285,14.285714285714285,0.0,0.0,12.5,0.0,12.5,25.0,12.5,12.5,25.0,0.0,0.0,12.5,-14.285714285714285,12.5,-3.5714285714285694,-16.07142857142857,-1.7857142857142847,10.714285714285715,0.0,0.0,"BOLT, FLANGE W/WASHER",1000.0,（株）青山製作所,1.0,6.0,5.76,1Y,TP331ﾌﾀﾅｼ,0.012,9.43,手配,7.0,8.0,1.9,1.595,-0.30499999999999994,1.777051004053927,0.122948995946073,1.656730336,-0.06173033600000011,2904.6,10.697189999999999,11.181289999999999,2836.2,10.51593,10.98863,0.74,0.53
116,G1144ECB010,0.0,0.0,10.0,12.333333333333334,16.333333333333332,11.333333333333332,39.0,11.0,0.0,0.0,0.0,0.0,1.556420233463035,9.72762645914397,12.45136186770428,24.5136186770428,49.80544747081712,1.9455252918287937,0.0,0.0,-10.0,-10.776913099870299,-6.605706874189362,1.1180285343709482,-14.4863813229572,38.80544747081712,1.9455252918287937,"TERMINAL, MOTOR CABLE",6.0,住友電気工業（株）,1.0,1.0,2.28,1Y,TP331ﾌﾀﾅｼ,0.012,2.288,手配,300.0,257.0,1.3649999999999998,1.41,0.04500000000000015,0.9127876823338736,0.45221231766612613,0.660739205,0.7492607949999999,424.8,226.02,296.82,413.4,219.035,287.935,0.87,0.63
117,G1144ECE010,0.0,0.0,0.0,4.979253112033195,4.564315352697095,6.639004149377594,24.896265560165975,52.282157676348554,6.639004149377594,0.0,0.0,0.0,0.8264462809917356,3.71900826446281,6.6115702479338845,14.46280991735537,53.30578512396694,21.074380165289256,0.0,0.0,0.0,-4.15280683104146,-0.8453070882342852,-0.027433901443709274,-10.433455642810605,1.023627447618388,14.435376015911661,"TERMINAL, MOTOR CABLE",8.0,矢崎総業（株）,1.0,1.0,1.79,1Y,TP331ﾌﾀｱﾘ,0.014,4.71,手配,242.0,242.0,1.8199999999999996,1.59,-0.22999999999999954,0.8641508487331717,0.9558491512668279,0.612183908,0.9778160920000001,543.4,199.9825,267.90749999999997,532.0,194.85,261.35,0.82,0.58
118,G1163ECB010,0.0,3.0303030303030303,9.090909090909092,27.27272727272727,33.33333333333333,3.0303030303030303,24.242424242424242,0.0,0.0,0.0,7.142857142857142,16.666666666666664,26.190476190476193,33.33333333333333,11.904761904761903,4.761904761904762,0.0,0.0,0.0,4.112554112554112,7.575757575757573,-1.0822510822510765,0.0,8.874458874458874,-19.48051948051948,0.0,0.0,"BOLT, MOTOR STATOR YOKE",80.0,（株）青山製作所,1.0,6.0,5.76,1Y,TP331ﾌﾀﾅｼ,0.012,7.438,手配,33.0,42.0,1.16,0.66,-0.4999999999999999,1.0799652308286651,0.08003476917133479,0.651332008,0.008667992000000013,687.0,26.18625,27.6175,772.2,27.061750000000004,28.670500000000004,0.74,0.54
119,G1163ECE010,0.0,1.1764705882352942,5.88235294117647,22.35294117647059,14.117647058823529,14.117647058823529,25.882352941176475,16.470588235294116,0.0,0.0,2.2988505747126435,4.597701149425287,14.942528735632186,19.54022988505747,21.839080459770116,28.735632183908045,8.045977011494253,0.0,0.0,1.1223799864773494,-1.284651791751183,-7.410412440838405,5.422582826233942,7.721433400946587,2.8532792427315705,-8.424611223799863,0.0,"BOLT, MOTOR STATOR YOKE",100.0,（株）青山製作所,1.0,6.0,5.76,1Y,TP331ﾌﾀﾅｼ,0.012,7.77,手配,85.0,87.0,1.1700000000000002,0.78,-0.3900000000000001,0.8771827648562699,0.29281723514373026,0.581440329,0.19855967100000005,2217.6,61.7664,65.4624,2064.0,55.696000000000005,59.136,0.74,0.53
120,G117362010,0.0,0.0,0.0,3.35195530726257,4.4692737430167595,11.1731843575419,44.6927374301676,36.312849162011176,0.0,0.0,0.0,0.0,0.5952380952380952,1.7857142857142856,7.142857142857142,32.73809523809524,45.23809523809524,12.5,0.0,0.0,0.0,-2.7567172120244745,-2.683559457302474,-4.030327214684757,-11.954642192072356,8.925246076084065,12.5,"SENSOR, MOTOR REVOLUTION",18.0,多摩川精機販売（株）,1.0,1.0,3.05,1Y,TP331.5ﾌﾀﾅｼ,0.017,4.11,手配,179.0,168.0,1.84,1.93,0.08999999999999986,1.006000754218912,0.8339992457810881,0.870281146,1.059718854,968.2,231.6027777777778,285.39166666666665,945.4,224.2194444444444,276.7416666666666,0.95,0.85
121,G1174ECB010,0.0,0.0,3.571428571428571,3.571428571428571,10.714285714285714,17.857142857142858,35.714285714285715,28.57142857142857,0.0,0.0,0.0,4.166666666666666,4.166666666666666,12.5,8.333333333333332,50.0,16.666666666666664,4.166666666666666,0.0,0.0,0.5952380952380949,0.5952380952380949,1.7857142857142865,-9.523809523809526,14.285714285714285,-11.904761904761905,4.166666666666666,"WIRE, MOTOR REVOLUTION SENSOR",50.0,住友電装（株）,1.0,1.0,2.28,1Y,TP362ﾌﾀﾅｼ,0.044,6.25,手配,28.0,24.0,2.035,1.57,-0.4650000000000001,1.2265640194489464,0.8084359805510537,0.97808002,0.59191998,424.8,39.108,47.604,413.4,36.139,44.407000000000004,0.87,0.85
122,G1174ECE010,0.0,0.0,0.0,3.3333333333333335,0.0,3.3333333333333335,36.666666666666664,56.666666666666664,0.0,0.0,0.0,0.0,0.0,0.0,3.571428571428571,39.285714285714285,42.857142857142854,14.285714285714285,0.0,0.0,0.0,-3.3333333333333335,0.0,0.2380952380952377,2.6190476190476204,-13.80952380952381,14.285714285714285,"WIRE, MOTOR REVOLUTION SENSOR",50.0,住友電装（株）,1.0,1.0,2.28,1Y,TP362ﾌﾀﾅｼ,0.044,5.9,手配,30.0,28.0,2.5,2.0549999999999997,-0.4450000000000003,1.1459428045823228,1.3540571954176772,0.970574713,1.0844252869999997,543.4,50.275800000000004,61.143800000000006,532.0,47.284,57.924,0.87,0.87
123,G1250ECB010,0.0,0.0,27.27272727272727,27.27272727272727,27.27272727272727,9.090909090909092,9.090909090909092,0.0,0.0,0.0,0.0,38.46153846153847,7.6923076923076925,7.6923076923076925,15.384615384615385,15.384615384615385,15.384615384615385,0.0,0.0,0.0,11.188811188811197,-19.580419580419576,-19.580419580419576,6.293706293706293,6.293706293706293,15.384615384615385,0.0,"PIPE ASSY, MOTOR COOLING, NO.1",60.0,（株）バルカー,1.0,2.0,6.2,1Y,TP332ﾌﾀﾅｼ,0.022,1.94,手配,11.0,13.0,1.84,1.27,-0.5700000000000001,1.9049217693644966,-0.06492176936449656,1.120497018,0.149502982,229.0,19.6025,21.510833333333334,257.4,19.6615,21.8065,1.14,0.87
124,G1250ECC010,0.0,22.22222222222222,11.11111111111111,33.33333333333333,11.11111111111111,11.11111111111111,0.0,11.11111111111111,0.0,0.0,0.0,0.0,16.666666666666664,0.0,0.0,33.33333333333333,33.33333333333333,16.666666666666664,0.0,-22.22222222222222,-11.11111111111111,-16.666666666666664,-11.11111111111111,-11.11111111111111,33.33333333333333,22.222222222222218,16.666666666666664,"PIPE ASSY, MOTOR COOLING, NO.1",60.0,（株）バルカー,1.0,2.0,6.2,1Y,TP332ﾌﾀﾅｼ,0.022,2.036,手配,9.0,6.0,1.79,2.545,0.7549999999999999,2.11106424717999,-0.32106424717999005,1.267727273,1.277272727,195.8,17.1955,18.827166666666667,156.0,12.31,13.610000000000001,1.14,0.87
125,G1250ECE010,0.0,12.903225806451612,58.06451612903226,19.35483870967742,6.451612903225806,3.225806451612903,0.0,0.0,0.0,0.0,0.0,3.7037037037037033,3.7037037037037033,22.22222222222222,18.51851851851852,25.925925925925924,11.11111111111111,14.814814814814813,0.0,-12.903225806451612,-54.36081242532856,-15.651135005973718,15.770609318996415,15.292712066905615,25.925925925925924,11.11111111111111,14.814814814814813,"PIPE ASSY, MOTOR COOLING, NO.1",60.0,（株）バルカー,1.0,2.0,6.2,1Y,TP332ﾌﾀﾅｼ,0.022,1.64,手配,31.0,27.0,0.92,1.51,0.59,1.4711313654987874,-0.5511313654987874,1.000689655,0.509310345,543.4,42.849333333333334,47.37766666666667,532.0,40.013333333333335,44.44666666666667,1.14,0.88
126,G9201ECB030,0.0,0.0,3.111111111111111,15.11111111111111,32.88888888888889,25.333333333333336,23.555555555555554,0.0,0.0,0.0,0.0,1.744186046511628,6.395348837209303,13.953488372093023,2.9069767441860463,11.046511627906977,35.46511627906977,28.488372093023255,0.0,0.0,-1.3669250645994833,-8.715762273901808,-18.93540051679587,-22.42635658914729,-12.509043927648577,35.46511627906977,28.488372093023255,"COVER SUB-ASSY, INVERTER",8.0,佐藤工業（株）,1.0,2.0,1.82,1Y,T-20-3ﾌﾀﾅｼ,0.027,7.806,手配,227.0,172.0,0.98,1.84,0.8600000000000001,0.7970564080397666,0.18294359196023335,0.820990606,1.0190093940000002,424.6,156.9175,183.45499999999998,413.4,203.5325,229.37,0.74,0.78
127,G9201ECE010,0.0,0.0,0.8,9.6,6.800000000000001,6.4,21.2,48.8,6.4,0.0,0.0,2.6595744680851063,13.297872340425531,4.787234042553192,10.638297872340425,27.127659574468083,32.97872340425532,8.51063829787234,0.0,0.0,1.8595744680851063,3.6978723404255316,-2.012765957446809,4.238297872340425,5.927659574468084,-15.821276595744678,2.11063829787234,"COVER SUB-ASSY, INVERTER",8.0,佐藤工業（株）,1.0,2.0,1.82,1Y,ｻﾝﾎﾞｯｸｽ＃20Bﾌﾀﾅｼ,0.027,7.806,手配,250.0,188.0,1.67,1.725,0.05500000000000016,0.784154540893126,0.885845459106874,0.892186991,0.8328130090000001,543.4,227.1525,261.115,532.0,287.95,321.2,0.74,0.86
