,Unnamed: 0,品番,年,週番号,在庫数（箱）,入庫数（箱）,出庫数（箱）,仕入先名,日量数（箱数）,発注〜印刷LT,発注〜検収LT,発注〜順立装置入庫LT,発注〜順立装置出庫LT,発注〜回収LT,基準在庫日数,基準在庫日数（基準在庫枚数込み）,基準在庫枚数,納入回数（間隔）,納入回数（回数）,納入回数（遅れ）,収容数,納入かんばん数,合計日量数（箱数）,印刷検収LT,検収入庫LT,入庫出庫LT,出庫回収LT,社内LT（検収〜回収LT）,不等ピッチ係数,社内LT/設計値LT,社内LT/設計値LT（基準在庫枚数込み）,順立装置在庫量/設計値MIN,順立装置在庫量/設計値MAX,時間稼働率,加工数,使用工程,回収かんばん数,先週からの順立装置在庫量増加率,先週からの社内LT増加率,先週からの回収かんばん増加率,納入数/日量数（箱数）,入庫数/納入数（箱数）,出庫数/入庫数（箱数）,回収数/出庫数（箱数）,回収数/納入数（箱数）,出庫数/納入数（箱数）,便Ave,年＆週番号,納入かんばん数（週合計）-日量数（箱数週合計）,上限-下限,条件チェック,差分
57,51,41310ECE010    ,2023,50,99,910,906,（株）オンド,195.5,0.17,1.14,1.94,2.22,2.35,0.7,0.714780145,3,1,1,1.9,2,810,980.5,0.97,0.8,0.28,0.13,1.21,0.05,1.728571429,1.692828218,1.746185731,0.478211926,100,390,1.デフ・大物ギヤ・Brg,1005,0,0,0.017206478,0.826109128,1.12345679,0.995604396,1.109271523,1.240740741,1.118518519,195.5,2023-50,-170.5,205.275,FALSE,-396.8243827
12,12,33490ECE010    ,2023,50,65,453,456,マレリ（株）,97.75,0.32,4.09,4.26,5,5.165,0.81,0.839560291,3,1,1,1.74,4,422,490.25,3.77,0.17,0.74,0.165,1.075,0.23,1.327160494,1.280432164,2.426867288,0.618668362,100,390,7.ファイナル前半,504,0,0,-0.064935065,0.860785314,1.073459716,1.006622517,1.105263158,1.194312796,1.08056872,97.75,2023-50,-68.25,120.2325,FALSE,-193.4961256
56,50,41310ECB010    ,2023,50,60,761,817,（株）オンド,178,0.17,1.14,1.65,1.78,1.95,0.69,0.701609346,2,1,24,19.68,2,749,888.5,0.97,0.51,0.13,0.17,0.81,0.05,1.173913043,1.154488613,3.911937931,2.966096831,100,390,1.デフ・大物ギヤ・Brg,906,0,0,0.169032258,0.84299381,1.016021362,1.073587385,1.108935129,1.209612817,1.090787717,7.416666667,2023-50,-139.5,16.31666667,FALSE,-158.0516466
11,11,33490ECB010    ,2023,50,33,398,411,マレリ（株）,89,0.32,4.09,4.41,4.56,4.73,0.82,0.854828037,3,1,1,1.9,4,401,444.25,3.77,0.32,0.15,0.17,0.64,0.23,0.780487805,0.748688593,1.278574196,0.348363736,100,390,7.ファイナル前半,450,0,0,0.094890511,0.902644907,0.992518703,1.032663317,1.094890511,1.122194514,1.024937656,89,2023-50,-43.25,109.47,FALSE,-152.3964339
43,37,35580ECB011    ,2023,50,78,240,272,アイシン精機（株）,59.33333333,0.21,1.19,1.73,2.94,3.185,0.9,0.952242055,3,1,1,1.79,6,190,236,0.98,0.54,1.21,0.245,1.995,0.14,2.216666667,2.095055548,4.71185212,1.163973201,100,390,8.ファイナル後半,299,0,0,0.582010582,0.805084746,1.263157895,1.133333333,1.099264706,1.573684211,1.431578947,59.33333333,2023-50,-46,67.64,FALSE,-125.7452632
30,26,35300ECB010    ,2023,50,86,259,290,アイシン精機（株）,62.25,0.2,1.19,1.68,2.95,3.195,0.91,0.957968021,3,1,1,2.14,12,206,249.1666667,0.99,0.49,1.27,0.245,2.005,0.14,2.203296703,2.092971744,4.399764664,1.232758145,100,390,3.ギヤサブ・共通部品,319,0,0,0.556097561,0.826755853,1.257281553,1.11969112,1.1,1.548543689,1.40776699,62.25,2023-50,-43.16666667,70.965,FALSE,-125.2376537
153,141,G9201ECE010    ,2023,50,55,223,226,佐藤工業（株）,48.875,1.6,5.02,5.3,6.35,6.67,0.86,0.899413721,2,1,4,4,8,182,245.125,3.42,0.28,1.05,0.32,1.65,0.05,1.918604651,1.834528384,9.002557545,2.32410168,100,390,8.ファイナル後半,248,0,0,0.530864198,0.742478327,1.225274725,1.013452915,1.097345133,1.362637363,1.241758242,12.21875,2023-50,-63.125,14.6625,FALSE,-92.00796703
76,70,9010512A018    ,2023,50,26,229,247,（株）青山製作所,51.94,0.31,1.23,1.57,2,2.21,1.04,1.097780089,3,1,1,1.79,200,225,259.82,0.92,0.34,0.43,0.21,0.98,0.08,0.942307692,0.892710671,1.794184909,0.461556064,100,390,3.ギヤサブ・共通部品,268,0,0,0.150214592,0.865984143,1.017777778,1.07860262,1.085020243,1.191111111,1.097777778,51.94,2023-50,-34.82,56.0952,FALSE,-91.53422222
47,41,35771ECE010    ,2023,50,35,296,301,アイシン機工（株）,65.16666667,0.39,1.2,1.44,2.07,2.3,0.79,0.819560291,2,1,4,4,6,273,326.8333333,0.81,0.24,0.63,0.23,1.1,0.07,1.392405063,1.342183135,4.296675192,1.467709847,100,390,2.MGケース,335,0,0,0.037151703,0.835288118,1.084249084,1.016891892,1.112956811,1.227106227,1.102564103,16.29166667,2023-50,-53.83333333,20.85333333,FALSE,-79.2220757
143,131,G1144ECE010    ,2023,50,49,258,226,矢崎総業（株）,48.875,0.14,3.97,4.2,4.525,4.61,0.58,0.619413721,2,1,4,4,8,196,245.125,3.83,0.23,0.325,0.085,0.64,0,1.103448276,1.033235103,8.020460358,2.160211861,100,390,2.MGケース,252,0,0,0.298969072,0.799592045,1.316326531,0.875968992,1.115044248,1.285714286,1.153061224,12.21875,2023-50,-49.125,12.21875,FALSE,-76.88329082
74,68,9010508A014    ,2023,50,19,103,111,（株）青山製作所,56.21,0.31,1.235,1.56,1.88,2.26,1.08,1.133008685,3,1,1,1.79,500,244,281.27,0.925,0.325,0.32,0.38,1.025,0.08,0.949074074,0.904670912,1.211534574,0.315446757,100,390,4.TA・カバー・メイン,284,0,0,0.092307692,0.867493867,0.422131148,1.077669903,2.558558559,1.163934426,0.454918033,56.21,2023-50,-37.27,60.7068,FALSE,-76.43962787
46,40,35771ECB010    ,2023,50,17,401,408,アイシン機工（株）,89,0.39,1.2,1.42,1.64,1.795,0.79,0.824828037,3,1,4,4,4,406,444.25,0.81,0.22,0.22,0.155,0.595,0.07,0.753164557,0.721362482,1.528089888,0.602236994,100,390,2.MGケース,456,0,0,0.1875,0.913899831,0.987684729,1.017456359,1.117647059,1.123152709,1.004926108,22.25,2023-50,-38.25,28.48,FALSE,-66.25894089
146,134,G117362010     ,2023,50,38,166,192,多摩川精機販売（株）,41.5,0.1,5.11,5.54,6.25,6.55,0.89,0.913984011,1,1,4,8.04,18,159,207.6666667,5.01,0.43,0.71,0.3,1.44,0,1.617977528,1.575519903,4.051604649,2.302806352,100,390,4.TA・カバー・メイン,213,0,0,0.6640625,0.76565008,1.044025157,1.156626506,1.109375,1.339622642,1.20754717,10.375,2023-50,-48.66666667,10.375,FALSE,-61.18422432
142,130,G1144ECB010    ,2023,50,31,229,267,住友電気工業（株）,59.33333333,1.16,4.36,4.8,5.1,5.3,0.63,0.664828037,2,1,6,5.76,6,244,296.1666667,3.2,0.44,0.3,0.2,0.94,0,1.492063492,1.413899457,4.637324646,1.772149563,100,390,2.MGケース,301,0,0,0.110701107,0.823860439,0.93852459,1.165938865,1.127340824,1.233606557,1.094262295,9.888888889,2023-50,-52.16666667,9.888888889,FALSE,-58.84858834
0,0,019128GA010    ,2023,50,26,78,80,石黒ゴム工業（株）,15.94,0.11,3.6,4,4.685,5.015,1.07,1.140323488,1,1,24,19.68,50,50,77.76,3.49,0.4,0.685,0.33,1.415,0.29,1.322429907,1.240875957,18.92978748,1.275075203,100,390,8.ファイナル後半,86,0,0,0.50877193,0.643004115,1.56,1.025641026,1.075,1.72,1.6,0.664166667,2023-50,-27.76,5.286766667,FALSE,-48.59236667
152,140,G9201ECB030    ,2023,50,23,198,202,佐藤工業（株）,44.5,1.06,5.02,5.19,5.75,5.92,0.78,0.826437382,2,1,4,4,8,189,222.125,3.96,0.17,0.56,0.17,0.9,0.05,1.153846154,1.089011726,4.134831461,1.315425891,100,390,8.ファイナル後半,222,0,0,0.563380282,0.850872257,1.047619048,1.02020202,1.099009901,1.174603175,1.068783069,11.125,2023-50,-33.125,13.35,FALSE,-48.05238095
2,2,01912ECB040    ,2023,50,30,105,98,愛産樹脂工業（株）,19.925,0.26,4.41,4.41,5.83,6.05,0.25,0.30625879,1,1,1,3.05,40,65,78.5,4.15,0,1.42,0.22,1.64,0,6.56,5.354948335,3.717644872,1.217587078,100,390,8.ファイナル後半,107,0,0,0.407894737,0.828025478,1.615384615,0.933333333,1.091836735,1.646153846,1.507692308,19.925,2023-50,-13.5,19.925,FALSE,-41.73269231
23,20,35174ECB010    ,2023,50,10,70,81,（株）浅賀井製作所,17.75,0.61,1.83,2.09,2.7,2.87,0.91,0.968046728,1,1,1,3.05,20,71,88.85,1.22,0.26,0.61,0.17,1.04,0.13,1.142857143,1.074328305,1.391062424,0.499286958,100,390,2.MGケース,91,0,0,0.378787879,0.799099606,0.985915493,1.157142857,1.12345679,1.281690141,1.14084507,17.75,2023-50,-17.85,20.0575,FALSE,-37.65609155
145,133,G1163ECE010    ,2023,50,16,76,83,（株）青山製作所,18.09,0.31,1.26,1.57,2.59,2.83,1.03,1.084609,1,1,2,1.06,100,71,90.42,0.95,0.31,1.02,0.24,1.57,0.08,1.524271845,1.447526252,8.587053943,0.863159358,100,390,2.MGケース,93,0,0,0.17721519,0.785224508,1.070422535,1.092105263,1.120481928,1.309859155,1.169014085,9.045,2023-50,-19.42,10.4922,FALSE,-31.27980563
119,110,9036659A009    ,2023,50,17,105,96,（株）ジェイテクト,20.75,0.09,2.02,2.65,3.61,3.71,0.59,0.637968021,1,1,4,4,36,87,103.8333333,1.93,0.63,0.96,0.1,1.69,0,2.86440678,2.6490356,6.554216867,1.33028496,100,390,1.デフ・大物ギヤ・Brg,106,0,0,0.358974359,0.83788122,1.206896552,0.914285714,1.104166667,1.218390805,1.103448276,5.1875,2023-50,-16.83333333,5.1875,FALSE,-25.50359195
35,30,35441ECB010    ,2023,50,15,58,72,（株）ニフコ,15.5625,0.09,4.23,4.52,4.68,4.81,0.71,0.901872085,3,1,4,4,48,57,77.875,4.14,0.29,0.16,0.13,0.58,0,0.816901408,0.643106722,7.710843373,1.211671462,100,390,2.MGケース,79,0,0,0.519230769,0.731942215,1.01754386,1.24137931,1.097222222,1.385964912,1.263157895,3.890625,2023-50,-20.875,3.890625,FALSE,-25.13185307
120,111,9036659A010    ,2023,50,16,105,95,（株）ジェイテクト,20.75,0.09,2.02,2.65,3.625,3.74,0.59,0.637968021,1,1,4,4,36,88,103.8333333,1.93,0.63,0.975,0.115,1.72,0,2.915254237,2.6960599,6.168674699,1.290981116,100,390,1.デフ・大物ギヤ・Brg,107,0,0,0.289156627,0.847512039,1.193181818,0.904761905,1.126315789,1.215909091,1.079545455,5.1875,2023-50,-15.83333333,5.1875,FALSE,-24.07954545
107,98,9036340A010    ,2023,50,11,78,87,日本精工（株）,18.675,0.15,1.36,1.56,2.16,2.56,0.74,0.899893404,3,1,6,4.92,80,75,93.45,1.21,0.2,0.6,0.4,1.2,0.09,1.621621622,1.333491271,5.969825247,1.098234561,100,390,,94,0,0,0.093023256,0.802568218,1.04,1.115384615,1.08045977,1.253333333,1.16,3.1125,2023-50,-18.45,4.79325,FALSE,-23.98125
106,97,9036324A005    ,2023,50,15,74,83,日本精工（株）,17.77272727,0.15,1.36,1.56,2.45,2.57,0.69,0.744193866,1,1,6,4.92,22,71,89.13636364,1.21,0.2,0.89,0.12,1.21,0.09,1.753623188,1.625920415,8.55395037,1.209218312,100,390,1.デフ・大物ギヤ・Brg,92,0,0,0.057471264,0.796532381,1.042253521,1.121621622,1.108433735,1.295774648,1.169014085,2.962121212,2023-50,-18.13636364,4.561666667,FALSE,-23.46435553
65,59,82821ECB050    ,2023,50,11,39,39,石黒ゴム工業（株）,7.97,0.12,3.6,3.995,5.195,5.585,0.83,0.970655219,1,1,6,4.92,100,26,38.87,3.48,0.395,1.2,0.39,1.985,0.29,2.391566265,2.045010382,13.98826681,0.699963723,100,390,8.ファイナル後半,43,0,0,0.482758621,0.668896321,1.5,1,1.102564103,1.653846154,1.5,1.328333333,2023-50,-12.87,3.639633333,FALSE,-22.94463333
105,96,9036324A004    ,2023,50,15,104,115,日本精工（株）,24.9,0.13,1.33,1.56,2.16,2.335,0.74,0.779973351,1,1,24,19.68,30,106,124.6,1.2,0.23,0.6,0.175,1.005,0.09,1.358108108,1.288505561,6.991214374,1.617474875,100,390,1.デフ・大物ギヤ・Brg,128,0,0,0.094017094,0.850722311,0.981132075,1.105769231,1.113043478,1.20754717,1.08490566,1.0375,2023-50,-18.6,3.2785,FALSE,-21.5275566
70,64,82824ECB020    ,2023,50,13,96,88,矢崎総業（株）,18.675,0.13,1.98,2.25,3.175,3.545,0.58,0.633297801,1,1,4,4,40,80,93.45,1.85,0.27,0.925,0.37,1.565,0,2.698275862,2.471191273,5.568942436,1.16368142,100,390,3.ギヤサブ・共通部品,97,0,0,0.310810811,0.856072766,1.2,0.916666667,1.102272727,1.2125,1.1,4.66875,2023-50,-13.45,4.66875,FALSE,-20.80875
66,60,82821ECE010    ,2023,50,22,45,48,石黒ゴム工業（株）,8.82,0.33,3.6,4,6.71,7.02,1.07,1.187959304,1,1,4,4,50,19,25.46,3.27,0.4,2.71,0.31,3.42,0.29,3.196261682,2.878886498,19.95464853,0.973423394,100,390,8.ファイナル後半,49,0,0,0.633333333,0.746268657,2.368421053,1.066666667,1.020833333,2.578947368,2.526315789,2.205,2023-50,-6.46,4.7628,FALSE,-20.0628
10,10,3040052001B    ,2023,50,2,27,23,（株）青山製作所,6.758,0.31,1.26,1.56,1.82,2.68,1.02,1.460147303,3,1,1,1.9,500,23,33.826,0.95,0.3,0.26,0.86,1.42,0.08,1.392156863,0.972504622,1.020501883,0.246414609,100,390,3.ギヤサブ・共通部品,34,0,0,0.307692308,0.679950334,1.173913043,0.851851852,1.47826087,1.47826087,1,6.758,2023-50,-10.826,7.29864,FALSE,-20.00742261
114,105,9036630A018    ,2023,50,12,101,90,（株）ジェイテクト,19.65789474,0.09,2.02,2.6,3.29,3.6,0.34,0.491898734,3,1,4,4,38,86,98.36842105,1.93,0.58,0.69,0.31,1.58,0,4.647058824,3.212043232,4.883534137,1.113079349,100,390,1.デフ・大物ギヤ・Brg,101,0,0,0.328947368,0.874264312,1.174418605,0.891089109,1.122222222,1.174418605,1.046511628,4.914473684,2023-50,-12.36842105,4.914473684,FALSE,-19.44017748
24,21,35174ECE010    ,2023,50,12,41,45,（株）浅賀井製作所,9.775,0.61,3.52,3.87,4.08,4.34,0.87,0.968534302,1,1,1,3.25,40,33,39.35,2.91,0.35,0.21,0.26,0.82,0.13,0.942528736,0.846640122,2.888521137,0.91238995,100,390,2.MGケース,50,0,0,0.388888889,0.8386277,1.242424242,1.097560976,1.111111111,1.515151515,1.363636364,9.775,2023-50,-6.35,11.04575,FALSE,-18.93514394
40,34,35505ECB010    ,2023,50,10,69,71,中庸スプリング（株）,14.83333333,0.33,1.35,1.65,2.2,2.485,0.85,0.919656073,1,1,4,8.04,24,62,74.04166667,1.02,0.3,0.55,0.285,1.135,0.1,1.335294118,1.234157021,2.982996918,1.345352367,100,390,4.TA・カバー・メイン,76,0,0,0.381818182,0.837366348,1.112903226,1.028985507,1.070422535,1.225806452,1.14516129,3.708333333,2023-50,-12.04166667,5.191666667,FALSE,-18.59287634
95,87,9031150A014    ,2023,50,4,39,39,ＮＯＫ（株）,8.892857143,0.15,1.94,2.17,2.72,3.085,0.54,0.651925383,1,1,1,2.28,84,36,44.5,1.79,0.23,0.55,0.365,1.145,0.03,2.12037037,1.75633597,1.371339015,0.373523217,100,390,8.ファイナル後半,45,0,0,0.285714286,0.808988764,1.083333333,1,1.153846154,1.25,1.083333333,8.892857143,2023-50,-8.5,9.159642857,FALSE,-18.36797619
50,44,35847ECE010    ,2023,50,15,52,45,（株）メタルテック,9.775,0.1,4.015,4.13,5.105,5.31,0.5,0.598534302,1,1,4,4,40,38,49.025,3.915,0.115,0.975,0.205,1.295,0,2.59,2.163618685,12.27621483,0.986276629,100,390,2.MGケース,51,0,0,0.416666667,0.775114737,1.368421053,0.865384615,1.133333333,1.342105263,1.184210526,2.44375,2023-50,-11.025,2.44375,FALSE,-17.53059211
1,1,01912ECB010    ,2023,50,7,26,27,石黒ゴム工業（株）,5.313333333,0.13,3.6,4,5.21,5.59,0.85,1.060982828,1,1,6,4.92,300,17,25.91333333,3.47,0.4,1.21,0.38,1.99,0.29,2.341176471,1.875619423,13.3524365,0.482636839,100,390,8.ファイナル後半,29,0,0,0.526315789,0.65603293,1.529411765,1.038461538,1.074074074,1.705882353,1.588235294,0.885555556,2023-50,-8.913333333,2.426422222,FALSE,-16.05857908
75,69,9010508A042    ,2023,50,2,22,21,（株）青山製作所,5.933333333,0.32,1.26,1.57,1.87,2.44,1.07,1.244140183,1,1,1,1.9,300,21,29.61666667,0.94,0.31,0.3,0.57,1.18,0.08,1.102803738,0.948446177,1.162340178,0.27055032,100,390,4.TA・カバー・メイン,27,0,0,0.125,0.709060214,1.047619048,0.954545455,1.285714286,1.285714286,1,5.933333333,2023-50,-8.616666667,6.408,FALSE,-15.43498413
104,95,9036324A003    ,2023,50,6,66,74,日本精工（株）,16.18181818,0.15,1.34,1.55,1.87,2.13,0.74,0.8038514,1,1,6,4.92,22,69,80.77272727,1.19,0.21,0.32,0.26,0.79,0.09,1.067567568,0.982768705,3.757971455,0.825987544,100,390,1.デフ・大物ギヤ・Brg,82,0,0,0.171428571,0.854248734,0.956521739,1.121212121,1.108108108,1.188405797,1.072463768,2.696969697,2023-50,-11.77272727,4.153333333,FALSE,-15.4142029
113,104,9036630A017    ,2023,50,9,53,48,（株）ジェイテクト,10.375,0.09,2.02,2.6,3.705,3.915,0.6,0.695936043,1,1,4,4,72,42,51.91666667,1.93,0.58,1.105,0.21,1.895,0,3.158333333,2.722951369,6.939759036,0.895321138,100,390,1.デフ・大物ギヤ・Brg,54,0,0,0.35,0.808988764,1.261904762,0.905660377,1.125,1.285714286,1.142857143,2.59375,2023-50,-9.916666667,2.59375,FALSE,-15.10763889
96,88,9031150A015    ,2023,50,4,41,39,ＮＯＫ（株）,8.892857143,0.15,1.94,2.23,2.92,3.22,0.53,0.641925383,1,1,1,3.05,84,39,44.5,1.79,0.29,0.69,0.3,1.28,0.03,2.41509434,1.994001225,1.110615301,0.382844167,100,390,8.ファイナル後半,46,0,0,0.314285714,0.876404494,1.051282051,0.951219512,1.179487179,1.179487179,1,8.892857143,2023-50,-5.5,9.159642857,FALSE,-14.94169414
123,114,9056439A005    ,2023,50,13,9,10,（株）ムロコーポレーション,2.45,2.1,2.86,3,5.39,5.97,0.93,2.107856302,3,1,2,3.92,100,1,2.45,0.76,0.14,2.39,0.58,3.11,0,3.344086022,1.475432646,21.56960345,0.567261915,100,390,,8,0,0,1.666666667,0.408163265,9,1.111111111,0.8,8,10,1.225,2023-50,-1.45,1.225,FALSE,-14.275
109,100,9036628A005    ,2023,50,5,28,26,（株）ジェイテクト,5.916666667,0.09,2.02,2.6,3.63,3.82,0.62,0.794140183,1,1,1,1.9,60,23,29.61666667,1.93,0.58,1.03,0.19,1.8,0,2.903225806,2.266602344,2.91403594,0.54785299,100,390,1.デフ・大物ギヤ・Brg,30,0,0,0.363636364,0.776589758,1.217391304,0.928571429,1.153846154,1.304347826,1.130434783,5.916666667,2023-50,-6.616666667,5.916666667,FALSE,-13.97173913
69,63,82824ECB010    ,2023,50,8,54,49,矢崎総業（株）,11.125,0.13,1.98,2.24,3.145,3.395,0.57,0.662874764,1,1,4,4,32,46,55.53125,1.85,0.26,0.905,0.25,1.415,0,2.48245614,2.134641529,5.752808989,0.880058094,100,390,2.MGケース,56,0,0,0.365853659,0.828362409,1.173913043,0.907407407,1.142857143,1.217391304,1.065217391,2.78125,2023-50,-9.53125,2.78125,FALSE,-13.9701087
51,45,35847ECE020    ,2023,50,11,34,31,（株）メタルテック,6.516666667,0.09,4.01,4.13,4.69,4.92,0.53,0.677801453,1,1,4,4,60,24,32.68333333,3.92,0.12,0.56,0.23,0.91,0,1.716981132,1.342576053,13.50383632,0.711567143,100,390,4.TA・カバー・メイン,34,0,0,0.36,0.734319225,1.416666667,0.911764706,1.096774194,1.416666667,1.291666667,1.629166667,2023-50,-8.683333333,1.629166667,FALSE,-13.93055556
67,61,82821XAE010    ,2023,50,14,40,39,石黒ゴム工業（株）,7.97,0.13,3.6,3.99,5.61,5.84,0.87,1.010646976,1,1,6,4.92,100,25,31.4,3.47,0.39,1.62,0.23,2.24,0.29,2.574712644,2.216402021,17.80324867,0.716842868,100,390,8.ファイナル後半,44,0,0,0.62962963,0.796178344,1.6,0.975,1.128205128,1.76,1.56,1.328333333,2023-50,-6.4,3.639633333,FALSE,-13.87963333
42,36,35557ECB010    ,2023,50,7,31,37,小川工業（株）,7.72826087,0.17,4.53,4.71,5.165,5.445,0.93,1.063507474,1,1,6,4.92,46,28,38.63043478,4.36,0.18,0.455,0.28,0.915,0.05,0.983870968,0.860360668,9.180066142,0.644892476,100,390,4.TA・カバー・メイン,39,0,0,0.56,0.724817107,1.107142857,1.193548387,1.054054054,1.392857143,1.321428571,1.288043478,2023-50,-10.63043478,1.674456522,FALSE,-13.44386646
60,54,82125ECE010    ,2023,50,5,21,18,矢崎総業（株）,3.91,0.135,2.975,3.225,3.925,4.195,0.62,0.866335756,1,1,1,1.9,100,14,19.61,2.84,0.25,0.7,0.27,1.22,0,1.967741935,1.408229999,4.409559926,0.587194928,100,390,4.TA・カバー・メイン,20,0,0,0.428571429,0.713921469,1.5,0.857142857,1.111111111,1.428571429,1.285714286,3.91,2023-50,-5.61,3.91,FALSE,-12.325
118,109,9036658A002    ,2023,50,7,48,45,（株）ジェイテクト,9.888888889,0.09,2.02,2.32,3.27,3.61,0.59,0.69448411,1,1,4,4,36,41,49.36111111,1.93,0.3,0.95,0.34,1.59,0,2.694915254,2.28946923,5.662921348,0.81116271,100,390,1.デフ・大物ギヤ・Brg,50,0,0,0.428571429,0.830613393,1.170731707,0.9375,1.111111111,1.219512195,1.097560976,2.472222222,2023-50,-8.361111111,2.472222222,FALSE,-12.26084011
71,65,82824ECE010    ,2023,50,10,44,40,住友電装（株）,8.688888889,1.45,5.41,5.39,6.24,6.46,0.36,0.47085109,1,1,6,5.76,45,35,43.57777778,3.96,-0.02,0.85,0.22,1.05,0,2.916666667,2.230004395,10.21504563,0.826607625,100,390,2.MGケース,45,0,0,0.730769231,0.803161652,1.257142857,0.909090909,1.125,1.285714286,1.142857143,1.448148148,2023-50,-8.577777778,1.448148148,FALSE,-12.23164021
41,35,35556ECB010    ,2023,50,3,17,18,（株）ギフ加藤製作所,3.55,0.18,3.015,3.395,4.205,4.815,0.79,1.080233638,1,1,1,1.9,100,12,17.77,2.835,0.38,0.81,0.61,1.8,0.12,2.278481013,1.666306192,2.91403594,0.451702743,100,390,4.TA・カバー・メイン,17,0,0,0.307692308,0.675295442,1.416666667,1.058823529,0.944444444,1.416666667,1.5,3.55,2023-50,-5.77,3.976,FALSE,-12.15016667
25,22,35174ECE020    ,2023,50,7,20,21,（株）浅賀井製作所,4.344444444,0.62,3.72,3.9,4.1,4.36,0.63,1.29510654,3,1,1,2.28,90,13,17.48888889,3.1,0.18,0.2,0.26,0.64,0.13,1.015873016,0.494167839,4.912357308,0.73886239,100,390,2.MGケース,22,0,0,0.466666667,0.743329098,1.538461538,1.05,1.047619048,1.692307692,1.615384615,4.344444444,2023-50,-4.488888889,4.909222222,FALSE,-11.81520513
44,38,35595ECB010    ,2023,50,7,45,40,サトープレス工業（株）,8.9,0.12,1.94,2.25,3.7,3.93,0.61,0.726093455,1,1,4,4,40,37,44.425,1.82,0.31,1.45,0.23,1.99,0,3.262295082,2.740694033,6.292134831,0.781063902,100,390,4.TA・カバー・メイン,45,0,0,0.5,0.832864378,1.216216216,0.888888889,1.125,1.216216216,1.081081081,2.225,2023-50,-7.425,2.225,FALSE,-11.25540541
58,52,5040056001E    ,2023,50,6,27,29,サトープレス工業（株）,5.925,0.12,1.94,2.255,3.535,3.77,0.58,1.102420549,3,1,4,4,300,22,29.61666667,1.82,0.315,1.28,0.235,1.83,0,3.155172414,1.659983572,8.101265823,0.607363319,100,390,3.ギヤサブ・共通部品,32,0,0,0.882352941,0.742824986,1.227272727,1.074074074,1.103448276,1.454545455,1.318181818,1.48125,2023-50,-7.616666667,1.48125,FALSE,-10.82897727
88,80,9025006A007    ,2023,50,2,16,11,（株）ギフ加藤製作所,3.55,0.195,3.97,4.33,4.565,5.015,0.76,1.050233638,1,1,1,1.9,200,10,14.16,3.775,0.36,0.235,0.45,1.045,0.12,1.375,0.995016692,1.942690627,0.352721827,100,390,2.MGケース,13,0,0,0.181818182,0.706214689,1.6,0.6875,1.181818182,1.3,1.1,3.55,2023-50,-4.16,3.976,FALSE,-10.632
52,46,35882ECB010    ,2023,50,6,39,35,（株）メタルテック,7.12,0.09,4.01,4.13,4.7,4.87,0.54,0.685116819,1,1,4,4,50,29,35.54,3.92,0.12,0.57,0.17,0.86,0,1.592592593,1.255260382,6.741573034,0.675860393,100,390,2.MGケース,36,0,0,0.714285714,0.815981992,1.344827586,0.897435897,1.028571429,1.24137931,1.206896552,1.78,2023-50,-6.54,1.78,FALSE,-10.57517241
140,128,9161140614,2023,50,6,19,22,（株）青山製作所,4.7808,0.32,1.26,1.69,3.53,3.89,1.06,1.684583611,3,1,1,2.28,2500,15,19.136,0.94,0.43,1.84,0.36,2.63,0.08,2.481132075,1.561216661,3.826280733,0.678263408,100,390,3.ギヤサブ・共通部品,22,0,0,0.157894737,0.783862876,1.266666667,1.157894737,1,1.466666667,1.466666667,4.7808,2023-50,-4.136,5.163264,FALSE,-10.40219733
148,136,G1174ECE010    ,2023,50,11,31,36,住友電装（株）,7.82,3.08,4.36,5.03,6.42,6.77,0.91,1.033167878,1,1,4,6.88,50,25,31.48,1.28,0.67,1.39,0.35,2.41,0,2.648351648,2.332631561,7.140353383,1.159560429,100,390,4.TA・カバー・メイン,41,0,0,0.28125,0.794155019,1.24,1.161290323,1.138888889,1.64,1.44,1.955,2023-50,-6.48,1.955,FALSE,-9.9902
111,102,9036628A007    ,2023,50,7,28,25,（株）ジェイテクト,5.430555556,0.09,4.01,4.27,4.76,5.13,0.57,0.747361744,1,1,1,1.9,72,19,21.86111111,3.92,0.26,0.49,0.37,1.12,0,1.964912281,1.498604938,4.444836405,0.689864528,100,390,1.デフ・大物ギヤ・Brg,28,0,0,0.473684211,0.869123253,1.473684211,0.892857143,1.12,1.473684211,1.315789474,5.430555556,2023-50,-2.861111111,5.430555556,FALSE,-9.646929825
19,16,35145ECB010    ,2023,50,6,18,17,三共鋼業（株）,3.56,0.1,2.855,3.185,4.27,4.555,0.62,1.490700914,3,1,4,4,100,12,17.77,2.755,0.33,1.085,0.285,1.7,0,2.741935484,1.140403138,13.48314607,0.412338655,100,390,2.MGケース,19,0,0,1.375,0.675295442,1.5,0.944444444,1.117647059,1.583333333,1.416666667,0.89,2023-50,-5.77,0.89,FALSE,-9.545
117,108,9036658A001    ,2023,50,4,38,33,（株）ジェイテクト,7.911111111,0.09,2.02,2.32,3.13,3.35,0.57,0.700605137,1,1,4,4,45,33,39.48888889,1.93,0.3,0.81,0.22,1.33,0,2.333333333,1.898358904,4.04494382,0.623220204,100,390,1.デフ・大物ギヤ・Brg,40,0,0,0.333333333,0.835678109,1.151515152,0.868421053,1.212121212,1.212121212,1,1.977777778,2023-50,-6.488888889,1.977777778,FALSE,-9.44983165
61,55,82821CWA030    ,2023,50,7,19,19,石黒ゴム工業（株）,3.985,0.13,3.6,4.01,5.57,5.95,0.83,1.111310438,1,1,24,19.68,200,11,15.695,3.47,0.41,1.56,0.38,2.35,0.29,2.831325301,2.11462065,20.38592497,0.337329619,100,390,8.ファイナル後半,22,0,0,0.833333333,0.700860147,1.727272727,1,1.157894737,2,1.727272727,0.166041667,2023-50,-4.695,1.321691667,FALSE,-9.431237121
48,42,35847ECB010    ,2023,50,5,27,25,（株）メタルテック,4.45,0.09,4.01,4.13,4.7,5.33,0.55,0.78218691,1,1,4,4,80,17,22.2125,3.92,0.12,0.57,0.63,1.32,0,2.4,1.687576182,8.988764045,0.484319477,100,390,2.MGケース,22,0,0,0.375,0.765334834,1.588235294,0.925925926,0.88,1.294117647,1.470588235,1.1125,2023-50,-5.2125,1.1125,FALSE,-9.391176471
137,125,9094906A012    ,2023,50,3,24,24,中庸スプリング（株）,5.194,0.17,1.355,1.65,2.125,2.815,0.63,1.20780089,3,1,4,8.04,500,20,25.982,1.185,0.295,0.475,0.69,1.46,0.1,2.317460317,1.208808515,2.555705869,0.729233992,100,390,4.TA・カバー・メイン,28,0,0,0.75,0.769763683,1.2,1,1.166666667,1.4,1.2,1.2985,2023-50,-5.982,1.8179,FALSE,-8.9963
82,75,9015906A022    ,2023,50,2,30,23,（株）青山製作所,7.47,0.32,1.26,1.57,1.785,2.71,1.01,1.409733511,3,1,8,9,1500,30,37.38,0.94,0.31,0.215,0.925,1.45,0.08,1.435643564,1.028563192,2.141900937,0.57985285,100,390,8.ファイナル後半,36,0,0,0.058823529,0.802568218,1,0.766666667,1.565217391,1.2,0.766666667,0.93375,2023-50,-7.38,1.53135,FALSE,-8.91135
141,129,9167180618,2023,50,4,8,11,（株）青山製作所,2.241,0.32,1.26,1.57,4.45,4.57,1.07,2.402445037,3,1,1,2.28,1000,5,8.97,0.94,0.31,2.88,0.12,3.31,0.08,3.093457944,1.37776305,5.441821486,0.513157915,100,390,4.TA・カバー・メイン,11,0,0,0.833333333,0.557413601,1.6,1.375,1,2.2,2.2,2.241,2023-50,-3.97,2.42028,FALSE,-8.77228
89,81,9030106A018    ,2023,50,6,8,10,ＮＯＫ（株）,2.028,0.33,3.85,4.08,4.65,5.1,0.56,2.046749346,3,1,8,9,2000,3,6.0775,3.52,0.23,0.57,0.45,1.25,0.03,2.232142857,0.610724514,23.66863905,0.249755042,100,390,4.TA・カバー・メイン,10,0,0,1,0.493624023,2.666666667,1.25,1,3.333333333,3.333333333,0.2535,2023-50,-3.0775,0.31434,FALSE,-8.521006667
112,103,9036628A008    ,2023,50,5,20,18,（株）ジェイテクト,3.91,0.09,4.01,4.27,4.92,5.65,0.58,0.826335756,1,1,1,1.78,100,13,15.74,3.92,0.26,0.65,0.73,1.64,0,2.827586207,1.984665421,4.599900642,0.574356104,100,390,1.デフ・大物ギヤ・Brg,20,0,0,0.428571429,0.82592122,1.538461538,0.9,1.111111111,1.538461538,1.384615385,3.91,2023-50,-2.74,3.91,FALSE,-8.125384615
151,139,G1250ECE010    ,2023,50,11,29,30,（株）バルカー,6.516666667,0.36,5.21,5.45,6.23,6.54,0.88,1.027801453,1,1,2,3.52,60,24,26.23333333,4.85,0.24,0.78,0.31,1.33,0.24,1.511363636,1.294024245,7.468936016,0.995195676,100,390,2.MGケース,33,0,0,0.269230769,0.914866582,1.208333333,1.034482759,1.1,1.375,1.25,3.258333333,2023-50,-2.233333333,4.822333333,FALSE,-7.520944444
28,24,35195TFG010    ,2023,50,4,11,9,三共鋼業（株）,1.955,0.1,2.855,3.185,4.235,4.785,0.62,1.112671511,1,1,4,4,400,6,9.805,2.755,0.33,1.05,0.55,1.93,0,3.112903226,1.734564047,16.36828645,0.23592158,100,390,2.MGケース,10,0,0,0.666666667,0.611932687,1.833333333,0.818181818,1.111111111,1.666666667,1.5,0.48875,2023-50,-3.805,0.48875,FALSE,-7.464583333
126,117,9056450A003    ,2023,50,13,5,6,（株）ムロコーポレーション,2.24,2.1,2.86,3,5.91,6.38,0.93,2.318246182,3,1,2,3.92,100,1,2.24,0.76,0.14,2.91,0.47,3.52,0,3.784946237,1.518389215,23.59175377,0.523691949,100,390,,1,0,0,0,0.446428571,5,1.2,0.166666667,1,6,1.12,2023-50,-1.24,1.12,FALSE,-7.32
144,132,G1163ECB010    ,2023,50,3,21,26,（株）青山製作所,5.30625,0.315,1.235,1.57,2.09,2.59,1.04,1.230340233,1,1,1,2.28,80,20,21.4875,0.92,0.335,0.52,0.5,1.355,0.08,1.302884615,1.101321377,1.723692149,0.411226221,100,390,2.MGケース,28,0,0,0.473684211,0.930773706,1.05,1.238095238,1.076923077,1.4,1.3,5.30625,2023-50,-1.4875,5.73075,FALSE,-7.292625
31,27,35312ECB010    ,2023,50,5,22,26,（株）旭工業所,5.650793651,0.68,4.02,4.25,4.36,4.58,0.59,0.772847192,1,1,1,3.05,63,21,22.47619048,3.34,0.23,0.11,0.22,0.56,0,0.949152542,0.724593433,2.184769039,0.615907483,100,390,2.MGケース,29,0,0,0.705882353,0.934322034,1.047619048,1.181818182,1.115384615,1.380952381,1.238095238,5.650793651,2023-50,-1.476190476,5.650793651,FALSE,-7.197278912
49,43,35847ECB020    ,2023,50,4,26,24,（株）メタルテック,5.085714286,0.09,4.01,4.13,4.41,4.76,0.5,0.703163547,1,1,4,4,70,21,25.38571429,3.92,0.12,0.28,0.35,0.75,0,1.5,1.066608193,6.292134831,0.51164968,100,390,4.TA・カバー・メイン,26,0,0,0.529411765,0.827236916,1.238095238,0.923076923,1.083333333,1.238095238,1.142857143,1.271428571,2023-50,-4.385714286,1.271428571,FALSE,-6.701360544
21,18,35145ECE020    ,2023,50,4,18,18,（株）浅賀井製作所,3.91,0.675,2.72,3.05,4.12,4.515,0.65,0.896335756,1,1,1,2.28,100,14,15.74,2.045,0.33,1.07,0.395,1.795,0.13,2.761538462,2.002597786,3.118957021,0.553674828,100,390,2.MGケース,20,0,0,0.428571429,0.889453621,1.285714286,1,1.111111111,1.428571429,1.285714286,3.91,2023-50,-1.74,4.4183,FALSE,-6.655442857
108,99,9036345A004    ,2023,50,9,34,37,岡谷鋼機（株）,8.3,0.14,4.4,4.68,5.14,5.47,0.68,0.799920053,1,1,6,4.92,90,29,33.22222222,4.26,0.28,0.46,0.33,1.07,0,1.573529412,1.337633674,10.98990557,0.703771651,100,390,4.TA・カバー・メイン,42,0,0,0.68,0.872909699,1.172413793,1.088235294,1.135135135,1.448275862,1.275862069,1.383333333,2023-50,-4.222222222,1.383333333,FALSE,-6.333524904
85,78,9020156A001    ,2023,50,3,13,15,（株）ムロコーポレーション,3.56,0.1,0.855,0.995,1.87,2.195,0.75,1.040233638,1,1,1,1.78,100,12,14.21,0.755,0.14,0.875,0.325,1.34,0,1.786666667,1.288172148,3.031282839,0.443178409,100,390,3.ギヤサブ・共通部品,18,0,0,0.384615385,0.844475721,1.083333333,1.153846154,1.2,1.5,1.25,3.56,2023-50,-2.21,3.56,FALSE,-5.954166667
138,126,9155180614,2023,50,3,11,11,（株）青山製作所,2.466666667,0.32,1.26,1.44,2.16,2.48,1.08,2.299148763,3,1,2,1.06,1500,7,9.876,0.94,0.18,0.72,0.32,1.22,0.08,1.12962963,0.530631171,11.80792443,0.227884025,100,390,3.ギヤサブ・共通部品,12,0,0,0.5,0.708788983,1.571428571,1,1.090909091,1.714285714,1.571428571,1.233333333,2023-50,-2.876,1.430666667,FALSE,-5.950095238
13,13,34989ECB020    ,2023,50,6,7,8,（株）槌屋,1.594,0.26,4.5,4.84,6.18,7.31,0.81,1.51323488,1,1,1,1.9,500,1,1.594,4.24,0.34,1.34,1.13,2.81,0,3.469135802,1.856949001,12.97970839,0.409461051,100,390,8.ファイナル後半,6,0,0,0,0.627352572,7,1.142857143,0.75,6,8,1.594,2023-50,-0.594,1.594,FALSE,-5.752
81,74,9015906A021    ,2023,50,4,23,24,（株）青山製作所,5.276666667,0.31,1.245,1.54,2.535,2.85,1.02,1.58709435,3,1,8,9,1200,22,26.39416667,0.935,0.295,0.995,0.315,1.605,0.08,1.573529412,1.011282032,6.064434618,0.572422027,100,390,7.ファイナル前半,27,0,0,0.173913043,0.833517507,1.045454545,1.043478261,1.125,1.227272727,1.090909091,0.659583333,2023-50,-4.394166667,1.081716667,FALSE,-5.675618182
63,57,82821ECB020    ,2023,50,8,22,19,石黒ゴム工業（株）,3.985,0.11,3.76,4.095,6.27,6.66,0.87,1.151293952,1,1,6,4.92,200,10,11.705,3.65,0.335,2.175,0.39,2.9,0.29,3.333333333,2.51890492,20.34656991,0.377180814,100,390,8.ファイナル後半,21,0,0,0.909090909,0.854335754,2.2,0.863636364,1.105263158,2.1,1.9,0.664166667,2023-50,-1.705,1.819816667,FALSE,-5.570816667
150,138,G1250ECC010    ,2023,50,4,16,16,（株）バルカー,3.5,0.1,5.03,5.35,6.06,6.395,0.87,1.163470286,1,1,2,6.2,60,12,14.05,4.93,0.32,0.71,0.335,1.365,0.24,1.568965517,1.173214319,3.174603175,0.784374757,100,390,2.MGケース,18,0,0,0.8,0.854092527,1.333333333,1,1.125,1.5,1.333333333,1.75,2023-50,-2.05,2.59,FALSE,-5.323333333
110,101,9036628A006    ,2023,50,3,21,17,（株）ジェイテクト,4.4375,0.09,2.02,2.6,3.27,3.92,0.62,0.85218691,1,1,1,1.9,80,17,17.7,1.93,0.58,0.67,0.65,1.9,0,3.064516129,2.229557831,2.331228752,0.429147482,100,390,1.デフ・大物ギヤ・Brg,23,0,0,0.4375,0.960451977,1.235294118,0.80952381,1.352941176,1.352941176,1,4.4375,2023-50,-0.7,4.4375,FALSE,-5.302205882
94,86,9030119A011    ,2023,50,4,15,16,ＮＯＫ（株）,3.55,0.15,1.94,2.17,3.59,3.67,0.54,0.830233638,1,1,1,2.28,200,13,14.16,1.79,0.23,1.42,0.08,1.73,0.03,3.203703704,2.083750791,3.43524562,0.558445073,100,390,7.ファイナル前半,18,0,0,0.5,0.918079096,1.153846154,1.066666667,1.125,1.384615385,1.230769231,3.55,2023-50,-1.16,3.6565,FALSE,-4.994961538
102,93,9034118090,2023,50,5,10,11,（株）杉浦製作所,2.49,0.4,0.92,1.17,3.98,4.11,0.58,1.779200533,3,1,6,5.76,300,7,9.966666667,0.52,0.25,2.81,0.13,3.19,0.12,5.5,1.79294011,17.82277037,0.272297483,100,390,4.TA・カバー・メイン,13,0,0,1.6,0.702341137,1.428571429,1.1,1.181818182,1.857142857,1.571428571,0.415,2023-50,-2.966666667,0.7138,FALSE,-4.951895238
86,79,9020156A002    ,2023,50,3,14,16,（株）ムロコーポレーション,3.9,0.1,0.86,1,1.75,2.2,0.73,0.976335756,1,1,2,5.82,100,13,15.7,0.76,0.14,0.75,0.45,1.34,0,1.835616438,1.372478671,2.255808707,0.681692889,100,390,3.ギヤサブ・共通部品,20,0,0,0.666666667,0.828025478,1.076923077,1.142857143,1.25,1.538461538,1.230769231,1.95,2023-50,-2.7,1.95,FALSE,-4.857692308
121,112,9050827A011    ,2023,50,2,7,8,（株）東郷製作所,1.775,0.08,1.47,1.66,2.14,2.66,0.82,1.400467276,1,1,1,1.79,200,5,7.08,1.39,0.19,0.48,0.52,1.19,0.08,1.451219512,0.849716391,4.038568328,0.338849904,100,390,4.TA・カバー・メイン,9,0,0,0.8,0.706214689,1.4,1.142857143,1.125,1.8,1.6,1.775,2023-50,-2.08,1.917,FALSE,-4.829
90,82,9030111A014    ,2023,50,4,17,17,ＮＯＫ（株）,3.735,0.24,3.85,4.08,4.65,5.06,0.56,1.359467022,3,1,8,9,1000,12,14.95,3.61,0.23,0.57,0.41,1.21,0.03,2.160714286,0.890054691,8.567603748,0.433781669,100,390,2.MGケース,18,0,0,0.5,0.802675585,1.416666667,1,1.058823529,1.5,1.416666667,0.466875,2023-50,-2.95,0.578925,FALSE,-4.758091667
115,106,9036652A003    ,2023,50,8,33,30,（株）ジェイテクト,6.516666667,0.09,4.01,4.27,4.74,5.01,0.57,0.717801453,1,1,4,4,60,24,26.23333333,3.92,0.26,0.47,0.27,1,0,1.754385965,1.393142902,9.820971867,0.679349449,100,390,1.デフ・大物ギヤ・Brg,34,0,0,0.36,0.914866582,1.375,0.909090909,1.133333333,1.416666667,1.25,1.629166667,2023-50,-2.233333333,1.629166667,FALSE,-4.7
84,77,9020150A002    ,2023,50,4,14,17,（株）ムロコーポレーション,3.55,0.1,0.86,0.99,1.78,2.22,0.73,1.020233638,1,1,6,4.92,100,11,14.21,0.76,0.13,0.79,0.44,1.36,0,1.863013699,1.333027994,11.41987057,0.328163736,100,390,3.ギヤサブ・共通部品,19,0,0,1.714285714,0.774102745,1.272727273,1.214285714,1.117647059,1.727272727,1.545454545,0.591666667,2023-50,-3.21,0.591666667,FALSE,-4.677121212
78,71,9011906A065    ,2023,50,2,8,9,（株）青山製作所,2.241,0.32,1.26,1.57,2.86,3.44,1.07,1.514148346,1,1,1,1.79,1000,7,8.97,0.94,0.31,1.29,0.58,2.18,0.08,2.037383178,1.439753249,3.198776788,0.360241786,100,390,2.MGケース,11,0,0,0.222222222,0.780379041,1.142857143,1.125,1.222222222,1.571428571,1.285714286,2.241,2023-50,-1.97,2.42028,FALSE,-4.671708571
64,58,82821ECB040    ,2023,50,3,15,16,石黒ゴム工業（株）,3.555,0.1,2.765,3.275,4.055,4.405,0.83,1.178280366,1,1,6,4.92,100,12,14.16,2.665,0.51,0.78,0.35,1.64,0.29,1.975903614,1.391858888,8.552856654,0.321781152,100,390,8.ファイナル後半,18,0,0,0.384615385,0.847457627,1.25,1.066666667,1.125,1.5,1.333333333,0.5925,2023-50,-2.16,1.62345,FALSE,-4.32345
98,90,9034108A006    ,2023,50,2,15,15,（株）杉浦製作所,3.344,0.265,0.91,1.125,1.625,2.035,0.53,1.426445593,3,1,6,5.76,1000,14,16.729,0.645,0.215,0.5,0.41,1.125,0.12,2.122641509,0.788673613,5.308456725,0.331510574,100,390,2.MGケース,18,0,0,0.285714286,0.836870106,1.071428571,1,1.2,1.285714286,1.071428571,0.557333333,2023-50,-2.729,0.958613333,FALSE,-3.882541905
53,47,36108ECB010    ,2023,50,3,10,10,（株）オーハシテクニカ,2.373333333,0.74,4.02,4.28,5.52,6.06,0.64,1.075350457,1,1,6,4.92,150,7,9.44,3.28,0.26,1.24,0.54,2.04,0,3.1875,1.897055966,12.81126632,0.225132459,100,390,2.MGケース,12,0,0,1.4,0.741525424,1.428571429,1,1.2,1.714285714,1.428571429,0.395555556,2023-50,-2.44,0.395555556,FALSE,-3.881269841
6,6,1040183011P    ,2023,50,1,8,2,（株）青山製作所,2.136,0.3,1.18,1.57,1.76,2.36,1.04,1.52372273,1,1,1,0.73,500,9,10.662,0.88,0.39,0.19,0.6,1.18,0.08,1.134615385,0.77441911,2.706154879,0.202062865,100,390,8.ファイナル後半,11,0,0,0.571428571,0.844119302,0.888888889,0.25,5.5,1.222222222,0.222222222,2.136,2023-50,-1.662,2.30688,FALSE,-3.784213333
149,137,G1250ECB010    ,2023,50,3,12,11,（株）バルカー,2.4,0.1,5.03,5.42,6.25,6.87,0.87,1.298265525,1,1,1,3.05,60,9,9.55,4.93,0.39,0.83,0.62,1.84,0.24,2.114942529,1.417275561,3.086419753,0.535100854,100,390,2.MGケース,12,0,0,1,0.942408377,1.333333333,0.916666667,1.090909091,1.333333333,1.222222222,2.4,2023-50,-0.55,2.976,FALSE,-3.709333333
80,73,9015905A007    ,2023,50,3,10,10,（株）青山製作所,2.241,0.345,3.185,3.355,4.74,5.355,1.03,2.362533813,3,1,1,0.73,2000,6,6.726,2.84,0.17,1.385,0.615,2.17,0.08,2.106796117,0.918505373,7.73808142,0.297290747,100,390,7.ファイナル前半,11,0,0,0.571428571,0.89206066,1.666666667,1,1.1,1.833333333,1.666666667,2.241,2023-50,-0.726,2.42028,FALSE,-3.63028
147,135,G1174ECB010    ,2023,50,5,27,30,住友電装（株）,7.11,1.17,4.36,4.87,5.5,5.865,0.89,1.035116819,1,1,6,5.76,50,26,28.32,3.19,0.51,0.63,0.365,1.505,0,1.691011236,1.453942176,6.241729708,0.642489388,100,390,4.TA・カバー・メイン,36,0,0,0.24137931,0.918079096,1.038461538,1.111111111,1.2,1.384615385,1.153846154,1.185,2023-50,-2.32,1.185,FALSE,-3.594230769
20,17,35145ECE010    ,2023,50,6,21,18,三共鋼業（株）,3.91,0.1,3.85,4.14,4.765,5.01,0.65,0.896335756,1,1,4,4,100,14,15.74,3.75,0.29,0.625,0.245,1.16,0,1.784615385,1.294157901,12.27621483,0.446122697,100,390,2.MGケース,20,0,0,0.666666667,0.889453621,1.5,0.857142857,1.111111111,1.428571429,1.285714286,0.9775,2023-50,-1.74,0.9775,FALSE,-3.5875
36,31,35441TFA010    ,2023,50,4,14,16,（株）ニフコ,3.555,0.09,3.23,3.62,4.87,5.025,0.71,1.000233638,1,1,4,4,100,12,14.16,3.14,0.39,1.25,0.155,1.795,0,2.528169014,1.794580718,9.00140647,0.397302062,100,390,2.MGケース,18,0,0,0.8,0.847457627,1.166666667,1.142857143,1.125,1.5,1.333333333,0.88875,2023-50,-2.16,0.88875,FALSE,-3.40875
39,33,35501ECB010    ,2023,50,4,15,17,大橋鉄工（株）,3.555,0.13,2.455,2.72,3.54,3.68,0.64,0.930233638,1,1,6,4.92,100,12,14.16,2.325,0.265,0.82,0.14,1.225,0,1.9140625,1.316873471,11.40380887,0.328567493,100,390,4.TA・カバー・メイン,18,0,0,0.5,0.847457627,1.25,1.133333333,1.058823529,1.5,1.416666667,0.5925,2023-50,-2.16,0.5925,FALSE,-3.2925
103,94,9034118A024    ,2023,50,7,7,9,（株）青山製作所,1.955,0.32,3.16,3.45,6.12,6.42,1.06,2.538014534,3,1,2,2.34,200,3,3.905,2.84,0.29,2.67,0.3,3.26,0.08,3.075471698,1.28446861,21.44049497,0.310893555,100,390,2.MGケース,9,0,0,0.8,0.768245839,2.333333333,1.285714286,1,3,3,0.9775,2023-50,-0.905,1.1339,FALSE,-3.245566667
4,4,1040043104R    ,2023,50,1,8,3,（株）ギフ加藤製作所,1.494,0.24,3.98,4.38,4.74,6.18,0.75,2.748667555,3,1,1,1.9,1000,5,5.98,3.74,0.4,0.36,1.44,2.2,0.12,2.933333333,0.800387808,2.308082906,0.257945834,100,390,2.MGケース,8,0,0,1.666666667,0.836120401,1.6,0.375,2.666666667,1.6,0.6,1.494,2023-50,-0.98,1.67328,FALSE,-3.24128
45,39,3559850A010    ,2023,50,3,15,17,アイコー（株）,3.55,0.49,4.14,4.52,4.92,5.22,0.94,1.230233638,1,1,6,5.76,100,13,14.16,3.65,0.38,0.4,0.3,1.08,0.32,1.14893617,0.877882027,7.500625052,0.362766089,100,390,4.TA・カバー・メイン,18,0,0,0.8,0.918079096,1.153846154,1.133333333,1.058823529,1.384615385,1.307692308,0.591666667,2023-50,-1.16,1.727666667,FALSE,-3.066128205
116,107,9036652A004    ,2023,50,8,33,28,（株）ジェイテクト,6.206349206,0.09,4.01,4.27,4.79,4.985,0.57,0.725191526,1,1,4,4,63,24,24.98412698,3.92,0.26,0.52,0.195,0.975,0,1.710526316,1.344472412,10.31202046,0.6571422,100,390,1.デフ・大物ギヤ・Brg,32,0,0,0.454545455,0.960609911,1.375,0.848484848,1.142857143,1.333333333,1.166666667,1.551587302,2023-50,-0.984126984,1.551587302,FALSE,-2.904761905
83,76,9015906A023    ,2023,50,3,8,8,（株）青山製作所,1.723846154,0.305,1.215,1.38,2,2.92,1.02,2.752293957,3,1,8,9,1300,4,5.173846154,0.91,0.165,0.62,0.92,1.705,0.08,1.671568627,0.619483248,13.92235609,0.210910704,100,390,7.ファイナル前半,8,0,0,0.333333333,0.773119239,2,1,1,2,2,0.215480769,2023-50,-1.173846154,0.353388462,FALSE,-2.701080769
29,25,35198ECE010    ,2023,50,5,11,9,サトープレス工業（株）,1.955,0.12,3.94,4.16,4.98,5.17,0.58,1.072671511,1,1,4,4,200,5,5.91,3.82,0.22,0.82,0.19,1.23,0,2.120689655,1.146669775,20.46035806,0.23756515,100,390,2.MGケース,10,0,0,1.5,0.846023689,2.2,0.818181818,1.111111111,2,1.8,0.48875,2023-50,-0.91,0.48875,FALSE,-2.49075
62,56,82821ECB010    ,2023,50,3,9,9,石黒ゴム工業（株）,1.9925,0.11,3.6,4.01,5.8,6.47,0.83,1.392587904,1,1,6,4.92,400,5,5.8525,3.49,0.41,1.79,0.67,2.87,0.29,3.457831325,2.060911193,15.25992743,0.191184657,100,390,8.ファイナル後半,10,0,0,0.666666667,0.854335754,1.8,1,1.111111111,2,1.8,0.332083333,2023-50,-0.8525,0.909908333,FALSE,-2.444408333
139,127,9155180640,2023,50,4,6,7,（株）青山製作所,1.494,0.35,2.21,2.435,4,4.9,1.08,3.078667555,3,1,1,0.73,1000,4,4.482,1.86,0.225,1.565,0.9,2.69,0.08,2.490740741,0.87375462,15.47616284,0.234674813,100,390,3.ギヤサブ・共通部品,8,0,0,1.666666667,0.892458724,1.5,1.166666667,1.142857143,2,1.75,1.494,2023-50,-0.482,1.61352,FALSE,-2.33652
79,72,9014908A008    ,2023,50,1,12,6,（株）青山製作所,2.80125,0.315,1.25,1.535,1.795,2.575,1.02,1.375318676,1,1,1,0.73,800,12,11.2125,0.935,0.285,0.26,0.78,1.325,0.08,1.299019608,0.963413079,2.063488379,0.199808149,100,390,7.ファイナル前半,15,0,0,0.153846154,1.070234114,1,0.5,2.5,1.25,0.5,2.80125,2023-50,0.7875,3.02535,FALSE,-2.23785
9,9,2030052002N    ,2023,50,3,12,12,（株）杉浦製作所,2.49,0.13,0.91,1.13,2.17,2.38,0.54,1.739200533,3,1,6,5.76,300,9,9.966666667,0.78,0.22,1.04,0.21,1.47,0.12,2.722222222,0.845215932,10.69366222,0.267066383,100,390,2.MGケース,13,0,0,0.625,0.903010033,1.333333333,1,1.083333333,1.444444444,1.333333333,0.415,2023-50,-0.966666667,0.7138,FALSE,-2.002688889
59,53,82125ECB010    ,2023,50,4,18,17,矢崎総業（株）,3.555,0.135,2.975,3.22,4.37,4.62,0.58,0.870233638,1,1,2,5.82,100,14,14.16,2.84,0.245,1.15,0.25,1.645,0,2.836206897,1.890296959,3.299635803,0.76119637,100,390,2.MGケース,19,0,0,1.111111111,0.988700565,1.285714286,0.944444444,1.117647059,1.357142857,1.214285714,1.7775,2023-50,-0.16,1.7775,FALSE,-1.983214286
5,5,1040052001Z    ,2023,50,2,9,10,（株）青山製作所,1.96,0.32,1.205,1.445,2.95,3.375,1.07,2.548014534,3,1,1,0.73,200,4,3.915,0.885,0.24,1.505,0.425,2.17,0.08,2.028037383,0.851643494,5.898313082,0.251372712,100,390,2.MGケース,9,0,0,0.8,1.021711367,2.25,1.111111111,0.9,2.25,2.5,1.96,2023-50,0.085,2.1168,FALSE,-1.92555
22,19,35165ECE010    ,2023,50,4,9,9,（株）松尾製作所,1.955,0.07,3.31,3.66,4.41,5.67,0.63,1.122671511,1,1,24,19.68,200,5,5.865,3.24,0.35,0.75,1.26,2.36,0,3.746031746,2.102128696,23.74509639,0.167193991,100,390,2.MGケース,10,0,0,2.333333333,0.852514919,1.8,1,1.111111111,2,1.8,0.081458333,2023-50,-0.865,0.081458333,FALSE,-1.638458333
136,124,9093003179,2023,50,1,7,5,（株）青山製作所,1.594,0.34,2.225,2.49,2.995,4.185,1,1.70323488,1,1,24,19.68,500,4,4.682,1.885,0.265,0.505,1.19,1.96,0.08,1.96,1.150751445,7.280687491,0.134647417,100,390,7.ファイナル前半,8,0,0,0.333333333,0.854335754,1.75,0.714285714,1.6,2,1.25,0.066416667,2023-50,-0.682,0.193936667,FALSE,-1.387436667
92,84,9030117A010    ,2023,50,3,5,5,ＮＯＫ（株）,1.1035,0.145,3.945,4.095,6.615,7.16,0.58,3.319600931,3,1,2,3.52,1000,2,2.207,3.8,0.15,2.52,0.545,3.215,0.03,5.543103448,0.968489908,12.02930338,0.237412613,100,390,3.ギヤサブ・共通部品,5,0,0,1.5,0.906207522,2.5,1,1,2.5,2.5,0.55175,2023-50,-0.207,0.584855,FALSE,-1.102355
73,67,9010506A089    ,2023,50,4,5,5,（株）青山製作所,0.996,0.29,3.21,3.55,5.02,5.64,1,3.998001332,3,1,1,1.9,1500,1,0.996,2.92,0.34,1.47,0.62,2.43,0.08,2.43,0.607803699,13.84849744,0.268559159,100,390,2.MGケース,3,0,0,0,1.004016064,5,1,0.6,3,5,0.996,2023-50,0.004,1.07568,FALSE,-1.05568
34,29,35409ECB010    ,2023,50,3,6,8,サンコール（株）,1.78,0.12,4.39,4.64,6.01,6.39,0.7,1.280467276,1,1,4,4,200,5,5.34,4.27,0.25,1.37,0.38,2,0,2.857142857,1.561929803,13.48314607,0.214023596,100,390,4.TA・カバー・メイン,9,0,0,0.8,0.936329588,1.2,1.333333333,1.125,1.8,1.6,0.445,2023-50,-0.34,0.445,FALSE,-0.853
27,23,35195ECE010    ,2023,50,5,13,9,三共鋼業（株）,1.9525,0.105,3.86,4.14,5.305,6.015,0.66,2.138014534,3,1,4,4,400,4,3.905,3.755,0.28,1.165,0.71,2.155,0,3.265151515,1.007944505,20.4865557,0.237278259,100,390,4.TA・カバー・メイン,9,0,0,2,1.024327785,3.25,0.692307692,1,2.25,2.25,0.488125,2023-50,0.095,0.488125,FALSE,-0.179375
37,32,3548255A010    ,2023,50,1,8,4,サトープレス工業（株）,1.301666667,0.125,3.945,4.19,4.895,6.61,0.61,1.349007267,1,1,4,4,300,4,3.91,3.82,0.245,0.705,1.715,2.665,0,4.368852459,1.975526793,6.145966709,0.152987852,100,390,4.TA・カバー・メイン,7,0,0,0.75,1.023017903,2,0.5,1.75,1.75,1,0.325416667,2023-50,0.09,0.325416667,FALSE,-0.145416667
132,121,9056457A134    ,2023,50,7,2,3,（株）ムロコーポレーション,0.89,2.1,2.86,3,6.03,7,0.93,4.150611916,3,1,4,8.04,100,1,0.89,0.76,0.14,3.03,0.97,4.14,0,4.451612903,0.997443289,34.8016307,0.199608592,100,390,,1,0,0,0,1.123595506,2,1.5,0.333333333,1,3,0.2225,2023-50,0.11,0.2225,FALSE,-0.0025
8,8,2030045013L    ,2023,50,2,3,4,伊藤金属工業（株）,0.9425,0.1,4.13,4.47,7.58,8.57,0.53,3.67638559,3,1,6,4.92,2000,1,0.9425,4.03,0.34,3.11,0.99,4.44,0,8.377358491,1.207707922,21.50691806,0.092118666,100,390,3.ギヤサブ・共通部品,3,0,0,2,1.061007958,3,1.333333333,0.75,3,4,0.157083333,2023-50,0.0575,0.157083333,TRUE,0.015416667
68,62,82821XAE020    ,2023,50,2,4,4,石黒ゴム工業（株）,0.89,0.33,3.6,4,6.06,7.39,0.81,2.203121463,1,1,6,4.92,400,1,0.89,3.27,0.4,2.06,1.33,3.79,0.29,4.679012346,1.72028645,22.77558457,0.087076089,100,390,8.ファイナル後半,4,0,0,3,1.123595506,4,1,1,4,4,0.148333333,2023-50,0.11,0.406433333,TRUE,0.033566667
72,66,9010506A003    ,2023,50,1,3,0,（株）青山製作所,0.713,0.325,2.26,2.55,3.11,4.265,1.02,2.47116819,1,1,1,1.79,2000,2,1.426,1.935,0.29,0.56,1.155,2.005,0.08,1.965686275,0.811357158,5.026969692,0.173141594,100,390,2.MGケース,3,0,0,0.5,1.402524544,1.5,0,inf,1.5,0,0.713,2023-50,0.574,0.77004,TRUE,0.09096
33,28,3539450A010    ,2023,50,2,1,1,ミズショー（株）,0.747,0.24,2.07,2.44,3.57,4.57,0.75,4.74733511,3,1,6,4.92,2000,1,0.747,1.83,0.37,1.13,1,2.5,0,3.333333333,0.526611234,27.1355693,0.073266999,100,390,3.ギヤサブ・共通部品,2,0,0,1,1.338688086,1,1,2,2,1,0.1245,2023-50,0.253,0.1245,TRUE,0.1285
3,3,01912ECB060    ,2023,50,1,4,1,新光ゴム工業（株）,0.88875,0.12,5.4,5.42,6.105,7.895,0.78,2.173121463,1,1,6,5.76,400,2,1.7775,5.28,0.02,0.685,1.79,2.495,0,3.198717949,1.148118061,9.986767533,0.098238292,100,390,8.ファイナル後半,4,0,0,1,1.125175809,2,0.25,4,2,0.5,0.148125,2023-50,0.2225,0.148125,TRUE,0.296875
7,7,2030044001J    ,2023,50,2,4,4,ＮＯＫ（株）,0.88875,0.235,2.9,3.125,3.53,4.535,0.58,1.740934552,1,1,8,9,400,2,1.7775,2.665,0.225,0.405,1.005,1.635,0.03,2.818965517,0.939150755,18.00281294,0.110142201,100,390,4.TA・カバー・メイン,4,0,0,1,1.125175809,2,1,1,2,2,0.11109375,2023-50,0.2225,0.13775625,TRUE,0.30724375
99,91,9034108A010    ,2023,50,2,2,3,（株）杉浦製作所,0.714,0.13,0.68,0.9,1.9,2.38,0.47,1.92116819,1,1,6,5.76,1000,1,0.714,0.55,0.22,1,0.48,1.7,0.12,3.617021277,0.884878278,24.86201581,0.079946545,100,390,2.MGケース,3,0,0,0.5,1.400560224,2,1.5,1,3,3,0.119,2023-50,0.286,0.20468,TRUE,0.36732
122,113,9052409A003    ,2023,50,2,4,4,（株）東郷製作所,0.711,0.14,2.46,2.56,3.565,5.085,0.82,2.27116819,1,1,1,0.73,500,2,1.422,2.32,0.1,1.005,1.52,2.625,0.08,3.201219512,1.15579287,16.25976602,0.117603366,100,390,4.TA・カバー・メイン,3,0,0,2,1.406469761,2,1,0.75,1.5,2,0.711,2023-50,0.578,0.76788,TRUE,0.38812
100,92,9034114A004    ,2023,50,2,2,3,（株）青山製作所,0.714,2.33,3.22,3.7,5.73,6.21,1,2.45116819,1,1,8,9,500,1,0.714,0.89,0.48,2.03,0.48,2.99,0.08,2.99,1.219826535,22.40896359,0.088755111,100,390,2.MGケース,3,0,0,0.5,1.400560224,2,1.5,1,3,3,0.08925,2023-50,0.286,0.14637,TRUE,0.42563
124,115,9056439A006    ,2023,50,4,7,7,（株）ムロコーポレーション,0.87,0.1,0.86,0.99,1.8,2.2,0.93,4.257787022,3,1,2,3.92,100,3,2.63,0.76,0.13,0.81,0.4,1.34,0,1.440860215,0.31471748,18.68984207,0.208677411,100,390,,6,0,0,2,1.140684411,2.333333333,1,0.857142857,2,2.333333333,0.435,2023-50,0.37,0.435,TRUE,0.428333333
93,85,9030119A010    ,2023,50,1,4,3,ＮＯＫ（株）,0.781,0.145,3.945,4.1,5.4,6.695,0.58,1.811678778,1,1,2,3.52,1000,2,1.562,3.8,0.155,1.3,1.295,2.75,0.03,4.74137931,1.517929135,5.665529784,0.164066761,100,390,7.ファイナル前半,4,0,0,1,1.280409731,2,0.75,1.333333333,2,1.5,0.3905,2023-50,0.438,0.41393,TRUE,0.46207
91,83,9030115A011    ,2023,50,3,4,4,ＮＯＫ（株）,0.78,0.15,3.95,4.11,6.04,6.68,0.6,1.831678778,1,1,8,9,1000,1,0.78,3.8,0.16,1.93,0.64,2.73,0.03,4.55,1.490436005,30.76923077,0.097069376,100,390,2.MGケース,3,0,0,0.5,1.282051282,4,1,0.75,3,4,0.0975,2023-50,0.22,0.1209,TRUE,0.7591
97,89,9033904A002    ,2023,50,3,4,3,サトープレス工業（株）,0.747,0.13,3.95,4.22,5.2,5.75,0.65,1.982445037,1,1,4,4,1000,1,0.747,3.82,0.27,0.98,0.55,1.8,0,2.769230769,0.907969687,32.12851406,0.09272821,100,390,4.TA・カバー・メイン,3,0,0,2,1.338688086,4,0.75,1,3,3,0.18675,2023-50,0.253,0.18675,TRUE,0.82525
128,118,9056455A042    ,2023,50,10,3,3,（株）ムロコーポレーション,0.49,0.1,0.86,0.99,1.03,2.2,0.93,7.219308176,3,1,2,3.92,100,1,0.49,0.76,0.13,0.04,1.17,1.34,0,1.440860215,0.185613353,82.96001327,0.120149687,100,390,,1,0,0,0,2.040816327,3,1,0.333333333,1,3,0.245,2023-50,0.51,0.245,TRUE,1.285
135,123,9056463A034    ,2023,50,3,3,3,（株）ムロコーポレーション,0.04,2.1,2.86,3,4.02,5.44,0.93,66.1473913,3,1,6,4.92,100,1,0.04,0.76,0.14,1.02,1.42,2.58,0,2.774193548,0.039003806,760.1351351,0.003946622,100,390,,3,0,0,0,25,3,1,1,3,3,0.006666667,2023-50,0.96,0.006666667,TRUE,2.873333333
130,119,9056457A132    ,2023,50,2,4,4,（株）ムロコーポレーション,0.15,1.1,1.86,1.99,3.355,4.46,0.93,20.60213115,3,1,6,5.76,100,2,0.3,0.76,0.13,1.365,1.105,2.6,0,2.795698925,0.126200536,118.3431953,0.01689536,100,390,,5,0,0,1.5,6.666666667,2,1,1.25,2.5,2,0.025,2023-50,1.7,0.025,TRUE,3.375
134,122,9056463A033    ,2023,50,3,4,4,（株）ムロコーポレーション,0.1,0.1,0.86,0.98,1.03,2,0.93,29.09901408,3,1,6,4.92,100,1,0.1,0.76,0.12,0.05,0.97,1.14,0,1.225806452,0.039176585,304.0540541,0.009865964,100,390,,5,0,0,4,10,4,1,1.25,5,4,0.016666667,2023-50,0.9,0.016666667,TRUE,3.583333333
131,120,9056457A133    ,2023,50,1,5,4,（株）ムロコーポレーション,0.22,0.1,0.86,0.99,1.89,2.98,0.93,13.86103448,3,1,4,8.04,100,3,0.67,0.76,0.13,0.9,1.09,2.12,0,2.279569892,0.152946737,20.11263073,0.049557376,100,390,,6,0,0,2,4.47761194,1.666666667,0.8,1.5,2,1.333333333,0.055,2023-50,2.33,0.055,TRUE,3.828333333
125,116,9056450A002    ,2023,50,8,10,10,（株）ムロコーポレーション,0.79,2.1,2.86,3,3.77,4.03,0.93,4.846449086,3,1,2,5.82,100,3,1.58,0.76,0.14,0.77,0.26,1.17,0,1.258064516,0.241413864,29.69672222,0.265505327,100,390,,11,0,0,4.5,1.898734177,3.333333333,1,1.1,3.666666667,3.333333333,0.395,2023-50,1.42,0.395,TRUE,4.338333333
14,155,34989ECB030    ,2023,50,,,,（株）槌屋,,,,,,,,,,,,,,,,,,,,,,,,,,,,,2,0,0,0,,,,,,,,2023-50,,,FALSE,
15,156,34989ECC010    ,2023,50,,,,（株）槌屋,,,,,,,,,,,,,,,,,,,,,,,,,,,,,2,0,0,0,,,,,,,,2023-50,,,FALSE,
16,158,34989ECE020    ,2023,50,,,,（株）槌屋,,,,,,,,,,,,,,,,,,,,,,,,,,,,,1,0,0,0,,,,,,,,2023-50,,,FALSE,
17,14,35141ECB010    ,2023,50,12,95,104,（株）アイシン福井,22.1875,0.26,1,0.98,1.5,1.67,0.62,0.759312146,3,1,4,4,16,89,111.0625,0.74,-0.02,0.52,0.17,0.67,,1.080645161,0.882377561,4.326760563,1.0925966,100,390,,114,0,0,0.2,0.801350591,1.06741573,1.094736842,1.096153846,1.280898876,1.168539326,5.546875,2023-50,-22.0625,,FALSE,
18,15,35141ECE010    ,2023,50,23,80,90,（株）アイシン福井,19.6,0.2,1.01,1,2.08,2.24,0.63,0.777801453,3,1,4,4,20,63,98.05,0.81,-0.01,1.08,0.16,1.23,,1.952380952,1.581380434,9.387755102,1.506442817,100,390,,100,0,0,0.204819277,0.642529322,1.26984127,1.125,1.111111111,1.587301587,1.428571429,4.9,2023-50,-35.05,,FALSE,
26,169,3519510A010    ,2023,50,,,,中庸スプリング（株）,,,,,,,,,,,,,,,,,,,,,,,,,,,,,2,0,0,1,,,,,,,,2023-50,,,FALSE,
32,176,35352ECB010    ,2023,50,,,,五興商事（株）,,,,,,,,,,,,,,,,,,,,,,,,,,,,,3,0,0,0.5,,,,,,,,2023-50,,,FALSE,
38,182,35482TFA010    ,2023,50,,,,サトープレス工業（株）,,,,,,,,,,,,,,,,,,,,,,,,,,,,,1,0,0,0,,,,,,,,2023-50,,,FALSE,
54,48,39171ECB010    ,2023,50,10,101,103,（株）アイシン福井,22.25,0.26,1.005,0.99,1.51,1.69,0.62,0.759312146,3,1,4,4,16,94,111.0625,0.745,-0.015,0.52,0.18,0.685,,1.10483871,0.902132283,3.595505618,0.973661899,100,390,,113,0,0,0.177083333,0.846370287,1.074468085,1.01980198,1.097087379,1.20212766,1.095744681,5.5625,2023-50,-17.0625,,FALSE,
55,49,39171ECE010    ,2023,50,19,92,91,（株）アイシン福井,19.55,0.26,1.05,1,2.02,2.22,0.63,0.777801453,3,1,4,4,20,77,98.05,0.79,-0.05,1.02,0.2,1.17,,1.857142857,1.504239925,7.774936061,1.392968406,100,390,,100,0,0,0.041666667,0.785313616,1.194805195,0.989130435,1.098901099,1.298701299,1.181818182,4.8875,2023-50,-21.05,,FALSE,
77,221,9011906908,2023,50,,,,（株）青山製作所,,,,,,,,,,,,,,,,,,,,,,,,,,,,,3,0,0,0,,,,,,,,2023-50,,,FALSE,
87,231,9025006027,2023,50,,,,（株）水野鉄工所,,,,,,,,,,,,,,,,,,,,,,,,,,,,,1,0,0,0,,,,,,,,2023-50,,,FALSE,
101,245,9034118060,2023,50,,,,住友商事（株）鉄鋼部輸送機材,,,,,,,,,,,,,,,,,,,,,,,,,,,,,6,0,0,0,,,,,,,,2023-50,,,FALSE,
127,270,9056451A084    ,2023,50,,,,（株）ムロコーポレーション,,,,,,,,,,,,,,,,,,,,,,,,,,,,,1,0,0,0,,,,,,,,2023-50,,,FALSE,
129,273,9056457A131    ,2023,50,,,,（株）ムロコーポレーション,,,,,,,,,,,,,,,,,,,,,,,,,,,,,1,0,0,0,,,,,,,,2023-50,,,FALSE,
133,276,9056463A032    ,2023,50,,,,（株）ムロコーポレーション,,,,,,,,,,,,,,,,,,,,,,,,,,,,,2,0,0,0,,,,,,,,2023-50,,,FALSE,
