,品番,Year,Week_Number,基準在庫日数,基準在庫枚数,箱種類,A,B,C,収容数,納入便,社内LT（検収〜回収LT）,日量数（箱数）,仕入先名,かんばん数
0,019128GA010    ,2023,35,1.07,1.0,ＴＰ３４２フタナシ,1.0,2.0,3.64,50.0,1.5494505494505495,3.782967032967033,17.913684210526316,石黒ゴム工業（株）,91
1,019128GA010    ,2023,36,1.07,1.0,ＴＰ３４２フタナシ,1.0,2.0,3.64,50.0,1.5176470588235293,3.542588235294118,16.656470588235294,石黒ゴム工業（株）,85
2,019128GA010    ,2023,37,1.07,1.0,ＴＰ３４２フタナシ,1.0,2.0,3.64,50.0,1.5,3.549347826086956,16.140434782608697,石黒ゴム工業（株）,92
3,019128GA010    ,2023,38,1.07,1.0,ＴＰ３４２フタナシ,1.0,2.0,3.64,50.0,1.5238095238095237,3.5833333333333335,16.14547619047619,石黒ゴム工業（株）,84
4,019128GA010    ,2023,39,1.07,1.0,ＴＰ３４２フタナシ,1.0,2.0,3.64,50.0,1.4230769230769231,2.525961538461538,14.479230769230771,石黒ゴム工業（株）,52
5,01912ECB010    ,2023,35,0.85,1.0,ＴＰ３３２フタナシ,1.0,2.0,3.64,300.0,1.5172413793103448,4.0248275862068965,6.305555555555556,石黒ゴム工業（株）,29
6,01912ECB010    ,2023,36,0.85,1.0,ＴＰ３３２フタナシ,1.0,2.0,3.64,300.0,1.4838709677419355,3.7541935483870965,5.518709677419356,石黒ゴム工業（株）,31
7,01912ECB010    ,2023,37,0.85,1.0,ＴＰ３３２フタナシ,1.0,2.0,3.64,300.0,1.4666666666666666,3.6086666666666662,5.328666666666667,石黒ゴム工業（株）,30
8,01912ECB010    ,2023,38,0.85,1.0,ＴＰ３３２フタナシ,1.0,2.0,3.64,300.0,1.5,3.6086666666666667,5.46911111111111,石黒ゴム工業（株）,30
9,01912ECB010    ,2023,39,0.85,1.0,ＴＰ３３２フタナシ,1.0,2.0,3.64,300.0,1.5625,2.7675,4.398333333333333,石黒ゴム工業（株）,16
10,01912ECB040    ,2023,35,0.25,1.0,ＴＰ３４２フタナシ,1.0,1.0,2.12,50.0,1.0,2.9406741573033703,18.907777777777778,愛産樹脂工業（株）,89
11,01912ECB040    ,2023,36,0.25,1.0,ＴＰ３４２フタナシ,1.0,1.0,2.12,50.0,1.0,2.393720930232558,16.821627906976744,愛産樹脂工業（株）,86
12,01912ECB040    ,2023,37,0.25,1.0,ＴＰ３４２フタナシ,1.0,1.0,2.12,50.0,1.0,2.2734408602150533,16.244086021505378,愛産樹脂工業（株）,93
13,01912ECB040    ,2023,38,0.25,1.0,ＴＰ３４２フタナシ,1.0,1.0,2.12,50.0,1.0,2.407380952380952,16.00595238095238,愛産樹脂工業（株）,84
14,01912ECB040    ,2023,39,0.25,1.0,ＴＰ３４２フタナシ,1.0,1.0,2.12,50.0,1.0,1.55734375,15.53375,愛産樹脂工業（株）,64
15,01912ECB060    ,2023,35,0.78,1.0,ＴＰ３３１フタナシ,1.0,1.0,3.25,400.0,1.0,6.405,,新光ゴム工業（株）,4
16,01912ECB060    ,2023,36,0.78,1.0,ＴＰ３３１フタナシ,1.0,1.0,3.25,400.0,1.0,5.4275,1.006875,新光ゴム工業（株）,4
17,01912ECB060    ,2023,37,0.78,1.0,ＴＰ３３１フタナシ,1.0,1.0,3.25,400.0,1.0,4.078,0.9390000000000001,新光ゴム工業（株）,5
18,01912ECB060    ,2023,38,0.78,1.0,ＴＰ３３１フタナシ,1.0,1.0,3.25,400.0,1.0,4.147499999999999,0.740625,新光ゴム工業（株）,4
19,01912ECB060    ,2023,39,0.78,1.0,ＴＰ３３１フタナシ,1.0,1.0,3.25,400.0,1.0,2.5700000000000003,0.96875,新光ゴム工業（株）,2
20,1040043104R    ,2023,35,0.75,3.0,AW131ﾌﾀﾅｼ,1.0,2.0,3.8,1000.0,1.6,4.803333333333334,1.89,（株）ギフ加藤製作所,10
21,1040043104R    ,2023,36,0.75,3.0,AW131ﾌﾀﾅｼ,1.0,2.0,3.8,1000.0,1.625,5.081428571428572,1.8337142857142854,（株）ギフ加藤製作所,8
22,1040043104R    ,2023,37,0.75,3.0,AW131ﾌﾀﾅｼ,1.0,2.0,3.8,1000.0,1.5,5.3028571428571425,1.4962857142857142,（株）ギフ加藤製作所,10
23,1040043104R    ,2023,38,0.75,3.0,AW131ﾌﾀﾅｼ,1.0,2.0,3.8,1000.0,1.5,5.648571428571429,1.7882857142857145,（株）ギフ加藤製作所,8
24,1040043104R    ,2023,39,0.75,3.0,AW131ﾌﾀﾅｼ,1.0,2.0,3.8,1000.0,1.5,3.7249999999999996,0.938,（株）ギフ加藤製作所,2
25,1040052001Z    ,2023,35,0.53,3.0,ＴＰ１３１フタナシ,1.0,6.0,5.76,200.0,3.4615384615384617,3.460769230769231,2.6616666666666666,（株）青山製作所,13
26,1040052001Z    ,2023,36,0.53,3.0,ＴＰ１３１フタナシ,1.0,6.0,5.76,200.0,3.8461538461538463,3.0930769230769233,2.3626923076923076,（株）青山製作所,13
27,1040052001Z    ,2023,37,0.53,3.0,ＴＰ１３１フタナシ,1.0,6.0,5.76,200.0,2.9166666666666665,3.6199999999999997,2.25125,（株）青山製作所,12
28,1040052001Z    ,2023,38,0.53,3.0,ＴＰ１３１フタナシ,1.0,6.0,5.76,200.0,3.4615384615384617,3.6766666666666663,2.06,（株）青山製作所,13
29,1040052001Z    ,2023,39,0.53,3.0,ＴＰ１３１フタナシ,1.0,6.0,5.76,200.0,3.2,2.6639999999999997,2.386,（株）青山製作所,5
30,1040183011P    ,2023,35,0.54,1.0,ＴＰ３３１フタナシ,1.0,6.0,5.76,500.0,3.0,1.95,2.466,（株）青山製作所,10
31,1040183011P    ,2023,36,0.54,1.0,ＴＰ３３１フタナシ,1.0,6.0,5.76,500.0,3.25,1.5458333333333334,2.0500000000000003,（株）青山製作所,12
32,1040183011P    ,2023,37,0.54,1.0,ＴＰ３３１フタナシ,1.0,6.0,5.76,500.0,3.0833333333333335,1.4816666666666667,2.109,（株）青山製作所,12
33,1040183011P    ,2023,38,0.54,1.0,ＴＰ３３１フタナシ,1.0,6.0,5.76,500.0,3.5,1.92,2.1075,（株）青山製作所,12
34,1040183011P    ,2023,39,0.54,1.0,ＴＰ３３１フタナシ,1.0,6.0,5.76,500.0,3.3333333333333335,1.2944444444444445,2.11,（株）青山製作所,9
35,2030044001J    ,2023,35,0.54,1.0,ＴＰ１３１フタナシ,1.0,2.0,3.52,400.0,1.5,5.072500000000001,1.0275,ＮＯＫ（株）,4
36,2030044001J    ,2023,36,0.54,1.0,ＴＰ１３１フタナシ,1.0,2.0,3.52,400.0,2.0,3.26,1.010625,ＮＯＫ（株）,4
37,2030044001J    ,2023,37,0.54,1.0,ＴＰ１３１フタナシ,1.0,2.0,3.52,400.0,2.0,4.898000000000001,0.9595,ＮＯＫ（株）,5
38,2030044001J    ,2023,38,0.54,1.0,ＴＰ１３１フタナシ,1.0,2.0,3.52,400.0,1.5,2.6975000000000002,0.938125,ＮＯＫ（株）,4
39,2030044001J    ,2023,39,0.54,1.0,ＴＰ１３１フタナシ,1.0,2.0,3.52,400.0,2.0,1.88,0.9683333333333334,ＮＯＫ（株）,3
40,2030045013L    ,2023,35,0.53,3.0,ＴＰ３３１フタナシ,1.0,1.0,1.96,2000.0,1.0,7.573333333333333,1.2105,伊藤金属工業（株）,6
41,2030045013L    ,2023,36,0.53,3.0,ＴＰ３３１フタナシ,1.0,1.0,1.96,2000.0,1.0,4.652857142857143,1.1811428571428573,伊藤金属工業（株）,7
42,2030045013L    ,2023,37,0.53,3.0,ＴＰ３３１フタナシ,1.0,1.0,1.96,2000.0,1.0,6.621666666666667,1.1115,伊藤金属工業（株）,6
43,2030045013L    ,2023,38,0.53,3.0,ＴＰ３３１フタナシ,1.0,1.0,1.96,2000.0,1.0,4.1525,1.14025,伊藤金属工業（株）,4
44,2030045013L    ,2023,39,0.53,3.0,ＴＰ３３１フタナシ,1.0,1.0,1.96,2000.0,1.0,3.3899999999999997,0.56175,伊藤金属工業（株）,2
45,2030052002N    ,2023,35,0.5,3.0,ＴＰ３３１フタナシ,1.0,2.0,1.06,300.0,1.7142857142857142,2.505714285714286,3.1516666666666664,（株）杉浦製作所,14
46,2030052002N    ,2023,36,0.5,3.0,ＴＰ３３１フタナシ,1.0,2.0,1.06,300.0,1.5,2.671875,2.695,（株）杉浦製作所,16
47,2030052002N    ,2023,37,0.5,3.0,ＴＰ３３１フタナシ,1.0,2.0,1.06,300.0,1.4444444444444444,2.976111111111111,2.628148148148148,（株）杉浦製作所,18
48,2030052002N    ,2023,38,0.5,3.0,ＴＰ３３１フタナシ,1.0,2.0,1.06,300.0,1.4615384615384615,2.924615384615385,2.6976923076923076,（株）杉浦製作所,13
49,2030052002N    ,2023,39,0.5,3.0,ＴＰ３３１フタナシ,1.0,2.0,1.06,300.0,1.375,1.85875,2.58875,（株）杉浦製作所,8
50,3040052001B    ,2023,35,0.52,3.0,ＴＰ３３１フタナシ,1.0,6.0,5.76,500.0,3.3658536585365852,1.57425,5.753666666666667,（株）青山製作所,41
51,3040052001B    ,2023,36,0.52,3.0,ＴＰ３３１フタナシ,1.0,6.0,5.76,500.0,3.3255813953488373,2.647857142857143,7.821333333333333,（株）青山製作所,43
52,3040052001B    ,2023,37,0.52,3.0,ＴＰ３３１フタナシ,1.0,6.0,5.76,500.0,3.1875,1.3820689655172413,7.713517241379311,（株）青山製作所,32
53,3040052001B    ,2023,38,0.52,3.0,ＴＰ３３１フタナシ,1.0,6.0,5.76,500.0,3.025,2.108,7.3255,（株）青山製作所,40
54,3040052001B    ,2023,39,0.52,3.0,ＴＰ３３１フタナシ,1.0,6.0,5.76,500.0,2.823529411764706,1.223529411764706,6.281529411764706,（株）青山製作所,34
55,33490ECB010    ,2023,35,0.82,3.0,ＴＰ３３１．５フタアリ,1.0,2.0,3.92,4.0,1.4557235421166306,1.6262850971922247,78.1328125,マレリ（株）,463
56,33490ECB010    ,2023,36,0.82,3.0,ＴＰ３３１．５フタアリ,1.0,2.0,3.92,4.0,1.4765784114052953,1.215142857142857,92.23877551020408,マレリ（株）,491
57,33490ECB010    ,2023,37,0.82,3.0,ＴＰ３３１．５フタアリ,1.0,2.0,3.92,4.0,1.503968253968254,1.183061630218688,88.22067594433399,マレリ（株）,504
58,33490ECB010    ,2023,38,0.82,3.0,ＴＰ３３１．５フタアリ,1.0,2.0,3.92,4.0,1.5129310344827587,1.185948275862069,86.70474137931035,マレリ（株）,464
59,33490ECB010    ,2023,39,0.82,3.0,ＴＰ３３１．５フタアリ,1.0,2.0,3.92,4.0,1.3624454148471616,1.124344978165939,89.95687772925764,マレリ（株）,458
60,33490ECE010    ,2023,35,0.81,3.0,ＴＰ３３１．５フタアリ,1.0,2.0,3.92,4.0,1.455604075691412,1.637278020378457,114.11346153846154,マレリ（株）,687
61,33490ECE010    ,2023,36,0.81,3.0,ＴＰ３３１．５フタアリ,1.0,2.0,3.92,4.0,1.470948012232416,1.450183486238532,118.91093272171254,マレリ（株）,654
62,33490ECE010    ,2023,37,0.81,3.0,ＴＰ３３１．５フタアリ,1.0,2.0,3.92,4.0,1.502248875562219,1.4831934032983507,115.29010494752623,マレリ（株）,667
63,33490ECE010    ,2023,38,0.81,3.0,ＴＰ３３１．５フタアリ,1.0,2.0,3.92,4.0,1.5065573770491802,1.504967213114754,113.13770491803278,マレリ（株）,610
64,33490ECE010    ,2023,39,0.81,3.0,ＴＰ３３１．５フタアリ,1.0,2.0,3.92,4.0,1.364963503649635,1.307189781021898,112.32755474452554,マレリ（株）,548
65,34989ECB010    ,2023,35,0.81,1.0,ＴＰ１３１フタナシ,1.0,1.0,2.33,500.0,1.0,13.82,,（株）槌屋,2
66,34989ECB010    ,2023,36,0.81,1.0,ＴＰ１３１フタナシ,1.0,1.0,2.33,500.0,1.0,15.04,0.468,（株）槌屋,1
67,34989ECB010    ,2023,37,0.81,1.0,ＴＰ１３１フタナシ,1.0,1.0,2.33,500.0,1.0,8.055,0.234,（株）槌屋,2
68,34989ECB010    ,2023,38,0.81,1.0,ＴＰ１３１フタナシ,1.0,1.0,2.33,500.0,1.0,7.23,0.486,（株）槌屋,2
69,34989ECB020    ,2023,35,0.81,1.0,ＴＰ１３１フタナシ,1.0,1.0,2.33,500.0,1.0,6.250909090909091,1.89,（株）槌屋,11
70,34989ECB020    ,2023,36,0.81,1.0,ＴＰ１３１フタナシ,1.0,1.0,2.33,500.0,1.0,5.42125,1.81625,（株）槌屋,8
71,34989ECB020    ,2023,37,0.81,1.0,ＴＰ１３１フタナシ,1.0,1.0,2.33,500.0,1.0,6.7829999999999995,1.5614000000000001,（株）槌屋,10
72,34989ECB020    ,2023,38,0.81,1.0,ＴＰ１３１フタナシ,1.0,1.0,2.33,500.0,1.0,5.582,1.6280000000000001,（株）槌屋,10
73,34989ECB020    ,2023,39,0.81,1.0,ＴＰ１３１フタナシ,1.0,1.0,2.33,500.0,1.0,1.87,1.756,（株）槌屋,1
74,34989ECB030    ,2023,35,0.8,1.0,ＴＰ１３１フタナシ,1.0,1.0,2.33,1000.0,1.0,8.709999999999999,0.846,（株）槌屋,3
75,34989ECB030    ,2023,36,0.8,1.0,ＴＰ１３１フタナシ,1.0,1.0,2.33,1000.0,1.0,7.903333333333333,0.6076666666666667,（株）槌屋,3
76,34989ECB030    ,2023,37,0.8,1.0,ＴＰ１３１フタナシ,1.0,1.0,2.33,1000.0,1.0,7.286,0.7078,（株）槌屋,5
77,34989ECB030    ,2023,38,0.8,1.0,ＴＰ１３１フタナシ,1.0,1.0,2.33,1000.0,1.0,5.4425,0.8787499999999999,（株）槌屋,4
78,34989ECC010    ,2023,35,0.78,1.0,ＴＰ１３１フタナシ,1.0,1.0,2.33,500.0,1.0,21.53,,（株）槌屋,1
79,34989ECC010    ,2023,36,0.78,1.0,ＴＰ１３１フタナシ,1.0,1.0,2.33,500.0,1.0,22.700000000000003,0.3,（株）槌屋,1
80,34989ECC010    ,2023,37,0.78,1.0,ＴＰ１３１フタナシ,1.0,1.0,2.33,500.0,1.0,16.28,0.0,（株）槌屋,1
81,34989ECE010    ,2023,35,0.72,1.0,ＴＰ１３１フタナシ,1.0,1.0,2.33,500.0,1.0,24.455,0.3,（株）槌屋,2
82,34989ECE020    ,2023,35,0.82,1.0,ＴＰ１３１フタナシ,1.0,1.0,2.33,500.0,1.0,13.380000000000003,,（株）槌屋,1
83,34989ECE020    ,2023,36,0.82,1.0,ＴＰ１３１フタナシ,1.0,1.0,2.33,500.0,1.0,9.4,0.494,（株）槌屋,1
84,34989ECE020    ,2023,37,0.82,1.0,ＴＰ１３１フタナシ,1.0,1.0,2.33,500.0,1.0,9.323333333333332,0.3,（株）槌屋,3
85,34989ECE020    ,2023,38,0.82,1.0,ＴＰ１３１フタナシ,1.0,1.0,2.33,500.0,1.0,5.9,0.47,（株）槌屋,1
86,34989ECE030    ,2023,35,0.8,3.0,ＴＰ１３１フタナシ,1.0,1.0,2.33,500.0,1.0,23.470000000000002,,（株）槌屋,1
87,34989ECE030    ,2023,36,0.8,3.0,ＴＰ１３１フタナシ,1.0,1.0,2.33,500.0,1.0,23.630000000000003,0.252,（株）槌屋,1
88,35141ECB010    ,2023,35,0.62,3.0,Aﾊﾟﾚﾌﾀﾅｼ,1.0,24.0,19.68,16.0,11.571428571428571,,,（株）アイシン福井,70
89,35141ECB010    ,2023,36,0.62,3.0,Aﾊﾟﾚﾌﾀﾅｼ,1.0,24.0,19.68,16.0,13.902439024390244,,,（株）アイシン福井,82
90,35141ECB010    ,2023,37,0.62,3.0,Aﾊﾟﾚﾌﾀﾅｼ,1.0,24.0,19.68,16.0,13.307692307692308,,,（株）アイシン福井,78
91,35141ECB010    ,2023,38,0.62,3.0,Aﾊﾟﾚﾌﾀﾅｼ,1.0,24.0,19.68,16.0,13.40625,3.0740000000000003,26.25,（株）アイシン福井,96
92,35141ECB010    ,2023,39,0.62,3.0,Aﾊﾟﾚﾌﾀﾅｼ,1.0,24.0,19.68,16.0,10.518867924528301,0.6970754716981132,22.3873820754717,（株）アイシン福井,106
93,35141ECE010    ,2023,35,0.63,3.0,Aﾊﾟﾚﾌﾀﾅｼ,1.0,24.0,19.68,20.0,9.2,,,（株）アイシン福井,55
94,35141ECE010    ,2023,36,0.63,3.0,Aﾊﾟﾚﾌﾀﾅｼ,1.0,24.0,19.68,20.0,10.794117647058824,,,（株）アイシン福井,34
95,35141ECE010    ,2023,37,0.63,3.0,Aﾊﾟﾚﾌﾀﾅｼ,1.0,24.0,19.68,20.0,11.612244897959183,,,（株）アイシン福井,49
96,35141ECE010    ,2023,38,0.63,3.0,Aﾊﾟﾚﾌﾀﾅｼ,1.0,24.0,19.68,20.0,9.819672131147541,3.257058823529412,25.697058823529414,（株）アイシン福井,61
97,35141ECE010    ,2023,39,0.63,3.0,Aﾊﾟﾚﾌﾀﾅｼ,1.0,24.0,19.68,20.0,10.414893617021276,1.0726595744680851,21.935106382978724,（株）アイシン福井,94
98,35145ECB010    ,2023,35,0.62,3.0,ＴＰ１３１フタナシ,1.0,1.0,1.74,100.0,1.0,3.5424999999999995,4.125,三共鋼業（株）,20
99,35145ECB010    ,2023,36,0.62,3.0,ＴＰ１３１フタナシ,1.0,1.0,1.74,100.0,1.0,2.730555555555555,3.606666666666667,三共鋼業（株）,18
100,35145ECB010    ,2023,37,0.62,3.0,ＴＰ１３１フタナシ,1.0,1.0,1.74,100.0,1.0,3.0666666666666664,3.4177777777777774,三共鋼業（株）,21
101,35145ECB010    ,2023,38,0.62,3.0,ＴＰ１３１フタナシ,1.0,1.0,1.74,100.0,1.0,3.1555,3.4455,三共鋼業（株）,20
102,35145ECB010    ,2023,39,0.62,3.0,ＴＰ１３１フタナシ,1.0,1.0,1.74,100.0,1.0,1.9784615384615383,3.3023076923076924,三共鋼業（株）,13
103,35145ECE010    ,2023,35,0.65,1.0,ＴＰ１３１フタナシ,1.0,1.0,1.74,100.0,1.0,3.0614814814814815,5.324,三共鋼業（株）,27
104,35145ECE010    ,2023,36,0.65,1.0,ＴＰ１３１フタナシ,1.0,1.0,1.74,100.0,1.0,2.6354166666666665,4.801666666666667,三共鋼業（株）,24
105,35145ECE010    ,2023,37,0.65,1.0,ＴＰ１３１フタナシ,1.0,1.0,1.74,100.0,1.0,2.6028571428571428,4.745238095238095,三共鋼業（株）,26
106,35145ECE010    ,2023,38,0.65,1.0,ＴＰ１３１フタナシ,1.0,1.0,1.74,100.0,1.0,2.62375,4.516666666666667,三共鋼業（株）,24
107,35145ECE010    ,2023,39,0.65,1.0,ＴＰ１３１フタナシ,1.0,1.0,1.74,100.0,1.0,1.7272222222222222,4.387222222222222,三共鋼業（株）,18
108,35145ECE020    ,2023,35,0.65,1.0,ＴＰ３３１フタナシ,1.0,4.0,6.88,100.0,2.392857142857143,2.2789285714285716,5.319999999999999,（株）浅賀井製作所,28
109,35145ECE020    ,2023,36,0.65,1.0,ＴＰ３３１フタナシ,1.0,4.0,6.88,100.0,2.4615384615384617,2.1926923076923077,4.865384615384615,（株）浅賀井製作所,26
110,35145ECE020    ,2023,37,0.65,1.0,ＴＰ３３１フタナシ,1.0,4.0,6.88,100.0,2.3846153846153846,2.3134615384615382,4.62,（株）浅賀井製作所,26
111,35145ECE020    ,2023,38,0.65,1.0,ＴＰ３３１フタナシ,1.0,4.0,6.88,100.0,2.6538461538461537,2.2128,4.54,（株）浅賀井製作所,26
112,35145ECE020    ,2023,39,0.65,1.0,ＴＰ３３１フタナシ,1.0,4.0,6.88,100.0,2.4705882352941178,1.6847058823529413,4.081176470588235,（株）浅賀井製作所,17
113,35165ECE010    ,2023,35,0.63,1.0,ＴＰ１３１フタナシ,1.0,1.0,1.21,200.0,1.0,4.465714285714286,2.651666666666667,（株）松尾製作所,14
114,35165ECE010    ,2023,36,0.63,1.0,ＴＰ１３１フタナシ,1.0,1.0,1.21,200.0,1.0,4.215,2.341,（株）松尾製作所,10
115,35165ECE010    ,2023,37,0.63,1.0,ＴＰ１３１フタナシ,1.0,1.0,1.21,200.0,1.0,3.4292307692307693,2.2946153846153843,（株）松尾製作所,13
116,35165ECE010    ,2023,38,0.63,1.0,ＴＰ１３１フタナシ,1.0,1.0,1.21,200.0,1.0,3.5246153846153847,2.2915384615384613,（株）松尾製作所,13
117,35165ECE010    ,2023,39,0.63,1.0,ＴＰ１３１フタナシ,1.0,1.0,1.21,200.0,1.0,2.5383333333333336,2.0508333333333333,（株）松尾製作所,6
118,35174ECB010    ,2023,35,0.87,1.0,ＴＰ３３２フタナシ,1.0,4.0,6.88,20.0,2.4838709677419355,2.006666666666667,19.425,（株）浅賀井製作所,93
119,35174ECB010    ,2023,36,0.87,1.0,ＴＰ３３２フタナシ,1.0,4.0,6.88,20.0,2.489795918367347,1.597755102040816,18.540306122448982,（株）浅賀井製作所,98
120,35174ECB010    ,2023,37,0.87,1.0,ＴＰ３３２フタナシ,1.0,4.0,6.88,20.0,2.55,1.5206,17.692999999999998,（株）浅賀井製作所,100
121,35174ECB010    ,2023,38,0.87,1.0,ＴＰ３３２フタナシ,1.0,4.0,6.88,20.0,2.510869565217391,1.537391304347826,17.515217391304347,（株）浅賀井製作所,92
122,35174ECB010    ,2023,39,0.87,1.0,ＴＰ３３２フタナシ,1.0,4.0,6.88,20.0,2.234567901234568,1.230617283950617,17.75493827160494,（株）浅賀井製作所,81
123,35174ECE010    ,2023,35,0.87,1.0,ＴＰ３３２フタナシ,1.0,4.0,6.88,40.0,2.4782608695652173,2.5189855072463767,13.305357142857144,（株）浅賀井製作所,69
124,35174ECE010    ,2023,36,0.87,1.0,ＴＰ３３２フタナシ,1.0,4.0,6.88,40.0,2.5245901639344264,2.4591803278688524,11.795491803278688,（株）浅賀井製作所,61
125,35174ECE010    ,2023,37,0.87,1.0,ＴＰ３３２フタナシ,1.0,4.0,6.88,40.0,2.5076923076923077,2.5172307692307694,11.532692307692308,（株）浅賀井製作所,65
126,35174ECE010    ,2023,38,0.87,1.0,ＴＰ３３２フタナシ,1.0,4.0,6.88,40.0,2.55,2.4410000000000003,11.472083333333334,（株）浅賀井製作所,60
127,35174ECE010    ,2023,39,0.87,1.0,ＴＰ３３２フタナシ,1.0,4.0,6.88,40.0,2.2325581395348837,1.4413953488372093,10.643023255813953,（株）浅賀井製作所,43
128,35174ECE020    ,2023,35,0.63,3.0,ＴＰ３３１フタナシ,1.0,4.0,6.88,90.0,2.34375,2.88625,5.905555555555556,（株）浅賀井製作所,32
129,35174ECE020    ,2023,36,0.63,3.0,ＴＰ３３１フタナシ,1.0,4.0,6.88,90.0,2.5925925925925926,2.7692592592592593,5.349794238683128,（株）浅賀井製作所,27
130,35174ECE020    ,2023,37,0.63,3.0,ＴＰ３３１フタナシ,1.0,4.0,6.88,90.0,2.6206896551724137,2.446206896551724,5.166283524904214,（株）浅賀井製作所,29
131,35174ECE020    ,2023,38,0.63,3.0,ＴＰ３３１フタナシ,1.0,4.0,6.88,90.0,2.607142857142857,2.7742857142857145,5.087301587301587,（株）浅賀井製作所,28
132,35174ECE020    ,2023,39,0.63,3.0,ＴＰ３３１フタナシ,1.0,4.0,6.88,90.0,2.388888888888889,1.57,4.55679012345679,（株）浅賀井製作所,18
133,3519510A010    ,2023,35,0.63,1.0,ＡＷ１３１フタナシ,1.0,2.0,2.34,600.0,2.0,7.5649999999999995,,中庸スプリング（株）,2
134,3519510A010    ,2023,36,0.63,1.0,ＡＷ１３１フタナシ,1.0,2.0,2.34,600.0,2.0,6.995,0.6575,中庸スプリング（株）,2
135,3519510A010    ,2023,37,0.63,1.0,ＡＷ１３１フタナシ,1.0,2.0,2.34,600.0,1.0,4.8175,0.6345833333333333,中庸スプリング（株）,4
136,3519510A010    ,2023,38,0.63,1.0,ＡＷ１３１フタナシ,1.0,2.0,2.34,600.0,1.5,6.015000000000001,0.6425000000000001,中庸スプリング（株）,2
137,3519510A010    ,2023,39,0.63,1.0,ＡＷ１３１フタナシ,1.0,2.0,2.34,600.0,2.0,2.8600000000000003,0.7016666666666667,中庸スプリング（株）,1
138,35195ECE010    ,2023,35,0.62,3.0,ＴＰ１３１フタナシ,1.0,1.0,1.74,400.0,1.0,5.905833333333334,2.6574999999999998,三共鋼業（株）,12
139,35195ECE010    ,2023,36,0.62,3.0,ＴＰ１３１フタナシ,1.0,1.0,1.74,400.0,1.0,3.4149999999999996,2.1704166666666667,三共鋼業（株）,12
140,35195ECE010    ,2023,37,0.62,3.0,ＴＰ１３１フタナシ,1.0,1.0,1.74,400.0,1.0,4.723000000000001,2.5075,三共鋼業（株）,13
141,35195ECE010    ,2023,38,0.62,3.0,ＴＰ１３１フタナシ,1.0,1.0,1.74,400.0,1.0,4.596153846153846,1.8980769230769232,三共鋼業（株）,13
142,35195ECE010    ,2023,39,0.62,3.0,ＴＰ１３１フタナシ,1.0,1.0,1.74,400.0,1.0,2.332,1.9929999999999999,三共鋼業（株）,5
143,35195TFG010    ,2023,35,0.62,1.0,ＴＰ１３１フタナシ,1.0,1.0,1.74,400.0,1.0,3.9915384615384615,2.675,三共鋼業（株）,13
144,35195TFG010    ,2023,36,0.62,1.0,ＴＰ１３１フタナシ,1.0,1.0,1.74,400.0,1.0,3.9599999999999995,2.3183333333333334,三共鋼業（株）,12
145,35195TFG010    ,2023,37,0.62,1.0,ＴＰ１３１フタナシ,1.0,1.0,1.74,400.0,1.0,2.942,2.2329999999999997,三共鋼業（株）,13
146,35195TFG010    ,2023,38,0.62,1.0,ＴＰ１３１フタナシ,1.0,1.0,1.74,400.0,1.0,3.6415384615384614,2.102307692307692,三共鋼業（株）,13
147,35195TFG010    ,2023,39,0.62,1.0,ＴＰ１３１フタナシ,1.0,1.0,1.74,400.0,1.0,1.4957142857142856,1.794285714285714,三共鋼業（株）,7
148,35198ECE010    ,2023,35,0.58,1.0,ＴＰ３３１フタナシ,1.0,1.0,1.78,200.0,1.0,3.680769230769231,2.651666666666667,サトープレス工業（株）,13
149,35198ECE010    ,2023,36,0.58,1.0,ＴＰ３３１フタナシ,1.0,1.0,1.78,200.0,1.0,3.615,2.3908333333333336,サトープレス工業（株）,12
150,35198ECE010    ,2023,37,0.58,1.0,ＴＰ３３１フタナシ,1.0,1.0,1.78,200.0,1.0,3.457692307692308,2.318076923076923,サトープレス工業（株）,13
151,35198ECE010    ,2023,38,0.58,1.0,ＴＰ３３１フタナシ,1.0,1.0,1.78,200.0,1.0,3.763076923076923,2.2746153846153847,サトープレス工業（株）,13
152,35198ECE010    ,2023,39,0.58,1.0,ＴＰ３３１フタナシ,1.0,1.0,1.78,200.0,1.0,1.7583333333333335,2.0508333333333333,サトープレス工業（株）,6
153,35300ECB010    ,2023,35,0.91,3.0,TP341ﾌﾀﾅｼ,1.0,4.0,8.04,12.0,2.4206349206349205,3.538941798941799,78.77611940298507,アイシン精機（株）,378
154,35300ECB010    ,2023,36,0.91,3.0,TP341ﾌﾀﾅｼ,1.0,4.0,8.04,12.0,2.523936170212766,3.0633244680851064,69.78856382978724,アイシン精機（株）,376
155,35300ECB010    ,2023,37,0.91,3.0,TP341ﾌﾀﾅｼ,1.0,4.0,8.04,12.0,2.4910025706940875,3.256066838046272,67.35175664095972,アイシン精機（株）,389
156,35300ECB010    ,2023,38,0.91,3.0,TP341ﾌﾀﾅｼ,1.0,4.0,8.04,12.0,2.444126074498567,3.2507736389684814,67.98543457497613,アイシン精機（株）,349
157,35300ECB010    ,2023,39,0.91,3.0,TP341ﾌﾀﾅｼ,1.0,4.0,8.04,12.0,2.184834123222749,2.357109004739337,62.300947867298575,アイシン精機（株）,211
158,35312ECB010    ,2023,35,0.59,1.0,ＴＰ３３１フタアリ,1.0,1.0,1.9,63.0,1.0,3.026785714285715,6.53968253968254,（株）旭工業所,28
159,35312ECB010    ,2023,36,0.59,1.0,ＴＰ３３１フタアリ,1.0,1.0,1.9,63.0,1.0,2.085,6.0,（株）旭工業所,30
160,35312ECB010    ,2023,37,0.59,1.0,ＴＰ３３１フタアリ,1.0,1.0,1.9,63.0,1.0,1.7653333333333334,5.565608465608466,（株）旭工業所,30
161,35312ECB010    ,2023,38,0.59,1.0,ＴＰ３３１フタアリ,1.0,1.0,1.9,63.0,1.0,1.9135483870967742,5.642089093701997,（株）旭工業所,31
162,35312ECB010    ,2023,39,0.59,1.0,ＴＰ３３１フタアリ,1.0,1.0,1.9,63.0,1.0,1.4212500000000003,5.466931216931218,（株）旭工業所,24
163,35352ECB010    ,2023,35,0.64,1.0,ＴＰ３３１フタアリ,1.0,1.0,1.97,504.0,1.0,6.78,0.8273809523809523,五興商事（株）,3
164,35352ECB010    ,2023,36,0.64,1.0,ＴＰ３３１フタアリ,1.0,1.0,1.97,504.0,1.0,6.376666666666666,0.7632275132275131,五興商事（株）,3
165,35352ECB010    ,2023,37,0.64,1.0,ＴＰ３３１フタアリ,1.0,1.0,1.97,504.0,1.0,5.550000000000001,0.7385912698412699,五興商事（株）,4
166,35352ECB010    ,2023,38,0.64,1.0,ＴＰ３３１フタアリ,1.0,1.0,1.97,504.0,1.0,4.67,0.7837301587301587,五興商事（株）,3
167,35352ECB010    ,2023,39,0.64,1.0,ＴＰ３３１フタアリ,1.0,1.0,1.97,504.0,1.0,2.4650000000000003,0.4176587301587302,五興商事（株）,2
168,3539450A010    ,2023,35,0.71,3.0,サンボックスＣ３フタナシ,1.0,1.0,1.88,2000.0,1.0,5.26,,ミズショー（株）,4
169,3539450A010    ,2023,36,0.71,3.0,サンボックスＣ３フタナシ,1.0,1.0,1.88,2000.0,1.0,5.63,0.89625,ミズショー（株）,4
170,3539450A010    ,2023,37,0.71,3.0,サンボックスＣ３フタナシ,1.0,1.0,1.88,2000.0,1.0,6.586666666666666,0.8773333333333334,ミズショー（株）,3
171,3539450A010    ,2023,38,0.71,3.0,サンボックスＣ３フタナシ,1.0,1.0,1.88,2000.0,1.0,6.4399999999999995,0.8904,ミズショー（株）,5
172,35409ECB010    ,2023,35,0.66,1.0,ＴＰ１３１フタナシ,1.0,1.0,2.26,200.0,1.0,5.818,2.055,サンコール（株）,10
173,35409ECB010    ,2023,36,0.66,1.0,ＴＰ１３１フタナシ,1.0,1.0,2.26,200.0,1.0,2.9857142857142853,1.7707142857142857,サンコール（株）,7
174,35409ECB010    ,2023,37,0.66,1.0,ＴＰ１３１フタナシ,1.0,1.0,2.26,200.0,1.0,3.0844444444444443,1.7105555555555556,サンコール（株）,9
175,35409ECB010    ,2023,38,0.66,1.0,ＴＰ１３１フタナシ,1.0,1.0,2.26,200.0,1.0,3.137,1.7329999999999999,サンコール（株）,10
176,35409ECB010    ,2023,39,0.66,1.0,ＴＰ１３１フタナシ,1.0,1.0,2.26,200.0,1.0,1.906666666666667,1.6141666666666667,サンコール（株）,6
177,35441ECB010    ,2023,35,0.67,3.0,ＴＰ３３１フタナシ,1.0,1.0,2.14,48.0,1.0,2.705670103092783,19.695833333333333,（株）ニフコ,97
178,35441ECB010    ,2023,36,0.67,3.0,ＴＰ３３１フタナシ,1.0,1.0,2.14,48.0,1.0,2.3641573033707863,17.594101123595507,（株）ニフコ,89
179,35441ECB010    ,2023,37,0.67,3.0,ＴＰ３３１フタナシ,1.0,1.0,2.14,48.0,1.0,2.221530612244898,17.001062925170068,（株）ニフコ,98
180,35441ECB010    ,2023,38,0.67,3.0,ＴＰ３３１フタナシ,1.0,1.0,2.14,48.0,1.0,2.347840909090909,16.909801136363637,（株）ニフコ,88
181,35441ECB010    ,2023,39,0.67,3.0,ＴＰ３３１フタナシ,1.0,1.0,2.14,48.0,1.0,1.571641791044776,16.332089552238806,（株）ニフコ,67
182,35441TFA010    ,2023,35,0.67,1.0,ＴＰ３３１フタナシ,1.0,1.0,2.14,100.0,1.0,3.7674999999999996,4.125,（株）ニフコ,20
183,35441TFA010    ,2023,36,0.67,1.0,ＴＰ３３１フタナシ,1.0,1.0,2.14,100.0,1.0,2.90875,3.768125,（株）ニフコ,16
184,35441TFA010    ,2023,37,0.67,1.0,ＴＰ３３１フタナシ,1.0,1.0,2.14,100.0,1.0,2.2173684210526314,3.4478947368421053,（株）ニフコ,19
185,35441TFA010    ,2023,38,0.67,1.0,ＴＰ３３１フタナシ,1.0,1.0,2.14,100.0,1.0,2.3131578947368423,3.62,（株）ニフコ,19
186,35441TFA010    ,2023,39,0.67,1.0,ＴＰ３３１フタナシ,1.0,1.0,2.14,100.0,1.0,1.7233333333333332,3.1426666666666665,（株）ニフコ,15
187,3548255A010    ,2023,35,0.57,1.0,ＡＷ１３１フタナシ,1.0,1.0,1.78,300.0,1.0,4.715555555555556,1.7633333333333334,サトープレス工業（株）,9
188,3548255A010    ,2023,36,0.57,1.0,ＡＷ１３１フタナシ,1.0,1.0,1.78,300.0,1.0,6.03,1.6905555555555558,サトープレス工業（株）,6
189,3548255A010    ,2023,37,0.57,1.0,ＡＷ１３１フタナシ,1.0,1.0,1.78,300.0,1.0,3.57125,1.46375,サトープレス工業（株）,8
190,3548255A010    ,2023,38,0.57,1.0,ＡＷ１３１フタナシ,1.0,1.0,1.78,300.0,1.0,3.5828571428571427,1.399047619047619,サトープレス工業（株）,7
191,3548255A010    ,2023,39,0.57,1.0,ＡＷ１３１フタナシ,1.0,1.0,1.78,300.0,1.0,1.22,1.6560000000000001,サトープレス工業（株）,5
192,35482TFA010    ,2023,35,0.66,1.0,ＡＷ１３１フタナシ,1.0,1.0,1.78,1000.0,1.0,14.065000000000001,0.372,サトープレス工業（株）,2
193,35482TFA010    ,2023,37,0.66,1.0,ＡＷ１３１フタナシ,1.0,1.0,1.78,1000.0,1.0,7.095000000000001,0.369,サトープレス工業（株）,2
194,35482TFA010    ,2023,38,0.66,1.0,ＡＷ１３１フタナシ,1.0,1.0,1.78,1000.0,1.0,7.510000000000001,0.42,サトープレス工業（株）,1
195,35501ECB010    ,2023,35,0.6,1.0,ＴＰ３３１フタナシ,1.0,1.0,1.38,100.0,1.0,3.277368421052632,4.13,大橋鉄工（株）,19
196,35501ECB010    ,2023,36,0.6,1.0,ＴＰ３３１フタナシ,1.0,1.0,1.38,100.0,1.0,2.328421052631579,3.831578947368421,大橋鉄工（株）,19
197,35501ECB010    ,2023,37,0.6,1.0,ＴＰ３３１フタナシ,1.0,1.0,1.38,100.0,1.0,2.1238095238095234,3.671904761904762,大橋鉄工（株）,21
198,35501ECB010    ,2023,38,0.6,1.0,ＴＰ３３１フタナシ,1.0,1.0,1.38,100.0,1.0,2.6233333333333335,3.677619047619048,大橋鉄工（株）,21
199,35501ECB010    ,2023,39,0.6,1.0,ＴＰ３３１フタナシ,1.0,1.0,1.38,100.0,1.0,1.6878571428571427,3.343571428571429,大橋鉄工（株）,14
200,35505ECB010    ,2023,35,0.81,1.0,ＴＰ１３１フタナシ,1.0,2.0,2.34,24.0,1.4487179487179487,2.0164102564102566,16.0703125,中庸スプリング（株）,78
201,35505ECB010    ,2023,36,0.81,1.0,ＴＰ１３１フタナシ,1.0,2.0,2.34,24.0,1.475609756097561,1.6489024390243903,15.395325203252034,中庸スプリング（株）,82
202,35505ECB010    ,2023,37,0.81,1.0,ＴＰ１３１フタナシ,1.0,2.0,2.34,24.0,1.4588235294117646,1.5045882352941176,14.82892156862745,中庸スプリング（株）,85
203,35505ECB010    ,2023,38,0.81,1.0,ＴＰ１３１フタナシ,1.0,2.0,2.34,24.0,1.4675324675324675,1.5681818181818181,14.709415584415584,中庸スプリング（株）,77
204,35505ECB010    ,2023,39,0.81,1.0,ＴＰ１３１フタナシ,1.0,2.0,2.34,24.0,1.4,1.1532857142857142,14.857142857142858,中庸スプリング（株）,70
205,35556ECB010    ,2023,35,0.75,1.0,ＡＷ１３１フタナシ,1.0,2.0,3.8,100.0,1.4705882352941178,3.086875,4.11,（株）ギフ加藤製作所,17
206,35556ECB010    ,2023,36,0.75,1.0,ＡＷ１３１フタナシ,1.0,2.0,3.8,100.0,1.55,2.2033333333333336,3.6327777777777777,（株）ギフ加藤製作所,20
207,35556ECB010    ,2023,37,0.75,1.0,ＡＷ１３１フタナシ,1.0,2.0,3.8,100.0,1.4736842105263157,2.0938461538461537,3.5115384615384615,（株）ギフ加藤製作所,19
208,35556ECB010    ,2023,38,0.75,1.0,ＡＷ１３１フタナシ,1.0,2.0,3.8,100.0,1.5263157894736843,1.911875,3.514375,（株）ギフ加藤製作所,19
209,35556ECB010    ,2023,39,0.75,1.0,ＡＷ１３１フタナシ,1.0,2.0,3.8,100.0,1.4285714285714286,1.6014285714285716,3.6435714285714282,（株）ギフ加藤製作所,14
210,35557ECB010    ,2023,35,0.89,1.0,ＴＰ１３１フタナシ,1.0,2.0,4.94,46.0,1.4651162790697674,2.60025641025641,9.0,小川工業（株）,43
211,35557ECB010    ,2023,36,0.89,1.0,ＴＰ１３１フタナシ,1.0,2.0,4.94,46.0,1.4390243902439024,1.8727027027027026,7.877203290246769,小川工業（株）,41
212,35557ECB010    ,2023,37,0.89,1.0,ＴＰ１３１フタナシ,1.0,2.0,4.94,46.0,1.4545454545454546,1.8869230769230767,7.135451505016722,小川工業（株）,44
213,35557ECB010    ,2023,38,0.89,1.0,ＴＰ１３１フタナシ,1.0,2.0,4.94,46.0,1.4761904761904763,1.8216216216216214,7.539365452408931,小川工業（株）,42
214,35557ECB010    ,2023,39,0.89,1.0,ＴＰ１３１フタナシ,1.0,2.0,4.94,46.0,1.303030303030303,1.5666666666666667,7.529644268774703,小川工業（株）,33
215,35580ECB011    ,2023,35,0.9,3.0,ＴＰ３４２フタアリ,1.0,4.0,8.04,6.0,2.45,3.15,68.53508771929825,アイシン精機（株）,300
216,35580ECB011    ,2023,36,0.9,3.0,ＴＰ３４２フタアリ,1.0,4.0,8.04,6.0,2.4567164179104477,3.5813772455089823,60.81137724550898,アイシン精機（株）,335
217,35580ECB011    ,2023,37,0.9,3.0,ＴＰ３４２フタアリ,1.0,4.0,8.04,6.0,2.453216374269006,2.0027272727272725,58.82551319648094,アイシン精機（株）,342
218,35580ECB011    ,2023,38,0.9,3.0,ＴＰ３４２フタアリ,1.0,4.0,8.04,6.0,2.4466019417475726,2.860453074433657,59.39590075512405,アイシン精機（株）,309
219,35580ECB011    ,2023,39,0.9,3.0,ＴＰ３４２フタアリ,1.0,4.0,8.04,6.0,2.0788177339901477,1.9014285714285715,55.62807881773399,アイシン精機（株）,203
220,35595ECB010    ,2023,35,0.57,1.0,ＴＰ３３１フタナシ,1.0,1.0,1.78,40.0,1.0,2.3731250000000004,10.341666666666667,サトープレス工業（株）,48
221,35595ECB010    ,2023,36,0.57,1.0,ＴＰ３３１フタナシ,1.0,1.0,1.78,40.0,1.0,1.6204444444444446,9.310555555555556,サトープレス工業（株）,45
222,35595ECB010    ,2023,37,0.57,1.0,ＴＰ３３１フタナシ,1.0,1.0,1.78,40.0,1.0,1.5208000000000002,8.911,サトープレス工業（株）,50
223,35595ECB010    ,2023,38,0.57,1.0,ＴＰ３３１フタナシ,1.0,1.0,1.78,40.0,1.0,1.5721276595744682,8.628191489361702,サトープレス工業（株）,47
224,35595ECB010    ,2023,39,0.57,1.0,ＴＰ３３１フタナシ,1.0,1.0,1.78,40.0,1.0,1.2114285714285713,8.976190476190476,サトープレス工業（株）,42
225,3559850A010    ,2023,35,0.9,1.0,ＴＰ１３１フタナシ,1.0,2.0,3.92,100.0,1.411764705882353,2.965294117647059,4.13,アイコー（株）,17
226,3559850A010    ,2023,36,0.9,1.0,ＴＰ１３１フタナシ,1.0,2.0,3.92,100.0,1.4210526315789473,2.1310526315789473,3.834736842105263,アイコー（株）,19
227,3559850A010    ,2023,37,0.9,1.0,ＴＰ１３１フタナシ,1.0,2.0,3.92,100.0,1.5,1.9765000000000001,3.6865,アイコー（株）,20
228,3559850A010    ,2023,38,0.9,1.0,ＴＰ１３１フタナシ,1.0,2.0,3.92,100.0,1.5263157894736843,2.033684210526316,3.617368421052632,アイコー（株）,19
229,3559850A010    ,2023,39,0.9,1.0,ＴＰ１３１フタナシ,1.0,2.0,3.92,100.0,1.3333333333333333,1.47,3.658666666666667,アイコー（株）,15
230,35771ECB010    ,2023,35,0.79,3.0,ＴＰ３４１フタナシ,1.0,6.0,4.92,4.0,3.606060606060606,1.0438901098901099,79.91666666666667,アイシン機工（株）,462
231,35771ECB010    ,2023,36,0.79,3.0,ＴＰ３４１フタナシ,1.0,6.0,4.92,4.0,3.6023622047244093,0.8001425661914461,92.71894093686355,アイシン機工（株）,508
232,35771ECB010    ,2023,37,0.79,3.0,ＴＰ３４１フタナシ,1.0,6.0,4.92,4.0,3.583497053045187,0.8086199095022625,87.61142533936652,アイシン機工（株）,509
233,35771ECB010    ,2023,38,0.79,3.0,ＴＰ３４１フタナシ,1.0,6.0,4.92,4.0,3.5527426160337554,0.8141189427312776,86.76101321585904,アイシン機工（株）,474
234,35771ECB010    ,2023,39,0.79,3.0,ＴＰ３４１フタナシ,1.0,6.0,4.92,4.0,3.3503480278422275,0.880046403712297,88.9431554524362,アイシン機工（株）,431
235,35771ECE010    ,2023,35,0.79,2.0,ＴＰ３４１フタナシ,1.0,6.0,4.92,6.0,3.5669642857142856,1.3968325791855203,77.681592039801,アイシン機工（株）,448
236,35771ECE010    ,2023,36,0.79,2.0,ＴＰ３４１フタナシ,1.0,6.0,4.92,6.0,3.6159090909090907,1.2344470588235295,79.70470588235294,アイシン機工（株）,440
237,35771ECE010    ,2023,37,0.79,2.0,ＴＰ３４１フタナシ,1.0,6.0,4.92,6.0,3.6178489702517163,1.4323746701846967,75.64819700967459,アイシン機工（株）,437
238,35771ECE010    ,2023,38,0.79,2.0,ＴＰ３４１フタナシ,1.0,6.0,4.92,6.0,3.547979797979798,1.2996344647519582,75.7136640557006,アイシン機工（株）,396
239,35771ECE010    ,2023,39,0.79,2.0,ＴＰ３４１フタナシ,1.0,6.0,4.92,6.0,3.3628318584070795,0.9840412979351033,73.53638151425761,アイシン機工（株）,339
240,35847ECB010    ,2023,35,0.51,1.0,ＴＰ３３２フタナシ,1.0,1.0,1.9,80.0,1.0,3.0124137931034487,5.15,（株）メタルテック,29
241,35847ECB010    ,2023,36,0.51,1.0,ＴＰ３３２フタナシ,1.0,1.0,1.9,80.0,1.0,2.241851851851852,4.724537037037037,（株）メタルテック,27
242,35847ECB010    ,2023,37,0.51,1.0,ＴＰ３３２フタナシ,1.0,1.0,1.9,80.0,1.0,2.2947058823529414,4.273529411764706,（株）メタルテック,29
243,35847ECB010    ,2023,38,0.51,1.0,ＴＰ３３２フタナシ,1.0,1.0,1.9,80.0,1.0,2.1082758620689654,4.582327586206896,（株）メタルテック,29
244,35847ECB010    ,2023,39,0.51,1.0,ＴＰ３３２フタナシ,1.0,1.0,1.9,80.0,1.0,1.4037499999999998,4.558333333333334,（株）メタルテック,24
245,35847ECB020    ,2023,35,0.5,1.0,ＴＰ３３２フタナシ,1.0,1.0,1.9,70.0,1.0,3.0200000000000005,5.871428571428571,（株）メタルテック,29
246,35847ECB020    ,2023,36,0.5,1.0,ＴＰ３３２フタナシ,1.0,1.0,1.9,70.0,1.0,2.0791304347826087,5.072049689440994,（株）メタルテック,23
247,35847ECB020    ,2023,37,0.5,1.0,ＴＰ３３２フタナシ,1.0,1.0,1.9,70.0,1.0,2.0094117647058827,4.946218487394958,（株）メタルテック,29
248,35847ECB020    ,2023,38,0.5,1.0,ＴＰ３３２フタナシ,1.0,1.0,1.9,70.0,1.0,1.8492592592592592,5.01005291005291,（株）メタルテック,27
249,35847ECB020    ,2023,39,0.5,1.0,ＴＰ３３２フタナシ,1.0,1.0,1.9,70.0,1.0,1.24,4.957142857142857,（株）メタルテック,24
250,35847ECE010    ,2023,35,0.5,1.0,ＴＰ３３２フタナシ,1.0,1.0,1.9,40.0,1.0,2.4847058823529413,13.257142857142856,（株）メタルテック,68
251,35847ECE010    ,2023,36,0.5,1.0,ＴＰ３３２フタナシ,1.0,1.0,1.9,40.0,1.0,2.254,12.007083333333332,（株）メタルテック,60
252,35847ECE010    ,2023,37,0.5,1.0,ＴＰ３３２フタナシ,1.0,1.0,1.9,40.0,1.0,2.417948717948718,11.267948717948718,（株）メタルテック,65
253,35847ECE010    ,2023,38,0.5,1.0,ＴＰ３３２フタナシ,1.0,1.0,1.9,40.0,1.0,2.3398360655737704,11.282377049180328,（株）メタルテック,61
254,35847ECE010    ,2023,39,0.5,1.0,ＴＰ３３２フタナシ,1.0,1.0,1.9,40.0,1.0,1.5556249999999998,10.8671875,（株）メタルテック,48
255,35847ECE020    ,2023,35,0.49,1.0,ＴＰ３３２フタナシ,1.0,1.0,1.9,60.0,1.0,2.771777777777778,7.81851851851852,（株）メタルテック,45
256,35847ECE020    ,2023,36,0.49,1.0,ＴＰ３３２フタナシ,1.0,1.0,1.9,60.0,1.0,2.603658536585366,7.828048780487805,（株）メタルテック,41
257,35847ECE020    ,2023,37,0.49,1.0,ＴＰ３３２フタナシ,1.0,1.0,1.9,60.0,1.0,2.9928000000000003,7.4,（株）メタルテック,43
258,35847ECE020    ,2023,38,0.49,1.0,ＴＰ３３２フタナシ,1.0,1.0,1.9,60.0,1.0,2.6335,7.584999999999999,（株）メタルテック,40
259,35847ECE020    ,2023,39,0.49,1.0,ＴＰ３３２フタナシ,1.0,1.0,1.9,60.0,1.0,1.6132258064516127,7.197311827956989,（株）メタルテック,31
260,35882ECB010    ,2023,35,0.5,1.0,ＴＰ３３２フタナシ,1.0,1.0,1.9,50.0,1.0,2.6573333333333338,7.293333333333333,（株）メタルテック,45
261,35882ECB010    ,2023,36,0.5,1.0,ＴＰ３３２フタナシ,1.0,1.0,1.9,50.0,1.0,1.8157500000000002,7.346000000000001,（株）メタルテック,40
262,35882ECB010    ,2023,37,0.5,1.0,ＴＰ３３２フタナシ,1.0,1.0,1.9,50.0,1.0,1.9830769230769232,6.857692307692308,（株）メタルテック,45
263,35882ECB010    ,2023,38,0.5,1.0,ＴＰ３３２フタナシ,1.0,1.0,1.9,50.0,1.0,1.7036585365853658,6.976097560975609,（株）メタルテック,41
264,35882ECB010    ,2023,39,0.5,1.0,ＴＰ３３２フタナシ,1.0,1.0,1.9,50.0,1.0,1.2279487179487178,7.265641025641026,（株）メタルテック,39
265,36108ECB010    ,2023,35,0.64,1.0,ＴＰ３３１．５フタナシ,1.0,1.0,1.97,150.0,1.0,3.5775,2.7533333333333334,（株）オーハシテクニカ,12
266,36108ECB010    ,2023,36,0.64,1.0,ＴＰ３３１．５フタナシ,1.0,1.0,1.97,150.0,1.0,2.8541666666666665,2.503888888888889,（株）オーハシテクニカ,12
267,36108ECB010    ,2023,37,0.64,1.0,ＴＰ３３１．５フタナシ,1.0,1.0,1.97,150.0,1.0,2.6923076923076925,2.3446153846153845,（株）オーハシテクニカ,13
268,36108ECB010    ,2023,38,0.64,1.0,ＴＰ３３１．５フタナシ,1.0,1.0,1.97,150.0,1.0,2.7646153846153845,2.3712820512820514,（株）オーハシテクニカ,13
269,36108ECB010    ,2023,39,0.64,1.0,ＴＰ３３１．５フタナシ,1.0,1.0,1.97,150.0,1.0,2.00625,2.2316666666666665,（株）オーハシテクニカ,8
270,39171ECB010    ,2023,35,0.62,3.0,Aﾊﾟﾚﾌﾀﾅｼ,1.0,24.0,19.68,16.0,12.1,,,（株）アイシン福井,70
271,39171ECB010    ,2023,36,0.62,3.0,Aﾊﾟﾚﾌﾀﾅｼ,1.0,24.0,19.68,16.0,13.60759493670886,,,（株）アイシン福井,79
272,39171ECB010    ,2023,37,0.62,3.0,Aﾊﾟﾚﾌﾀﾅｼ,1.0,24.0,19.68,16.0,12.950617283950617,,,（株）アイシン福井,81
273,39171ECB010    ,2023,38,0.62,3.0,Aﾊﾟﾚﾌﾀﾅｼ,1.0,24.0,19.68,16.0,13.16842105263158,3.5819999999999994,26.25,（株）アイシン福井,95
274,39171ECB010    ,2023,39,0.62,3.0,Aﾊﾟﾚﾌﾀﾅｼ,1.0,24.0,19.68,16.0,10.641509433962264,0.6743396226415095,22.19870283018868,（株）アイシン福井,106
275,39171ECE010    ,2023,35,0.63,3.0,Aﾊﾟﾚﾌﾀﾅｼ,1.0,24.0,19.68,20.0,10.178571428571429,,,（株）アイシン福井,56
276,39171ECE010    ,2023,36,0.63,3.0,Aﾊﾟﾚﾌﾀﾅｼ,1.0,24.0,19.68,20.0,10.485714285714286,,,（株）アイシン福井,35
277,39171ECE010    ,2023,37,0.63,3.0,Aﾊﾟﾚﾌﾀﾅｼ,1.0,24.0,19.68,20.0,12.11111111111111,,,（株）アイシン福井,45
278,39171ECE010    ,2023,38,0.63,3.0,Aﾊﾟﾚﾌﾀﾅｼ,1.0,24.0,19.68,20.0,9.857142857142858,3.2399999999999998,25.697058823529414,（株）アイシン福井,63
279,39171ECE010    ,2023,39,0.63,3.0,Aﾊﾟﾚﾌﾀﾅｼ,1.0,24.0,19.68,20.0,10.736842105263158,1.0408421052631578,21.976315789473684,（株）アイシン福井,95
280,41310ECB010    ,2023,35,0.69,2.0,サンボックス＃２４Ａフタアリ,1.0,4.0,4.0,2.0,2.4596949891067537,1.2371995464852608,168.9041095890411,（株）オンド,918
281,41310ECB010    ,2023,36,0.69,2.0,サンボックス＃２４Ａフタアリ,1.0,4.0,4.0,2.0,2.52324431256182,0.9455072463768116,187.22017837235228,（株）オンド,1011
282,41310ECB010    ,2023,37,0.69,2.0,サンボックス＃２４Ａフタアリ,1.0,4.0,4.0,2.0,2.4961089494163424,0.9843233944954127,174.89965596330276,（株）オンド,1028
283,41310ECB010    ,2023,38,0.69,2.0,サンボックス＃２４Ａフタアリ,1.0,4.0,4.0,2.0,2.4714912280701755,0.9516260162601626,172.40301974448315,（株）オンド,912
284,41310ECB010    ,2023,39,0.69,2.0,サンボックス＃２４Ａフタアリ,1.0,4.0,4.0,2.0,2.3729792147806004,0.9372170900692841,179.00288683602773,（株）オンド,866
285,41310ECE010    ,2023,35,0.7,3.0,ｻﾝﾎﾞｯｸｽ＃24Aﾌﾀｱﾘ,1.0,4.0,4.0,2.0,2.4847356664184663,1.6456733746130032,267.0842696629214,（株）オンド,1343
286,41310ECE010    ,2023,36,0.7,3.0,ｻﾝﾎﾞｯｸｽ＃24Aﾌﾀｱﾘ,1.0,4.0,4.0,2.0,2.531322505800464,1.3497294938917974,236.94851657940663,（株）オンド,1293
287,41310ECE010    ,2023,37,0.7,3.0,ｻﾝﾎﾞｯｸｽ＃24Aﾌﾀｱﾘ,1.0,4.0,4.0,2.0,2.4942878903274943,1.6134538878842677,225.4620253164557,（株）オンド,1313
288,41310ECE010    ,2023,38,0.7,3.0,ｻﾝﾎﾞｯｸｽ＃24Aﾌﾀｱﾘ,1.0,4.0,4.0,2.0,2.4677966101694917,1.48152466367713,225.17219730941704,（株）オンド,1180
289,41310ECE010    ,2023,39,0.7,3.0,ｻﾝﾎﾞｯｸｽ＃24Aﾌﾀｱﾘ,1.0,4.0,4.0,2.0,2.3031218529707957,1.2541087613293052,220.71500503524672,（株）オンド,993
290,5040056001E    ,2023,35,0.58,3.0,AW131ﾌﾀﾅｼ,1.0,1.0,1.78,300.0,1.0,2.7935483870967746,6.9,サトープレス工業（株）,31
291,5040056001E    ,2023,36,0.58,3.0,AW131ﾌﾀﾅｼ,1.0,1.0,1.78,300.0,1.0,2.0909375,5.558333333333334,サトープレス工業（株）,32
292,5040056001E    ,2023,37,0.58,3.0,AW131ﾌﾀﾅｼ,1.0,1.0,1.78,300.0,1.0,2.42,6.448989898989899,サトープレス工業（株）,33
293,5040056001E    ,2023,38,0.58,3.0,AW131ﾌﾀﾅｼ,1.0,1.0,1.78,300.0,1.0,2.10875,5.003125,サトープレス工業（株）,32
294,5040056001E    ,2023,39,0.58,3.0,AW131ﾌﾀﾅｼ,1.0,1.0,1.78,300.0,1.0,1.529583333333333,6.345138888888889,サトープレス工業（株）,24
295,82125ECB010    ,2023,35,0.58,1.0,ＴＰ３３２フタアリ,1.0,1.0,1.79,100.0,1.0,3.4129999999999994,4.125,矢崎総業（株）,20
296,82125ECB010    ,2023,36,0.58,1.0,ＴＰ３３２フタアリ,1.0,1.0,1.79,100.0,1.0,2.283125,3.5725000000000002,矢崎総業（株）,16
297,82125ECB010    ,2023,37,0.58,1.0,ＴＰ３３２フタアリ,1.0,1.0,1.79,100.0,1.0,1.9310000000000003,3.4975,矢崎総業（株）,20
298,82125ECB010    ,2023,38,0.58,1.0,ＴＰ３３２フタアリ,1.0,1.0,1.79,100.0,1.0,2.053,3.446,矢崎総業（株）,20
299,82125ECB010    ,2023,39,0.58,1.0,ＴＰ３３２フタアリ,1.0,1.0,1.79,100.0,1.0,1.5706666666666669,3.3786666666666667,矢崎総業（株）,15
300,82125ECE010    ,2023,35,0.58,1.0,ＴＰ３３２フタアリ,1.0,1.0,1.79,100.0,1.0,2.6726923076923077,5.333333333333333,矢崎総業（株）,26
301,82125ECE010    ,2023,36,0.58,1.0,ＴＰ３３２フタアリ,1.0,1.0,1.79,100.0,1.0,2.61125,4.75,矢崎総業（株）,24
302,82125ECE010    ,2023,37,0.58,1.0,ＴＰ３３２フタアリ,1.0,1.0,1.79,100.0,1.0,2.2961538461538464,4.473076923076923,矢崎総業（株）,26
303,82125ECE010    ,2023,38,0.58,1.0,ＴＰ３３２フタアリ,1.0,1.0,1.79,100.0,1.0,2.3295833333333333,4.513333333333333,矢崎総業（株）,24
304,82125ECE010    ,2023,39,0.58,1.0,ＴＰ３３２フタアリ,1.0,1.0,1.79,100.0,1.0,1.566470588235294,4.415882352941176,矢崎総業（株）,17
305,82821CWA030    ,2023,35,0.83,1.0,ＴＰ３３２フタナシ,1.0,2.0,3.64,200.0,1.5238095238095237,4.580952380952381,4.72875,石黒ゴム工業（株）,21
306,82821CWA030    ,2023,36,0.83,1.0,ＴＰ３３２フタナシ,1.0,2.0,3.64,200.0,1.4761904761904763,3.9542857142857137,4.156190476190476,石黒ゴム工業（株）,21
307,82821CWA030    ,2023,37,0.83,1.0,ＴＰ３３２フタナシ,1.0,2.0,3.64,200.0,1.4782608695652173,3.818695652173913,4.009347826086957,石黒ゴム工業（株）,23
308,82821CWA030    ,2023,38,0.83,1.0,ＴＰ３３２フタナシ,1.0,2.0,3.64,200.0,1.5,3.9490909090909088,4.041363636363636,石黒ゴム工業（株）,22
309,82821CWA030    ,2023,39,0.83,1.0,ＴＰ３３２フタナシ,1.0,2.0,3.64,200.0,1.4545454545454546,2.691818181818182,3.544545454545455,石黒ゴム工業（株）,11
310,82821ECB010    ,2023,35,0.83,1.0,ＴＰ３３２フタナシ,1.0,2.0,3.64,400.0,1.4444444444444444,3.9177777777777774,2.36375,石黒ゴム工業（株）,9
311,82821ECB010    ,2023,36,0.83,1.0,ＴＰ３３２フタナシ,1.0,2.0,3.64,400.0,1.4545454545454546,4.533636363636363,2.080454545454545,石黒ゴム工業（株）,11
312,82821ECB010    ,2023,37,0.83,1.0,ＴＰ３３２フタナシ,1.0,2.0,3.64,400.0,1.5,4.446666666666666,1.9927083333333335,石黒ゴム工業（株）,12
313,82821ECB010    ,2023,38,0.83,1.0,ＴＰ３３２フタナシ,1.0,2.0,3.64,400.0,1.5,4.271,2.2075,石黒ゴム工業（株）,10
314,82821ECB010    ,2023,39,0.83,1.0,ＴＰ３３２フタナシ,1.0,2.0,3.64,400.0,1.25,2.035,1.57625,石黒ゴム工業（株）,4
315,82821ECB020    ,2023,35,0.87,1.0,ＴＰ１３１フタナシ,1.0,2.0,3.64,200.0,1.5454545454545454,4.542272727272728,4.726999999999999,石黒ゴム工業（株）,22
316,82821ECB020    ,2023,36,0.87,1.0,ＴＰ１３１フタナシ,1.0,2.0,3.64,200.0,1.5238095238095237,4.100952380952381,4.1811904761904755,石黒ゴム工業（株）,21
317,82821ECB020    ,2023,37,0.87,1.0,ＴＰ１３１フタナシ,1.0,2.0,3.64,200.0,1.5217391304347827,4.07391304347826,4.011086956521739,石黒ゴム工業（株）,23
318,82821ECB020    ,2023,38,0.87,1.0,ＴＰ１３１フタナシ,1.0,2.0,3.64,200.0,1.5217391304347827,4.427826086956522,4.031521739130435,石黒ゴム工業（株）,23
319,82821ECB020    ,2023,39,0.87,1.0,ＴＰ１３１フタナシ,1.0,2.0,3.64,200.0,1.4,2.597,3.0469999999999997,石黒ゴム工業（株）,10
320,82821ECB040    ,2023,35,0.83,1.0,ＴＰ３４２フタナシ,1.0,2.0,3.64,100.0,1.6111111111111112,3.388333333333333,4.125,石黒ゴム工業（株）,18
321,82821ECB040    ,2023,36,0.83,1.0,ＴＰ３４２フタナシ,1.0,2.0,3.64,100.0,1.5,2.42,3.6033333333333335,石黒ゴム工業（株）,18
322,82821ECB040    ,2023,37,0.83,1.0,ＴＰ３４２フタナシ,1.0,2.0,3.64,100.0,1.5,2.3794999999999997,3.464,石黒ゴム工業（株）,20
323,82821ECB040    ,2023,38,0.83,1.0,ＴＰ３４２フタナシ,1.0,2.0,3.64,100.0,1.4736842105263157,2.3573684210526316,3.6221052631578945,石黒ゴム工業（株）,19
324,82821ECB040    ,2023,39,0.83,1.0,ＴＰ３４２フタナシ,1.0,2.0,3.64,100.0,1.5,1.7857142857142858,3.3907142857142856,石黒ゴム工業（株）,14
325,82821ECB050    ,2023,35,0.83,1.0,ＴＰ３３２フタナシ,1.0,2.0,3.64,100.0,1.5909090909090908,3.9377272727272725,9.45888888888889,石黒ゴム工業（株）,44
326,82821ECB050    ,2023,36,0.83,1.0,ＴＰ３３２フタナシ,1.0,2.0,3.64,100.0,1.5476190476190477,3.3988095238095237,8.33595238095238,石黒ゴム工業（株）,42
327,82821ECB050    ,2023,37,0.83,1.0,ＴＰ３３２フタナシ,1.0,2.0,3.64,100.0,1.4893617021276595,3.361489361702127,8.084468085106382,石黒ゴム工業（株）,47
328,82821ECB050    ,2023,38,0.83,1.0,ＴＰ３３２フタナシ,1.0,2.0,3.64,100.0,1.511111111111111,3.4153333333333333,8.21111111111111,石黒ゴム工業（株）,45
329,82821ECB050    ,2023,39,0.83,1.0,ＴＰ３３２フタナシ,1.0,2.0,3.64,100.0,1.44,2.5564,7.365600000000001,石黒ゴム工業（株）,25
330,82821ECE010    ,2023,35,1.07,1.0,ＴＰ３３２フタナシ,1.0,2.0,3.64,50.0,1.5185185185185186,5.286296296296296,10.649090909090908,石黒ゴム工業（株）,54
331,82821ECE010    ,2023,36,1.07,1.0,ＴＰ３３２フタナシ,1.0,2.0,3.64,50.0,1.489795918367347,5.085510204081633,9.210612244897959,石黒ゴム工業（株）,49
332,82821ECE010    ,2023,37,1.07,1.0,ＴＰ３３２フタナシ,1.0,2.0,3.64,50.0,1.4901960784313726,5.167254901960784,9.16156862745098,石黒ゴム工業（株）,51
333,82821ECE010    ,2023,38,1.07,1.0,ＴＰ３３２フタナシ,1.0,2.0,3.64,50.0,1.5098039215686274,5.131764705882352,9.109019607843138,石黒ゴム工業（株）,51
334,82821ECE010    ,2023,39,1.07,1.0,ＴＰ３３２フタナシ,1.0,2.0,3.64,50.0,1.4666666666666666,3.7433333333333336,6.370666666666667,石黒ゴム工業（株）,15
335,82821XAE010    ,2023,35,0.87,1.0,ＴＰ１３１フタナシ,1.0,2.0,3.64,100.0,1.5333333333333334,3.9868888888888887,9.45625,石黒ゴム工業（株）,45
336,82821XAE010    ,2023,36,0.87,1.0,ＴＰ１３１フタナシ,1.0,2.0,3.64,100.0,1.488888888888889,3.565555555555555,8.367333333333333,石黒ゴム工業（株）,45
337,82821XAE010    ,2023,37,0.87,1.0,ＴＰ１３１フタナシ,1.0,2.0,3.64,100.0,1.4680851063829787,3.6448936170212765,8.104042553191489,石黒ゴム工業（株）,47
338,82821XAE010    ,2023,38,0.87,1.0,ＴＰ１３１フタナシ,1.0,2.0,3.64,100.0,1.5348837209302326,3.6927906976744183,7.980697674418604,石黒ゴム工業（株）,43
339,82821XAE010    ,2023,39,0.87,1.0,ＴＰ１３１フタナシ,1.0,2.0,3.64,100.0,1.4583333333333333,2.6983333333333337,7.355,石黒ゴム工業（株）,24
340,82821XAE020    ,2023,35,0.81,1.0,ＴＰ３３２フタナシ,1.0,2.0,3.64,400.0,1.5,5.9750000000000005,1.0425,石黒ゴム工業（株）,4
341,82821XAE020    ,2023,36,0.81,1.0,ＴＰ３３２フタナシ,1.0,2.0,3.64,400.0,1.5,4.5525,0.98125,石黒ゴム工業（株）,4
342,82821XAE020    ,2023,37,0.81,1.0,ＴＰ３３２フタナシ,1.0,2.0,3.64,400.0,1.2,4.046,0.761,石黒ゴム工業（株）,5
343,82821XAE020    ,2023,38,0.81,1.0,ＴＰ３３２フタナシ,1.0,2.0,3.64,400.0,1.2,3.784,0.7655000000000001,石黒ゴム工業（株）,5
344,82821XAE020    ,2023,39,0.81,1.0,ＴＰ３３２フタナシ,1.0,2.0,3.64,400.0,1.0,2.2250000000000005,1.01,石黒ゴム工業（株）,2
345,82824ECB010    ,2023,35,0.57,1.0,ＴＰ３３１フタアリ,1.0,1.0,1.79,32.0,1.0,2.087333333333333,12.84375,矢崎総業（株）,60
346,82824ECB010    ,2023,36,0.57,1.0,ＴＰ３３１フタアリ,1.0,1.0,1.79,32.0,1.0,1.515438596491228,11.417214912280702,矢崎総業（株）,57
347,82824ECB010    ,2023,37,0.57,1.0,ＴＰ３３１フタアリ,1.0,1.0,1.79,32.0,1.0,1.3193548387096774,11.18649193548387,矢崎総業（株）,62
348,82824ECB010    ,2023,38,0.57,1.0,ＴＰ３３１フタアリ,1.0,1.0,1.79,32.0,1.0,1.4471186440677966,10.989936440677965,矢崎総業（株）,59
349,82824ECB010    ,2023,39,0.57,1.0,ＴＰ３３１フタアリ,1.0,1.0,1.79,32.0,1.0,1.0548148148148149,11.004050925925926,矢崎総業（株）,54
350,82824ECB020    ,2023,35,0.58,1.0,ＴＰ３３１フタアリ,1.0,1.0,1.79,40.0,1.0,1.961282051282051,22.650000000000002,矢崎総業（株）,117
351,82824ECB020    ,2023,36,0.58,1.0,ＴＰ３３１フタアリ,1.0,1.0,1.79,40.0,1.0,1.7963636363636364,21.017500000000002,矢崎総業（株）,110
352,82824ECB020    ,2023,37,0.58,1.0,ＴＰ３３１フタアリ,1.0,1.0,1.79,40.0,1.0,1.8213793103448277,20.171120689655172,矢崎総業（株）,116
353,82824ECB020    ,2023,38,0.58,1.0,ＴＰ３３１フタアリ,1.0,1.0,1.79,40.0,1.0,1.8819417475728155,20.00485436893204,矢崎総業（株）,103
354,82824ECB020    ,2023,39,0.58,1.0,ＴＰ３３１フタアリ,1.0,1.0,1.79,40.0,1.0,1.250842105263158,19.74105263157895,矢崎総業（株）,95
355,82824ECE010    ,2023,35,0.36,1.0,ＴＰ３３２,1.0,1.0,3.25,45.0,1.0,2.522833333333333,10.877777777777778,住友電装（株）,60
356,82824ECE010    ,2023,36,0.36,1.0,ＴＰ３３２,1.0,1.0,3.25,45.0,1.0,1.970566037735849,10.50482180293501,住友電装（株）,53
357,82824ECE010    ,2023,37,0.36,1.0,ＴＰ３３２,1.0,1.0,3.25,45.0,1.0,2.1418072289156624,10.360642570281124,住友電装（株）,83
358,82824ECE010    ,2023,38,0.36,1.0,ＴＰ３３２,1.0,1.0,3.25,45.0,1.0,2.2018181818181817,10.125656565656566,住友電装（株）,55
359,82824ECE010    ,2023,39,0.36,1.0,ＴＰ３３２,1.0,1.0,3.25,45.0,1.0,1.020952380952381,9.765608465608466,住友電装（株）,42
360,9010506A003    ,2023,35,0.52,1.0,ＴＰ３３１フタナシ,1.0,6.0,5.76,2000.0,3.0,6.156666666666666,,（株）青山製作所,3
361,9010506A003    ,2023,36,0.52,1.0,ＴＰ３３１フタナシ,1.0,6.0,5.76,2000.0,5.5,7.8566666666666665,0.5266666666666667,（株）青山製作所,4
362,9010506A003    ,2023,37,0.52,1.0,ＴＰ３３１フタナシ,1.0,6.0,5.76,2000.0,3.6666666666666665,8.92,0.763,（株）青山製作所,3
363,9010506A003    ,2023,38,0.52,1.0,ＴＰ３３１フタナシ,1.0,6.0,5.76,2000.0,3.0,2.9600000000000004,0.75,（株）青山製作所,3
364,9010506A003    ,2023,39,0.52,1.0,ＴＰ３３１フタナシ,1.0,6.0,5.76,2000.0,6.0,2.3300000000000005,0.842,（株）青山製作所,1
365,9010506A089    ,2023,35,0.5,3.0,ＴＰ３３１フタナシ,1.0,6.0,5.76,1500.0,3.142857142857143,4.611428571428571,1.26,（株）青山製作所,7
366,9010506A089    ,2023,36,0.5,3.0,ＴＰ３３１フタナシ,1.0,6.0,5.76,1500.0,3.8,4.59,0.9551999999999999,（株）青山製作所,5
367,9010506A089    ,2023,37,0.5,3.0,ＴＰ３３１フタナシ,1.0,6.0,5.76,1500.0,3.4285714285714284,5.541666666666667,1.1722222222222223,（株）青山製作所,7
368,9010506A089    ,2023,38,0.5,3.0,ＴＰ３３１フタナシ,1.0,6.0,5.76,1500.0,4.0,5.2525,0.8973333333333333,（株）青山製作所,4
369,9010506A089    ,2023,39,0.5,3.0,ＴＰ３３１フタナシ,1.0,6.0,5.76,1500.0,2.6666666666666665,2.09,1.199111111111111,（株）青山製作所,3
370,9010508A014    ,2023,35,0.54,3.0,ＴＰ３３１フタナシ,1.0,6.0,5.76,500.0,3.4485714285714284,1.3290434782608695,62.004999999999995,（株）青山製作所,350
371,9010508A014    ,2023,36,0.54,3.0,ＴＰ３３１フタナシ,1.0,6.0,5.76,500.0,3.3693181818181817,1.2531976744186046,64.28752906976744,（株）青山製作所,352
372,9010508A014    ,2023,37,0.54,3.0,ＴＰ３３１フタナシ,1.0,6.0,5.76,500.0,3.4930747922437675,1.3925,61.057993827160495,（株）青山製作所,361
373,9010508A014    ,2023,38,0.54,3.0,ＴＰ３３１フタナシ,1.0,6.0,5.76,500.0,3.326984126984127,1.4495833333333332,59.9475641025641,（株）青山製作所,315
374,9010508A014    ,2023,39,0.54,3.0,ＴＰ３３１フタナシ,1.0,6.0,5.76,500.0,3.267148014440433,0.9789169675090251,60.296462093862814,（株）青山製作所,277
375,9010508A042    ,2023,35,0.53,1.0,ＴＰ３３１フタナシ,1.0,6.0,5.76,300.0,3.3214285714285716,1.0642857142857143,4.109999999999999,（株）青山製作所,28
376,9010508A042    ,2023,36,0.53,1.0,ＴＰ３３１フタナシ,1.0,6.0,5.76,300.0,3.121212121212121,0.8706060606060606,6.209090909090909,（株）青山製作所,33
377,9010508A042    ,2023,37,0.53,1.0,ＴＰ３３１フタナシ,1.0,6.0,5.76,300.0,3.4722222222222223,1.1140625,5.898958333333333,（株）青山製作所,36
378,9010508A042    ,2023,38,0.53,1.0,ＴＰ３３１フタナシ,1.0,6.0,5.76,300.0,3.032258064516129,1.396774193548387,5.685483870967742,（株）青山製作所,31
379,9010508A042    ,2023,39,0.53,1.0,ＴＰ３３１フタナシ,1.0,6.0,5.76,300.0,2.608695652173913,0.8991304347826087,5.658695652173913,（株）青山製作所,23
380,9010512A018    ,2023,35,0.74,3.0,ＴＰ３３１フタナシ,1.0,6.0,5.76,200.0,3.3236994219653178,1.2724561403508772,56.69672727272727,（株）青山製作所,346
381,9010512A018    ,2023,36,0.74,3.0,ＴＰ３３１フタナシ,1.0,6.0,5.76,200.0,3.514018691588785,1.1786538461538463,58.7875,（株）青山製作所,321
382,9010512A018    ,2023,37,0.74,3.0,ＴＰ３３１フタナシ,1.0,6.0,5.76,200.0,3.490566037735849,1.097777777777778,55.741875,（株）青山製作所,318
383,9010512A018    ,2023,38,0.74,3.0,ＴＰ３３１フタナシ,1.0,6.0,5.76,200.0,3.328813559322034,1.077157894736842,56.32428070175439,（株）青山製作所,295
384,9010512A018    ,2023,39,0.74,3.0,ＴＰ３３１フタナシ,1.0,6.0,5.76,200.0,3.2720588235294117,0.8843014705882353,55.61301470588235,（株）青山製作所,272
385,9011606048,2023,35,0.61,1.0,ＴＰ３３１フタナシ,1.0,2.0,1.06,3000.0,1.0,22.65,,（株）杉浦製作所,1
386,9011906908,2023,35,0.54,3.0,ＴＰ３３１フタナシ,1.0,6.0,5.76,2000.0,3.5,13.7975,0.6785,（株）青山製作所,4
387,9011906908,2023,36,0.54,3.0,ＴＰ３３１フタナシ,1.0,6.0,5.76,2000.0,3.6666666666666665,2.3533333333333335,0.452,（株）青山製作所,3
388,9011906908,2023,37,0.54,3.0,ＴＰ３３１フタナシ,1.0,6.0,5.76,2000.0,2.3333333333333335,2.5033333333333334,0.6386666666666666,（株）青山製作所,3
389,9011906908,2023,38,0.54,3.0,ＴＰ３３１フタナシ,1.0,6.0,5.76,2000.0,4.0,10.55,0.588,（株）青山製作所,1
390,9011906908,2023,39,0.54,3.0,ＴＰ３３１フタナシ,1.0,6.0,5.76,2000.0,2.0,1.98,0.6325,（株）青山製作所,1
391,9011906A065    ,2023,35,0.53,1.0,ＴＰ３３１フタナシ,1.0,6.0,5.76,1000.0,3.076923076923077,2.8366666666666664,2.835,（株）青山製作所,13
392,9011906A065    ,2023,36,0.53,1.0,ＴＰ３３１フタナシ,1.0,6.0,5.76,1000.0,3.4166666666666665,2.3175,2.5492500000000002,（株）青山製作所,12
393,9011906A065    ,2023,37,0.53,1.0,ＴＰ３３１フタナシ,1.0,6.0,5.76,1000.0,3.0714285714285716,2.34,2.4700714285714285,（株）青山製作所,14
394,9011906A065    ,2023,38,0.53,1.0,ＴＰ３３１フタナシ,1.0,6.0,5.76,1000.0,3.7857142857142856,1.9391666666666667,2.41175,（株）青山製作所,14
395,9011906A065    ,2023,39,0.53,1.0,ＴＰ３３１フタナシ,1.0,6.0,5.76,1000.0,2.875,1.75125,2.33025,（株）青山製作所,8
396,9014908A008    ,2023,35,0.52,1.0,ＴＰ３３１フタナシ,1.0,6.0,5.76,800.0,3.1666666666666665,1.32,3.5475,（株）青山製作所,12
397,9014908A008    ,2023,36,0.52,1.0,ＴＰ３３１フタナシ,1.0,6.0,5.76,800.0,2.9565217391304346,2.54,3.3496022727272727,（株）青山製作所,23
398,9014908A008    ,2023,37,0.52,1.0,ＴＰ３３１フタナシ,1.0,6.0,5.76,800.0,3.3846153846153846,1.955,3.0106249999999997,（株）青山製作所,13
399,9014908A008    ,2023,38,0.52,1.0,ＴＰ３３１フタナシ,1.0,6.0,5.76,800.0,3.526315789473684,2.385,2.9379166666666667,（株）青山製作所,19
400,9014908A008    ,2023,39,0.52,1.0,ＴＰ３３１フタナシ,1.0,6.0,5.76,800.0,2.0,1.8762499999999998,2.94,（株）青山製作所,8
401,9015905A007    ,2023,35,0.53,3.0,ＴＰ３３１フタナシ,1.0,6.0,5.76,2000.0,3.0,3.0999999999999996,2.8349999999999995,（株）青山製作所,14
402,9015905A007    ,2023,36,0.53,3.0,ＴＰ３３１フタナシ,1.0,6.0,5.76,2000.0,3.230769230769231,3.3453846153846154,2.134846153846154,（株）青山製作所,13
403,9015905A007    ,2023,37,0.53,3.0,ＴＰ３３１フタナシ,1.0,6.0,5.76,2000.0,3.6666666666666665,3.700714285714286,2.4188571428571426,（株）青山製作所,15
404,9015905A007    ,2023,38,0.53,3.0,ＴＰ３３１フタナシ,1.0,6.0,5.76,2000.0,3.357142857142857,3.0608333333333335,2.42775,（株）青山製作所,14
405,9015905A007    ,2023,39,0.53,3.0,ＴＰ３３１フタナシ,1.0,6.0,5.76,2000.0,2.1666666666666665,1.7183333333333335,2.1990000000000003,（株）青山製作所,6
406,9015906A021    ,2023,35,0.52,3.0,ＴＰ３３１フタナシ,1.0,6.0,5.76,1200.0,3.53125,1.7293548387096773,5.316666666666667,（株）青山製作所,32
407,9015906A021    ,2023,36,0.52,3.0,ＴＰ３３１フタナシ,1.0,6.0,5.76,1200.0,3.3333333333333335,1.6628125,6.121458333333333,（株）青山製作所,33
408,9015906A021    ,2023,37,0.52,3.0,ＴＰ３３１フタナシ,1.0,6.0,5.76,1200.0,3.6470588235294117,1.7937931034482757,5.6066091954022985,（株）青山製作所,34
409,9015906A021    ,2023,38,0.52,3.0,ＴＰ３３１フタナシ,1.0,6.0,5.76,1200.0,3.1724137931034484,1.7985714285714285,5.680119047619049,（株）青山製作所,29
410,9015906A021    ,2023,39,0.52,3.0,ＴＰ３３１フタナシ,1.0,6.0,5.76,1200.0,3.2083333333333335,1.2695833333333333,5.515416666666667,（株）青山製作所,24
411,9015906A022    ,2023,35,0.51,3.0,ＴＰ３３１フタナシ,1.0,6.0,5.76,1500.0,3.4782608695652173,1.6337777777777778,9.455714285714285,（株）青山製作所,46
412,9015906A022    ,2023,36,0.51,3.0,ＴＰ３３１フタナシ,1.0,6.0,5.76,1500.0,3.3863636363636362,1.3858139534883722,8.65372093023256,（株）青山製作所,44
413,9015906A022    ,2023,37,0.51,3.0,ＴＰ３３１フタナシ,1.0,6.0,5.76,1500.0,3.6,1.651818181818182,8.100681818181819,（株）青山製作所,50
414,9015906A022    ,2023,38,0.51,3.0,ＴＰ３３１フタナシ,1.0,6.0,5.76,1500.0,3.2142857142857144,1.53725,8.037749999999999,（株）青山製作所,42
415,9015906A022    ,2023,39,0.51,3.0,ＴＰ３３１フタナシ,1.0,6.0,5.76,1500.0,3.3055555555555554,1.1730555555555555,7.896388888888889,（株）青山製作所,36
416,9015906A023    ,2023,35,0.52,3.0,ＴＰ３３１フタナシ,1.0,6.0,5.76,1300.0,3.5454545454545454,4.4479999999999995,2.1807692307692306,（株）青山製作所,11
417,9015906A023    ,2023,36,0.52,3.0,ＴＰ３３１フタナシ,1.0,6.0,5.76,1300.0,2.6363636363636362,3.2990000000000004,2.1117692307692306,（株）青山製作所,11
418,9015906A023    ,2023,37,0.52,3.0,ＴＰ３３１フタナシ,1.0,6.0,5.76,1300.0,3.769230769230769,4.235454545454545,2.047972027972028,（株）青山製作所,13
419,9015906A023    ,2023,38,0.52,3.0,ＴＰ３３１フタナシ,1.0,6.0,5.76,1300.0,3.6666666666666665,4.4087499999999995,2.025,（株）青山製作所,9
420,9015906A023    ,2023,39,0.52,3.0,ＴＰ３３１フタナシ,1.0,6.0,5.76,1300.0,3.0,2.695,1.521923076923077,（株）青山製作所,4
421,9020150A002    ,2023,35,0.73,1.0,ＴＰ１３１フタナシ,1.0,1.0,0.73,100.0,1.0,2.9557142857142855,,（株）ムロコーポレーション,18
422,9020150A002    ,2023,36,0.73,1.0,ＴＰ１３１フタナシ,1.0,1.0,0.73,100.0,1.0,2.4717647058823533,3.8117647058823527,（株）ムロコーポレーション,21
423,9020150A002    ,2023,37,0.73,1.0,ＴＰ１３１フタナシ,1.0,1.0,0.73,100.0,1.0,2.24,3.836666666666667,（株）ムロコーポレーション,20
424,9020150A002    ,2023,38,0.73,1.0,ＴＰ１３１フタナシ,1.0,1.0,0.73,100.0,1.0,2.026923076923077,3.226923076923077,（株）ムロコーポレーション,18
425,9020150A002    ,2023,39,0.73,1.0,ＴＰ１３１フタナシ,1.0,1.0,0.73,100.0,1.0,1.7136363636363638,3.521818181818182,（株）ムロコーポレーション,11
426,9020156A001    ,2023,35,0.75,1.0,ＴＰ１３１フタナシ,1.0,1.0,0.73,100.0,1.0,3.58,,（株）ムロコーポレーション,19
427,9020156A001    ,2023,36,0.75,1.0,ＴＰ１３１フタナシ,1.0,1.0,0.73,100.0,1.0,3.0364285714285715,3.4792857142857145,（株）ムロコーポレーション,19
428,9020156A001    ,2023,37,0.75,1.0,ＴＰ１３１フタナシ,1.0,1.0,0.73,100.0,1.0,2.8777777777777778,3.3855555555555554,（株）ムロコーポレーション,20
429,9020156A001    ,2023,38,0.75,1.0,ＴＰ１３１フタナシ,1.0,1.0,0.73,100.0,1.0,2.4150000000000005,3.455833333333333,（株）ムロコーポレーション,17
430,9020156A001    ,2023,39,0.75,1.0,ＴＰ１３１フタナシ,1.0,1.0,0.73,100.0,1.0,1.4908333333333335,3.8733333333333335,（株）ムロコーポレーション,12
431,9020156A002    ,2023,35,0.73,1.0,ＴＰ１３１フタナシ,1.0,1.0,0.73,100.0,1.0,3.2613636363636362,,（株）ムロコーポレーション,26
432,9020156A002    ,2023,36,0.73,1.0,ＴＰ１３１フタナシ,1.0,1.0,0.73,100.0,1.0,2.160526315789474,5.0063157894736845,（株）ムロコーポレーション,25
433,9020156A002    ,2023,37,0.73,1.0,ＴＰ１３１フタナシ,1.0,1.0,0.73,100.0,1.0,2.80375,4.35125,（株）ムロコーポレーション,28
434,9020156A002    ,2023,38,0.73,1.0,ＴＰ１３１フタナシ,1.0,1.0,0.73,100.0,1.0,2.3022222222222224,4.362222222222222,（株）ムロコーポレーション,23
435,9020156A002    ,2023,39,0.73,1.0,ＴＰ１３１フタナシ,1.0,1.0,0.73,100.0,1.0,1.5607142857142857,4.569999999999999,（株）ムロコーポレーション,14
436,9025006027,2023,35,0.62,3.0,ＴＰ１３１フタナシ,1.0,1.0,1.81,2000.0,1.0,8.79,0.4725,（株）水野鉄工所,3
437,9025006027,2023,36,0.62,3.0,ＴＰ１３１フタナシ,1.0,1.0,1.81,2000.0,1.0,12.4,0.43925000000000003,（株）水野鉄工所,4
438,9025006027,2023,37,0.62,3.0,ＴＰ１３１フタナシ,1.0,1.0,1.81,2000.0,1.0,14.305,0.42474999999999996,（株）水野鉄工所,4
439,9025006A007    ,2023,35,0.76,1.0,ＡＷ１３１フタナシ,1.0,2.0,3.8,200.0,1.6111111111111112,2.6988888888888893,,（株）ギフ加藤製作所,18
440,9025006A007    ,2023,36,0.76,1.0,ＡＷ１３１フタナシ,1.0,2.0,3.8,200.0,1.4782608695652173,2.494,2.9825000000000004,（株）ギフ加藤製作所,23
441,9025006A007    ,2023,37,0.76,1.0,ＡＷ１３１フタナシ,1.0,2.0,3.8,200.0,1.6470588235294117,2.2808333333333333,3.214166666666667,（株）ギフ加藤製作所,17
442,9025006A007    ,2023,38,0.76,1.0,ＡＷ１３１フタナシ,1.0,2.0,3.8,200.0,1.7333333333333334,1.8827272727272728,3.453636363636363,（株）ギフ加藤製作所,15
443,9025006A007    ,2023,39,0.76,1.0,ＡＷ１３１フタナシ,1.0,2.0,3.8,200.0,1.2857142857142858,1.6600000000000001,3.8007142857142857,（株）ギフ加藤製作所,14
444,9030106A018    ,2023,35,0.56,3.0,ＴＰ１３１フタナシ,1.0,2.0,3.52,2000.0,1.6363636363636365,4.544545454545455,1.25325,ＮＯＫ（株）,11
445,9030106A018    ,2023,36,0.56,3.0,ＴＰ１３１フタナシ,1.0,2.0,3.52,2000.0,1.6363636363636365,4.427272727272728,2.4711363636363637,ＮＯＫ（株）,11
446,9030106A018    ,2023,37,0.56,3.0,ＴＰ１３１フタナシ,1.0,2.0,3.52,2000.0,1.5,3.266666666666667,2.135666666666667,ＮＯＫ（株）,12
447,9030106A018    ,2023,38,0.56,3.0,ＴＰ１３１フタナシ,1.0,2.0,3.52,2000.0,1.4,3.339,2.0983,ＮＯＫ（株）,10
448,9030106A018    ,2023,39,0.56,3.0,ＴＰ１３１フタナシ,1.0,2.0,3.52,2000.0,1.1428571428571428,2.9257142857142857,1.3609285714285713,ＮＯＫ（株）,7
449,9030111A014    ,2023,35,0.56,3.0,ＴＰ１３１フタナシ,1.0,2.0,3.52,1000.0,1.4583333333333333,3.065,4.726999999999999,ＮＯＫ（株）,24
450,9030111A014    ,2023,36,0.56,3.0,ＴＰ１３１フタナシ,1.0,2.0,3.52,1000.0,1.5909090909090908,2.9372727272727275,4.251363636363636,ＮＯＫ（株）,22
451,9030111A014    ,2023,37,0.56,3.0,ＴＰ１３１フタナシ,1.0,2.0,3.52,1000.0,1.565217391304348,2.628695652173913,4.048260869565217,ＮＯＫ（株）,23
452,9030111A014    ,2023,38,0.56,3.0,ＴＰ１３１フタナシ,1.0,2.0,3.52,1000.0,1.5909090909090908,2.6322727272727273,4.172045454545454,ＮＯＫ（株）,22
453,9030111A014    ,2023,39,0.56,3.0,ＴＰ１３１フタナシ,1.0,2.0,3.52,1000.0,1.2666666666666666,1.864,3.2830000000000004,ＮＯＫ（株）,15
454,9030115A011    ,2023,35,0.56,1.0,ＴＰ１３１フタナシ,1.0,2.0,3.52,1000.0,2.0,5.446,1.058,ＮＯＫ（株）,5
455,9030115A011    ,2023,36,0.56,1.0,ＴＰ１３１フタナシ,1.0,2.0,3.52,1000.0,1.3333333333333333,4.778333333333333,1.0346666666666666,ＮＯＫ（株）,6
456,9030115A011    ,2023,37,0.56,1.0,ＴＰ１３１フタナシ,1.0,2.0,3.52,1000.0,2.0,4.464,0.9612,ＮＯＫ（株）,5
457,9030115A011    ,2023,38,0.56,1.0,ＴＰ１３１フタナシ,1.0,2.0,3.52,1000.0,1.75,4.88,1.0005,ＮＯＫ（株）,4
458,9030115A011    ,2023,39,0.56,1.0,ＴＰ１３１フタナシ,1.0,2.0,3.52,1000.0,2.0,1.9000000000000001,0.517,ＮＯＫ（株）,2
459,9030117A010    ,2023,35,0.54,3.0,ＴＰ１３１フタナシ,1.0,2.0,3.52,1000.0,1.3333333333333333,5.818333333333334,1.356,ＮＯＫ（株）,6
460,9030117A010    ,2023,36,0.54,3.0,ＴＰ１３１フタナシ,1.0,2.0,3.52,1000.0,1.5714285714285714,6.102857142857142,1.2842857142857143,ＮＯＫ（株）,7
461,9030117A010    ,2023,37,0.54,3.0,ＴＰ１３１フタナシ,1.0,2.0,3.52,1000.0,1.3333333333333333,4.673333333333334,1.2898333333333334,ＮＯＫ（株）,6
462,9030117A010    ,2023,38,0.54,3.0,ＴＰ１３１フタナシ,1.0,2.0,3.52,1000.0,1.6,4.634,1.2466,ＮＯＫ（株）,5
463,9030117A010    ,2023,39,0.54,3.0,ＴＰ１３１フタナシ,1.0,2.0,3.52,1000.0,1.3333333333333333,1.7566666666666666,0.906,ＮＯＫ（株）,3
464,9030119A010    ,2023,35,0.58,1.0,ＴＰ１３１フタナシ,1.0,2.0,3.52,1000.0,1.3333333333333333,6.066666666666666,1.068,ＮＯＫ（株）,6
465,9030119A010    ,2023,36,0.58,1.0,ＴＰ１３１フタナシ,1.0,2.0,3.52,1000.0,2.0,5.2875,0.979,ＮＯＫ（株）,4
466,9030119A010    ,2023,37,0.58,1.0,ＴＰ１３１フタナシ,1.0,2.0,3.52,1000.0,1.25,3.8400000000000003,1.004,ＮＯＫ（株）,4
467,9030119A010    ,2023,38,0.58,1.0,ＴＰ１３１フタナシ,1.0,2.0,3.52,1000.0,1.3333333333333333,2.69,0.8293333333333334,ＮＯＫ（株）,6
468,9030119A010    ,2023,39,0.58,1.0,ＴＰ１３１フタナシ,1.0,2.0,3.52,1000.0,1.0,1.81,0.9590000000000001,ＮＯＫ（株）,2
469,9030119A011    ,2023,35,0.54,1.0,ＴＰ１３１フタナシ,1.0,2.0,3.52,200.0,1.6111111111111112,2.946111111111111,4.1499999999999995,ＮＯＫ（株）,18
470,9030119A011    ,2023,36,0.54,1.0,ＴＰ１３１フタナシ,1.0,2.0,3.52,200.0,1.6111111111111112,1.8505555555555557,3.647777777777778,ＮＯＫ（株）,18
471,9030119A011    ,2023,37,0.54,1.0,ＴＰ１３１フタナシ,1.0,2.0,3.52,200.0,1.55,1.8125,3.4799999999999995,ＮＯＫ（株）,20
472,9030119A011    ,2023,38,0.54,1.0,ＴＰ１３１フタナシ,1.0,2.0,3.52,200.0,1.4736842105263157,1.8242105263157893,3.5989473684210522,ＮＯＫ（株）,19
473,9030119A011    ,2023,39,0.54,1.0,ＴＰ１３１フタナシ,1.0,2.0,3.52,200.0,1.5333333333333334,1.2633333333333332,3.658666666666667,ＮＯＫ（株）,15
474,9031150A014    ,2023,35,0.54,1.0,サンボックス＃２４Ｂフタナシ,1.0,2.0,3.52,84.0,1.5535714285714286,1.7907142857142857,11.256944444444445,ＮＯＫ（株）,56
475,9031150A014    ,2023,36,0.54,1.0,サンボックス＃２４Ｂフタナシ,1.0,2.0,3.52,84.0,1.5925925925925926,1.7037037037037037,9.833112874779543,ＮＯＫ（株）,54
476,9031150A014    ,2023,37,0.54,1.0,サンボックス＃２４Ｂフタナシ,1.0,2.0,3.52,84.0,1.5454545454545454,1.4272727272727272,9.657792207792209,ＮＯＫ（株）,55
477,9031150A014    ,2023,38,0.54,1.0,サンボックス＃２４Ｂフタナシ,1.0,2.0,3.52,84.0,1.5294117647058822,1.427450980392157,9.510037348272641,ＮＯＫ（株）,51
478,9031150A014    ,2023,39,0.54,1.0,サンボックス＃２４Ｂフタナシ,1.0,2.0,3.52,84.0,1.5555555555555556,1.0977777777777777,9.675396825396826,ＮＯＫ（株）,45
479,9031150A015    ,2023,35,0.53,1.0,サンボックス＃２４Ｂフタナシ,1.0,2.0,3.52,84.0,1.537037037037037,1.9285185185185185,10.129761904761905,ＮＯＫ（株）,54
480,9031150A015    ,2023,36,0.53,1.0,サンボックス＃２４Ｂフタナシ,1.0,2.0,3.52,84.0,1.537037037037037,1.4577777777777778,10.056437389770723,ＮＯＫ（株）,54
481,9031150A015    ,2023,37,0.53,1.0,サンボックス＃２４Ｂフタナシ,1.0,2.0,3.52,84.0,1.5185185185185186,1.3762962962962961,9.66600529100529,ＮＯＫ（株）,54
482,9031150A015    ,2023,38,0.53,1.0,サンボックス＃２４Ｂフタナシ,1.0,2.0,3.52,84.0,1.509433962264151,1.3953846153846154,9.540750915750916,ＮＯＫ（株）,53
483,9031150A015    ,2023,39,0.53,1.0,サンボックス＃２４Ｂフタナシ,1.0,2.0,3.52,84.0,1.5333333333333334,1.0597777777777777,9.411640211640211,ＮＯＫ（株）,45
484,9033106A003    ,2023,37,0.67,3.0,AW131ﾌﾀﾅｼ,1.0,1.0,1.78,5000.0,1.0,13.270000000000001,0.1034,サトープレス工業（株）,1
485,9033904A002    ,2023,35,0.61,1.0,AW131ﾌﾀﾅｼ,1.0,1.0,1.78,1000.0,1.0,3.3275,0.946,サトープレス工業（株）,5
486,9033904A002    ,2023,36,0.61,1.0,AW131ﾌﾀﾅｼ,1.0,1.0,1.78,1000.0,1.0,4.718,0.9256,サトープレス工業（株）,5
487,9033904A002    ,2023,37,0.61,1.0,AW131ﾌﾀﾅｼ,1.0,1.0,1.78,1000.0,1.0,4.618,0.8922000000000001,サトープレス工業（株）,5
488,9033904A002    ,2023,38,0.61,1.0,AW131ﾌﾀﾅｼ,1.0,1.0,1.78,1000.0,1.0,4.3875,0.89175,サトープレス工業（株）,4
489,9033904A002    ,2023,39,0.61,1.0,AW131ﾌﾀﾅｼ,1.0,1.0,1.78,1000.0,1.0,2.425,0.85,サトープレス工業（株）,2
490,9033904A003    ,2023,35,0.6,3.0,AW131ﾌﾀﾅｼ,1.0,1.0,1.78,2000.0,1.0,23.566666666666663,,サトープレス工業（株）,3
491,9033904A003    ,2023,36,0.6,3.0,AW131ﾌﾀﾅｼ,1.0,1.0,1.78,2000.0,1.0,9.933333333333334,0.389,サトープレス工業（株）,3
492,9033904A003    ,2023,37,0.6,3.0,AW131ﾌﾀﾅｼ,1.0,1.0,1.78,2000.0,1.0,17.02,0.421,サトープレス工業（株）,2
493,9034108A006    ,2023,35,0.53,3.0,ＴＰ３３１フタナシ,1.0,2.0,1.06,1000.0,1.5909090909090908,2.6254545454545455,4.1938,（株）杉浦製作所,22
494,9034108A006    ,2023,36,0.53,3.0,ＴＰ３３１フタナシ,1.0,2.0,1.06,1000.0,1.4705882352941178,2.7558823529411764,3.350941176470588,（株）杉浦製作所,17
495,9034108A006    ,2023,37,0.53,3.0,ＴＰ３３１フタナシ,1.0,2.0,1.06,1000.0,1.4782608695652173,2.362173913043478,3.6234782608695655,（株）杉浦製作所,23
496,9034108A006    ,2023,38,0.53,3.0,ＴＰ３３１フタナシ,1.0,2.0,1.06,1000.0,1.4761904761904763,3.2571428571428576,3.3359523809523814,（株）杉浦製作所,21
497,9034108A006    ,2023,39,0.53,3.0,ＴＰ３３１フタナシ,1.0,2.0,1.06,1000.0,1.125,1.69625,3.5164999999999997,（株）杉浦製作所,8
498,9034108A010    ,2023,35,0.47,1.0,ＴＰ３３１フタナシ,1.0,2.0,1.06,1000.0,1.3333333333333333,5.82,,（株）杉浦製作所,3
499,9034108A010    ,2023,36,0.47,1.0,ＴＰ３３１フタナシ,1.0,2.0,1.06,1000.0,1.5,5.065,0.6164999999999999,（株）杉浦製作所,4
500,9034108A010    ,2023,37,0.47,1.0,ＴＰ３３１フタナシ,1.0,2.0,1.06,1000.0,1.5,5.43,0.756,（株）杉浦製作所,2
501,9034108A010    ,2023,38,0.47,1.0,ＴＰ３３１フタナシ,1.0,2.0,1.06,1000.0,1.75,3.9375,0.7655,（株）杉浦製作所,4
502,9034108A010    ,2023,39,0.47,1.0,ＴＰ３３１フタナシ,1.0,2.0,1.06,1000.0,1.0,1.2500000000000004,0.7749999999999999,（株）杉浦製作所,2
503,9034114A004    ,2023,35,0.5,1.0,ＴＰ３３１フタナシ,1.0,6.0,5.76,500.0,1.3333333333333333,5.66,,（株）青山製作所,3
504,9034114A004    ,2023,36,0.5,1.0,ＴＰ３３１フタナシ,1.0,6.0,5.76,500.0,3.5,3.6225,0.8254999999999999,（株）青山製作所,4
505,9034114A004    ,2023,37,0.5,1.0,ＴＰ３３１フタナシ,1.0,6.0,5.76,500.0,5.0,2.515,0.412,（株）青山製作所,3
506,9034114A004    ,2023,38,0.5,1.0,ＴＰ３３１フタナシ,1.0,6.0,5.76,500.0,2.0,3.513333333333333,0.8126666666666665,（株）青山製作所,3
507,9034114A004    ,2023,39,0.5,1.0,ＴＰ３３１フタナシ,1.0,6.0,5.76,500.0,2.5,1.9849999999999999,0.387,（株）青山製作所,2
508,9034118060,2023,35,0.74,1.0,ＴＰ３３１フタナシ,1.0,1.0,3.0,300.0,1.0,6.74625,1.67,住友商事（株）鉄鋼部輸送機材,8
509,9034118060,2023,36,0.74,1.0,ＴＰ３３１フタナシ,1.0,1.0,3.0,300.0,1.0,8.572857142857142,1.6742857142857144,住友商事（株）鉄鋼部輸送機材,7
510,9034118060,2023,37,0.74,1.0,ＴＰ３３１フタナシ,1.0,1.0,3.0,300.0,1.0,6.12625,1.6733333333333333,住友商事（株）鉄鋼部輸送機材,8
511,9034118060,2023,38,0.74,1.0,ＴＰ３３１フタナシ,1.0,1.0,3.0,300.0,1.0,5.701666666666667,1.3255555555555556,住友商事（株）鉄鋼部輸送機材,6
512,9034118060,2023,39,0.74,1.0,ＴＰ３３１フタナシ,1.0,1.0,3.0,300.0,1.0,1.7750000000000004,1.5983333333333334,住友商事（株）鉄鋼部輸送機材,2
513,9034118090,2023,35,0.54,3.0,ＴＰ３３１フタナシ,1.0,2.0,1.06,300.0,1.5333333333333334,3.044,3.1522222222222225,（株）杉浦製作所,15
514,9034118090,2023,36,0.54,3.0,ＴＰ３３１フタナシ,1.0,2.0,1.06,300.0,1.625,3.3893750000000002,2.8710416666666667,（株）杉浦製作所,16
515,9034118090,2023,37,0.54,3.0,ＴＰ３３１フタナシ,1.0,2.0,1.06,300.0,1.6,2.962,2.5526666666666666,（株）杉浦製作所,15
516,9034118090,2023,38,0.54,3.0,ＴＰ３３１フタナシ,1.0,2.0,1.06,300.0,1.4666666666666666,3.2953333333333332,2.7417777777777776,（株）杉浦製作所,15
517,9034118090,2023,39,0.54,3.0,ＴＰ３３１フタナシ,1.0,2.0,1.06,300.0,1.4444444444444444,2.304444444444444,2.258518518518519,（株）杉浦製作所,9
518,9034118A024    ,2023,35,0.52,3.0,ＴＰ１３１フタナシ,1.0,6.0,5.76,200.0,3.0714285714285716,3.856923076923077,2.6574999999999998,（株）青山製作所,14
519,9034118A024    ,2023,36,0.52,3.0,ＴＰ１３１フタナシ,1.0,6.0,5.76,200.0,2.9166666666666665,3.2345454545454544,2.3677272727272727,（株）青山製作所,12
520,9034118A024    ,2023,37,0.52,3.0,ＴＰ１３１フタナシ,1.0,6.0,5.76,200.0,3.6923076923076925,3.397272727272728,2.269090909090909,（株）青山製作所,13
521,9034118A024    ,2023,38,0.52,3.0,ＴＰ１３１フタナシ,1.0,6.0,5.76,200.0,3.076923076923077,3.8484615384615384,2.2803846153846155,（株）青山製作所,13
522,9034118A024    ,2023,39,0.52,3.0,ＴＰ１３１フタナシ,1.0,6.0,5.76,200.0,3.0,2.1783333333333332,2.029166666666667,（株）青山製作所,6
523,9036324A003    ,2023,35,0.74,1.0,テンバコ１０フタナシ,1.0,8.0,9.0,22.0,4.234567901234568,1.2880263157894738,15.28512396694215,日本精工（株）,81
524,9036324A003    ,2023,36,0.74,1.0,テンバコ１０フタナシ,1.0,8.0,9.0,22.0,4.423913043478261,0.9379761904761904,16.66720779220779,日本精工（株）,92
525,9036324A003    ,2023,37,0.74,1.0,テンバコ１０フタナシ,1.0,8.0,9.0,22.0,4.467391304347826,1.069583333333333,15.807449494949497,日本精工（株）,92
526,9036324A003    ,2023,38,0.74,1.0,テンバコ１０フタナシ,1.0,8.0,9.0,22.0,4.240963855421687,1.0460526315789473,15.68122009569378,日本精工（株）,83
527,9036324A003    ,2023,39,0.74,1.0,テンバコ１０フタナシ,1.0,8.0,9.0,22.0,4.012987012987013,1.0155844155844156,16.12514757969303,日本精工（株）,77
528,9036324A004    ,2023,35,0.74,1.0,テンバコ１０フタナシ,1.0,8.0,9.0,30.0,4.423841059602649,1.3837323943661972,29.770370370370372,日本精工（株）,151
529,9036324A004    ,2023,36,0.74,1.0,テンバコ１０フタナシ,1.0,8.0,9.0,30.0,4.519230769230769,1.0924475524475525,28.31655011655012,日本精工（株）,156
530,9036324A004    ,2023,37,0.74,1.0,テンバコ１０フタナシ,1.0,8.0,9.0,30.0,4.45625,1.2841599999999997,26.439733333333333,日本精工（株）,160
531,9036324A004    ,2023,38,0.74,1.0,テンバコ１０フタナシ,1.0,8.0,9.0,30.0,4.464788732394366,1.2236434108527132,26.549612403100777,日本精工（株）,142
532,9036324A004    ,2023,39,0.74,1.0,テンバコ１０フタナシ,1.0,8.0,9.0,30.0,4.008196721311475,1.179016393442623,26.582513661202185,日本精工（株）,122
533,9036324A005    ,2023,35,0.69,1.0,サンボックス＃Ｋ１０Ｂフタナシ,1.0,8.0,9.0,22.0,4.388888888888889,1.5010084033613447,24.295454545454547,日本精工（株）,126
534,9036324A005    ,2023,36,0.69,1.0,サンボックス＃Ｋ１０Ｂフタナシ,1.0,8.0,9.0,22.0,4.541666666666667,1.3192660550458717,21.664720600500416,日本精工（株）,120
535,9036324A005    ,2023,37,0.69,1.0,サンボックス＃Ｋ１０Ｂフタナシ,1.0,8.0,9.0,22.0,4.491803278688525,1.427578947368421,20.433492822966507,日本精工（株）,122
536,9036324A005    ,2023,38,0.69,1.0,サンボックス＃Ｋ１０Ｂフタナシ,1.0,8.0,9.0,22.0,4.4375,1.4087254901960784,20.45811051693405,日本精工（株）,112
537,9036324A005    ,2023,39,0.69,1.0,サンボックス＃Ｋ１０Ｂフタナシ,1.0,8.0,9.0,22.0,4.078651685393258,1.276067415730337,20.030132788559754,日本精工（株）,89
538,9036340A010    ,2023,35,0.74,3.0,ｻﾝﾎﾞｯｸｽ＃K-10Bﾌﾀﾅｼ,1.0,8.0,9.0,80.0,4.380530973451328,1.7451401869158878,23.63653846153846,日本精工（株）,113
539,9036340A010    ,2023,36,0.74,3.0,ｻﾝﾎﾞｯｸｽ＃K-10Bﾌﾀﾅｼ,1.0,8.0,9.0,80.0,4.6,1.3323584905660377,21.118396226415097,日本精工（株）,115
540,9036340A010    ,2023,37,0.74,3.0,ｻﾝﾎﾞｯｸｽ＃K-10Bﾌﾀﾅｼ,1.0,8.0,9.0,80.0,4.427350427350428,1.613978494623656,19.8002688172043,日本精工（株）,117
541,9036340A010    ,2023,38,0.74,3.0,ｻﾝﾎﾞｯｸｽ＃K-10Bﾌﾀﾅｼ,1.0,8.0,9.0,80.0,4.481132075471698,1.5488541666666666,20.06171875,日本精工（株）,106
542,9036340A010    ,2023,39,0.74,3.0,ｻﾝﾎﾞｯｸｽ＃K-10Bﾌﾀﾅｼ,1.0,8.0,9.0,80.0,4.104651162790698,1.321279069767442,19.67936046511628,日本精工（株）,86
543,9036345A004    ,2023,35,0.64,1.0,サンボックス＃９Ｂフタナシ,1.0,1.0,2.29,90.0,1.0,3.1608,10.502020202020203,岡谷鋼機（株）,50
544,9036345A004    ,2023,36,0.64,1.0,サンボックス＃９Ｂフタナシ,1.0,1.0,2.29,90.0,1.0,2.2016666666666667,9.22337962962963,岡谷鋼機（株）,48
545,9036345A004    ,2023,37,0.64,1.0,サンボックス＃９Ｂフタナシ,1.0,1.0,2.29,90.0,1.0,2.3386,9.036,岡谷鋼機（株）,50
546,9036345A004    ,2023,38,0.64,1.0,サンボックス＃９Ｂフタナシ,1.0,1.0,2.29,90.0,1.0,2.3220833333333335,9.134722222222221,岡谷鋼機（株）,48
547,9036345A004    ,2023,39,0.64,1.0,サンボックス＃９Ｂフタナシ,1.0,1.0,2.29,90.0,1.0,1.5247058823529414,8.37156862745098,岡谷鋼機（株）,34
548,9036628A005    ,2023,35,0.62,1.0,サンボックス＃９Ｆフタナシ,1.0,1.0,1.9,60.0,1.0,2.8875,6.849999999999999,（株）ジェイテクト,32
549,9036628A005    ,2023,36,0.62,1.0,サンボックス＃９Ｆフタナシ,1.0,1.0,1.9,60.0,1.0,1.9143333333333337,5.913333333333333,（株）ジェイテクト,30
550,9036628A005    ,2023,37,0.62,1.0,サンボックス＃９Ｆフタナシ,1.0,1.0,1.9,60.0,1.0,2.1012121212121215,5.892424242424242,（株）ジェイテクト,33
551,9036628A005    ,2023,38,0.62,1.0,サンボックス＃９Ｆフタナシ,1.0,1.0,1.9,60.0,1.0,1.8080000000000003,5.860555555555555,（株）ジェイテクト,30
552,9036628A005    ,2023,39,0.62,1.0,サンボックス＃９Ｆフタナシ,1.0,1.0,1.9,60.0,1.0,1.222857142857143,6.091071428571429,（株）ジェイテクト,28
553,9036628A006    ,2023,35,0.62,1.0,サンボックス＃９Ｆフタナシ,1.0,1.0,1.9,80.0,1.0,3.3136,5.1675,（株）ジェイテクト,25
554,9036628A006    ,2023,36,0.62,1.0,サンボックス＃９Ｆフタナシ,1.0,1.0,1.9,80.0,1.0,2.46,4.605357142857143,（株）ジェイテクト,21
555,9036628A006    ,2023,37,0.62,1.0,サンボックス＃９Ｆフタナシ,1.0,1.0,1.9,80.0,1.0,2.0304,4.452,（株）ジェイテクト,25
556,9036628A006    ,2023,38,0.62,1.0,サンボックス＃９Ｆフタナシ,1.0,1.0,1.9,80.0,1.0,2.0708695652173916,4.323369565217392,（株）ジェイテクト,23
557,9036628A006    ,2023,39,0.62,1.0,サンボックス＃９Ｆフタナシ,1.0,1.0,1.9,80.0,1.0,1.5175,4.41875,（株）ジェイテクト,20
558,9036628A007    ,2023,35,0.57,1.0,サンボックス＃９Ｆフタナシ,1.0,1.0,1.9,72.0,1.0,2.743421052631579,7.418402777777778,（株）ジェイテクト,38
559,9036628A007    ,2023,36,0.57,1.0,サンボックス＃９Ｆフタナシ,1.0,1.0,1.9,72.0,1.0,2.4863636363636368,6.60942760942761,（株）ジェイテクト,33
560,9036628A007    ,2023,37,0.57,1.0,サンボックス＃９Ｆフタナシ,1.0,1.0,1.9,72.0,1.0,2.680540540540541,6.174924924924925,（株）ジェイテクト,37
561,9036628A007    ,2023,38,0.57,1.0,サンボックス＃９Ｆフタナシ,1.0,1.0,1.9,72.0,1.0,2.4409375000000004,6.384548611111111,（株）ジェイテクト,32
562,9036628A007    ,2023,39,0.57,1.0,サンボックス＃９Ｆフタナシ,1.0,1.0,1.9,72.0,1.0,1.5222222222222226,5.871913580246913,（株）ジェイテクト,27
563,9036628A008    ,2023,35,0.58,1.0,サンボックス＃９Ｆフタナシ,1.0,1.0,1.9,100.0,1.0,3.1088888888888886,5.334,（株）ジェイテクト,27
564,9036628A008    ,2023,36,0.58,1.0,サンボックス＃９Ｆフタナシ,1.0,1.0,1.9,100.0,1.0,2.7758333333333334,4.774583333333333,（株）ジェイテクト,24
565,9036628A008    ,2023,37,0.58,1.0,サンボックス＃９Ｆフタナシ,1.0,1.0,1.9,100.0,1.0,2.683846153846154,4.414230769230769,（株）ジェイテクト,26
566,9036628A008    ,2023,38,0.58,1.0,サンボックス＃９Ｆフタナシ,1.0,1.0,1.9,100.0,1.0,2.5090909090909097,4.461818181818182,（株）ジェイテクト,22
567,9036628A008    ,2023,39,0.58,1.0,サンボックス＃９Ｆフタナシ,1.0,1.0,1.9,100.0,1.0,1.5563157894736843,4.45578947368421,（株）ジェイテクト,19
568,9036630A017    ,2023,35,0.6,1.0,サンボックス＃９Ｆフタナシ,1.0,1.0,1.9,72.0,1.0,2.35234375,11.110042735042734,（株）ジェイテクト,64
569,9036630A017    ,2023,36,0.6,1.0,サンボックス＃９Ｆフタナシ,1.0,1.0,1.9,72.0,1.0,2.0283333333333338,11.895138888888889,（株）ジェイテクト,60
570,9036630A017    ,2023,37,0.6,1.0,サンボックス＃９Ｆフタナシ,1.0,1.0,1.9,72.0,1.0,1.9360317460317462,11.356922398589065,（株）ジェイテクト,64
571,9036630A017    ,2023,38,0.6,1.0,サンボックス＃９Ｆフタナシ,1.0,1.0,1.9,72.0,1.0,2.0505084745762714,11.25635593220339,（株）ジェイテクト,59
572,9036630A017    ,2023,39,0.6,1.0,サンボックス＃９Ｆフタナシ,1.0,1.0,1.9,72.0,1.0,1.4316000000000002,11.135833333333332,（株）ジェイテクト,50
573,9036630A018    ,2023,35,0.34,3.0,サンボックス＃９Ｆフタナシ,1.0,1.0,1.9,38.0,1.0,1.8772357723577235,22.81140350877193,（株）ジェイテクト,123
574,9036630A018    ,2023,36,0.34,3.0,サンボックス＃９Ｆフタナシ,1.0,1.0,1.9,38.0,1.0,1.576842105263158,22.21975992613112,（株）ジェイテクト,115
575,9036630A018    ,2023,37,0.34,3.0,サンボックス＃９Ｆフタナシ,1.0,1.0,1.9,38.0,1.0,1.5153719008264463,21.371248368856026,（株）ジェイテクト,121
576,9036630A018    ,2023,38,0.34,3.0,サンボックス＃９Ｆフタナシ,1.0,1.0,1.9,38.0,1.0,1.6099099099099101,21.174727358937883,（株）ジェイテクト,111
577,9036630A018    ,2023,39,0.34,3.0,サンボックス＃９Ｆフタナシ,1.0,1.0,1.9,38.0,1.0,1.113921568627451,21.212590299277608,（株）ジェイテクト,102
578,9036652A003    ,2023,35,0.57,1.0,サンボックス＃９Ｆフタナシ,1.0,1.0,1.9,60.0,1.0,2.7106666666666666,7.903703703703704,（株）ジェイテクト,45
579,9036652A003    ,2023,36,0.57,1.0,サンボックス＃９Ｆフタナシ,1.0,1.0,1.9,60.0,1.0,2.3826829268292684,7.897967479674796,（株）ジェイテクト,41
580,9036652A003    ,2023,37,0.57,1.0,サンボックス＃９Ｆフタナシ,1.0,1.0,1.9,60.0,1.0,2.434418604651163,7.546899224806201,（株）ジェイテクト,43
581,9036652A003    ,2023,38,0.57,1.0,サンボックス＃９Ｆフタナシ,1.0,1.0,1.9,60.0,1.0,2.494615384615385,7.569658119658119,（株）ジェイテクト,39
582,9036652A003    ,2023,39,0.57,1.0,サンボックス＃９Ｆフタナシ,1.0,1.0,1.9,60.0,1.0,1.5243750000000003,7.228125,（株）ジェイテクト,32
583,9036652A004    ,2023,35,0.57,1.0,サンボックス＃９Ｆフタナシ,1.0,1.0,1.9,63.0,1.0,2.807857142857143,7.537918871252206,（株）ジェイテクト,42
584,9036652A004    ,2023,36,0.57,1.0,サンボックス＃９Ｆフタナシ,1.0,1.0,1.9,63.0,1.0,2.035526315789474,7.4448621553884715,（株）ジェイテクト,38
585,9036652A004    ,2023,37,0.57,1.0,サンボックス＃９Ｆフタナシ,1.0,1.0,1.9,63.0,1.0,2.1430952380952384,7.227513227513227,（株）ジェイテクト,42
586,9036652A004    ,2023,38,0.57,1.0,サンボックス＃９Ｆフタナシ,1.0,1.0,1.9,63.0,1.0,2.2247368421052633,7.169172932330827,（株）ジェイテクト,38
587,9036652A004    ,2023,39,0.57,1.0,サンボックス＃９Ｆフタナシ,1.0,1.0,1.9,63.0,1.0,1.5532258064516131,6.865335381464413,（株）ジェイテクト,31
588,9036658A001    ,2023,35,0.57,1.0,サンボックス＃９Ｆフタナシ,1.0,1.0,1.9,45.0,1.0,2.49,8.025,（株）ジェイテクト,43
589,9036658A001    ,2023,36,0.57,1.0,サンボックス＃９Ｆフタナシ,1.0,1.0,1.9,45.0,1.0,1.53,8.184444444444445,（株）ジェイテクト,40
590,9036658A001    ,2023,37,0.57,1.0,サンボックス＃９Ｆフタナシ,1.0,1.0,1.9,45.0,1.0,1.5126666666666668,7.919506172839506,（株）ジェイテクト,45
591,9036658A001    ,2023,38,0.57,1.0,サンボックス＃９Ｆフタナシ,1.0,1.0,1.9,45.0,1.0,1.6305128205128208,7.728205128205129,（株）ジェイテクト,40
592,9036658A001    ,2023,39,0.57,1.0,サンボックス＃９Ｆフタナシ,1.0,1.0,1.9,45.0,1.0,1.204864864864865,8.066066066066066,（株）ジェイテクト,37
593,9036658A002    ,2023,35,0.59,1.0,サンボックス＃９Ｆフタナシ,1.0,1.0,1.9,36.0,1.0,2.5562962962962965,11.416666666666666,（株）ジェイテクト,54
594,9036658A002    ,2023,36,0.59,1.0,サンボックス＃９Ｆフタナシ,1.0,1.0,1.9,36.0,1.0,1.6833333333333336,10.161458333333334,（株）ジェイテクト,48
595,9036658A002    ,2023,37,0.59,1.0,サンボックス＃９Ｆフタナシ,1.0,1.0,1.9,36.0,1.0,1.5924561403508775,10.056530214424951,（株）ジェイテクト,57
596,9036658A002    ,2023,38,0.59,1.0,サンボックス＃９Ｆフタナシ,1.0,1.0,1.9,36.0,1.0,1.697450980392157,9.84912854030501,（株）ジェイテクト,51
597,9036658A002    ,2023,39,0.59,1.0,サンボックス＃９Ｆフタナシ,1.0,1.0,1.9,36.0,1.0,1.2219565217391306,10.041062801932368,（株）ジェイテクト,46
598,9036659A009    ,2023,35,0.59,1.0,サンボックス＃９Ｆフタナシ,1.0,1.0,1.9,36.0,1.0,2.264573643410853,25.25106837606838,（株）ジェイテクト,129
599,9036659A009    ,2023,36,0.59,1.0,サンボックス＃９Ｆフタナシ,1.0,1.0,1.9,36.0,1.0,1.6876666666666666,23.35300925925926,（株）ジェイテクト,121
600,9036659A009    ,2023,37,0.59,1.0,サンボックス＃９Ｆフタナシ,1.0,1.0,1.9,36.0,1.0,1.7768750000000002,22.608072916666668,（株）ジェイテクト,128
601,9036659A009    ,2023,38,0.59,1.0,サンボックス＃９Ｆフタナシ,1.0,1.0,1.9,36.0,1.0,1.8141880341880343,22.260208926875592,（株）ジェイテクト,117
602,9036659A009    ,2023,39,0.59,1.0,サンボックス＃９Ｆフタナシ,1.0,1.0,1.9,36.0,1.0,1.3145192307692308,22.19684829059829,（株）ジェイテクト,104
603,9036659A010    ,2023,35,0.59,1.0,サンボックス＃９Ｆフタナシ,1.0,1.0,1.9,36.0,1.0,2.101937984496124,23.34156378600823,（株）ジェイテクト,129
604,9036659A010    ,2023,36,0.59,1.0,サンボックス＃９Ｆフタナシ,1.0,1.0,1.9,36.0,1.0,1.8259504132231408,23.354224058769514,（株）ジェイテクト,121
605,9036659A010    ,2023,37,0.59,1.0,サンボックス＃９Ｆフタナシ,1.0,1.0,1.9,36.0,1.0,1.7707812500000002,22.629774305555557,（株）ジェイテクト,128
606,9036659A010    ,2023,38,0.59,1.0,サンボックス＃９Ｆフタナシ,1.0,1.0,1.9,36.0,1.0,1.8286206896551727,22.242097701149426,（株）ジェイテクト,116
607,9036659A010    ,2023,39,0.59,1.0,サンボックス＃９Ｆフタナシ,1.0,1.0,1.9,36.0,1.0,1.2508571428571431,22.233333333333334,（株）ジェイテクト,105
608,9050827A011    ,2023,35,0.78,1.0,ＴＰ３３１フタナシ,1.0,8.0,11.12,200.0,4.25,3.457142857142857,2.055,（株）東郷製作所,8
609,9050827A011    ,2023,36,0.78,1.0,ＴＰ３３１フタナシ,1.0,8.0,11.12,200.0,5.2,2.497777777777778,1.7922222222222222,（株）東郷製作所,10
610,9050827A011    ,2023,37,0.78,1.0,ＴＰ３３１フタナシ,1.0,8.0,11.12,200.0,5.5,3.1700000000000004,1.6364285714285713,（株）東郷製作所,10
611,9050827A011    ,2023,38,0.78,1.0,ＴＰ３３１フタナシ,1.0,8.0,11.12,200.0,4.777777777777778,2.745,1.6993749999999999,（株）東郷製作所,9
612,9050827A011    ,2023,39,0.78,1.0,ＴＰ３３１フタナシ,1.0,8.0,11.12,200.0,3.0,1.39,1.5858333333333334,（株）東郷製作所,6
613,9052409A003    ,2023,35,0.78,1.0,ＴＰ３３１フタナシ,1.0,8.0,11.12,500.0,5.0,4.596666666666667,0.822,（株）東郷製作所,3
614,9052409A003    ,2023,36,0.78,1.0,ＴＰ３３１フタナシ,1.0,8.0,11.12,500.0,4.666666666666667,5.8500000000000005,0.7693333333333333,（株）東郷製作所,3
615,9052409A003    ,2023,37,0.78,1.0,ＴＰ３３１フタナシ,1.0,8.0,11.12,500.0,4.75,4.546666666666667,0.7793333333333333,（株）東郷製作所,4
616,9052409A003    ,2023,38,0.78,1.0,ＴＰ３３１フタナシ,1.0,8.0,11.12,500.0,5.5,5.2475000000000005,0.794,（株）東郷製作所,4
617,9052409A003    ,2023,39,0.78,1.0,ＴＰ３３１フタナシ,1.0,8.0,11.12,500.0,8.0,3.43,0.708,（株）東郷製作所,1
618,9056439A005    ,2023,35,0.93,3.0,TP131ﾌﾀﾅｼ,1.0,1.0,0.73,100.0,1.0,4.139444444444445,,（株）ムロコーポレーション,21
619,9056439A005    ,2023,36,0.93,3.0,TP131ﾌﾀﾅｼ,1.0,1.0,0.73,100.0,1.0,4.777777777777778,3.0411111111111113,（株）ムロコーポレーション,22
620,9056439A005    ,2023,37,0.93,3.0,TP131ﾌﾀﾅｼ,1.0,1.0,0.73,100.0,1.0,8.35,3.06,（株）ムロコーポレーション,16
621,9056439A005    ,2023,38,0.93,3.0,TP131ﾌﾀﾅｼ,1.0,1.0,0.73,100.0,1.0,5.274,2.464,（株）ムロコーポレーション,14
622,9056439A005    ,2023,39,0.93,3.0,TP131ﾌﾀﾅｼ,1.0,1.0,0.73,100.0,1.0,2.072,3.1160000000000005,（株）ムロコーポレーション,5
623,9056439A006    ,2023,35,0.93,3.0,TP131ﾌﾀﾅｼ,1.0,1.0,0.73,100.0,1.0,11.765,,（株）ムロコーポレーション,4
624,9056439A006    ,2023,36,0.93,3.0,TP131ﾌﾀﾅｼ,1.0,1.0,0.73,100.0,1.0,6.595000000000001,1.19,（株）ムロコーポレーション,2
625,9056439A006    ,2023,37,0.93,3.0,TP131ﾌﾀﾅｼ,1.0,1.0,0.73,100.0,1.0,1.8350000000000002,0.525,（株）ムロコーポレーション,12
626,9056439A006    ,2023,38,0.93,3.0,TP131ﾌﾀﾅｼ,1.0,1.0,0.73,100.0,1.0,5.47375,1.09875,（株）ムロコーポレーション,8
627,9056450A002    ,2023,35,0.93,3.0,TP131ﾌﾀﾅｼ,1.0,1.0,0.73,100.0,1.0,4.124545454545454,,（株）ムロコーポレーション,14
628,9056450A002    ,2023,36,0.93,3.0,TP131ﾌﾀﾅｼ,1.0,1.0,0.73,100.0,1.0,2.8123076923076926,0.7553846153846154,（株）ムロコーポレーション,17
629,9056450A002    ,2023,37,0.93,3.0,TP131ﾌﾀﾅｼ,1.0,1.0,0.73,100.0,1.0,3.924285714285714,0.7185714285714285,（株）ムロコーポレーション,17
630,9056450A002    ,2023,38,0.93,3.0,TP131ﾌﾀﾅｼ,1.0,1.0,0.73,100.0,1.0,3.6381818181818186,0.7690909090909092,（株）ムロコーポレーション,13
631,9056450A002    ,2023,39,0.93,3.0,TP131ﾌﾀﾅｼ,1.0,1.0,0.73,100.0,1.0,2.52625,0.6575,（株）ムロコーポレーション,8
632,9056450A003    ,2023,36,0.93,3.0,TP131ﾌﾀﾅｼ,1.0,1.0,0.73,100.0,1.0,17.3,2.26,（株）ムロコーポレーション,1
633,9056450A003    ,2023,37,0.93,3.0,TP131ﾌﾀﾅｼ,1.0,1.0,0.73,100.0,1.0,14.05,2.64,（株）ムロコーポレーション,1
634,9056451A083    ,2023,35,0.93,3.0,TP131ﾌﾀﾅｼ,1.0,1.0,0.73,100.0,1.0,,,（株）ムロコーポレーション,2
635,9056451A083    ,2023,37,0.93,3.0,TP131ﾌﾀﾅｼ,1.0,1.0,0.73,100.0,1.0,14.870000000000001,0.91,（株）ムロコーポレーション,1
636,9056451A084    ,2023,35,0.93,3.0,TP131ﾌﾀﾅｼ,1.0,1.0,0.73,100.0,1.0,4.8500000000000005,,（株）ムロコーポレーション,4
637,9056451A084    ,2023,36,0.93,3.0,TP131ﾌﾀﾅｼ,1.0,1.0,0.73,100.0,1.0,10.129999999999999,0.89,（株）ムロコーポレーション,3
638,9056451A084    ,2023,37,0.93,3.0,TP131ﾌﾀﾅｼ,1.0,1.0,0.73,100.0,1.0,4.4799999999999995,0.85,（株）ムロコーポレーション,2
639,9056451A084    ,2023,38,0.93,3.0,TP131ﾌﾀﾅｼ,1.0,1.0,0.73,100.0,1.0,7.609999999999999,0.95,（株）ムロコーポレーション,1
640,9056451A085    ,2023,35,0.93,3.0,TP131ﾌﾀﾅｼ,1.0,1.0,0.73,100.0,1.0,12.646666666666667,,（株）ムロコーポレーション,6
641,9056451A085    ,2023,36,0.93,3.0,TP131ﾌﾀﾅｼ,1.0,1.0,0.73,100.0,1.0,17.7475,0.71,（株）ムロコーポレーション,5
642,9056451A085    ,2023,37,0.93,3.0,TP131ﾌﾀﾅｼ,1.0,1.0,0.73,100.0,1.0,14.51,0.79,（株）ムロコーポレーション,3
643,9056451A086    ,2023,35,0.93,3.0,TP131ﾌﾀﾅｼ,1.0,1.0,0.73,100.0,1.0,18.450000000000003,,（株）ムロコーポレーション,3
644,9056451A086    ,2023,36,0.93,3.0,TP131ﾌﾀﾅｼ,1.0,1.0,0.73,100.0,1.0,20.755000000000003,0.53,（株）ムロコーポレーション,2
645,9056451A086    ,2023,37,0.93,3.0,TP131ﾌﾀﾅｼ,1.0,1.0,0.73,100.0,1.0,14.4,0.45,（株）ムロコーポレーション,1
646,9056451A087    ,2023,36,0.93,3.0,TP131ﾌﾀﾅｼ,1.0,1.0,0.73,100.0,1.0,18.18,0.16,（株）ムロコーポレーション,1
647,9056451A087    ,2023,38,0.93,3.0,TP131ﾌﾀﾅｼ,1.0,1.0,0.73,100.0,1.0,6.94,0.16,（株）ムロコーポレーション,1
648,9056451A087    ,2023,39,0.93,3.0,TP131ﾌﾀﾅｼ,1.0,1.0,0.73,100.0,1.0,2.93,0.14,（株）ムロコーポレーション,1
649,9056455A041    ,2023,35,0.93,3.0,TP131ﾌﾀﾅｼ,1.0,1.0,0.73,100.0,1.0,7.06,,（株）ムロコーポレーション,1
650,9056455A042    ,2023,37,0.93,3.0,TP131ﾌﾀﾅｼ,1.0,1.0,0.73,100.0,1.0,11.4,0.53,（株）ムロコーポレーション,2
651,9056455A042    ,2023,38,0.93,3.0,TP131ﾌﾀﾅｼ,1.0,1.0,0.73,100.0,1.0,5.62,0.54,（株）ムロコーポレーション,1
652,9056455A043    ,2023,35,0.93,3.0,TP131ﾌﾀﾅｼ,1.0,1.0,0.73,100.0,1.0,27.310000000000002,,（株）ムロコーポレーション,4
653,9056455A043    ,2023,36,0.93,3.0,TP131ﾌﾀﾅｼ,1.0,1.0,0.73,100.0,1.0,20.919999999999998,0.55,（株）ムロコーポレーション,2
654,9056455A043    ,2023,37,0.93,3.0,TP131ﾌﾀﾅｼ,1.0,1.0,0.73,100.0,1.0,,,（株）ムロコーポレーション,1
655,9056455A044    ,2023,35,0.93,3.0,TP131ﾌﾀﾅｼ,1.0,1.0,0.73,100.0,1.0,15.89,,（株）ムロコーポレーション,3
656,9056455A044    ,2023,36,0.93,3.0,TP131ﾌﾀﾅｼ,1.0,1.0,0.73,100.0,1.0,16.356666666666666,0.4666666666666666,（株）ムロコーポレーション,4
657,9056455A044    ,2023,37,0.93,3.0,TP131ﾌﾀﾅｼ,1.0,1.0,0.73,100.0,1.0,7.909999999999999,0.43,（株）ムロコーポレーション,3
658,9056455A045    ,2023,35,0.93,3.0,TP131ﾌﾀﾅｼ,1.0,1.0,0.73,100.0,1.0,13.845,,（株）ムロコーポレーション,3
659,9056455A045    ,2023,37,0.93,3.0,TP131ﾌﾀﾅｼ,1.0,1.0,0.73,100.0,1.0,6.34,0.48,（株）ムロコーポレーション,2
660,9056455A045    ,2023,38,0.93,3.0,TP131ﾌﾀﾅｼ,1.0,1.0,0.73,100.0,1.0,3.625,0.49,（株）ムロコーポレーション,3
661,9056455A045    ,2023,39,0.93,3.0,TP131ﾌﾀﾅｼ,1.0,1.0,0.73,100.0,1.0,3.5100000000000002,0.45,（株）ムロコーポレーション,1
662,9056455A046    ,2023,35,0.93,3.0,TP131ﾌﾀﾅｼ,1.0,1.0,0.73,100.0,1.0,28.36,,（株）ムロコーポレーション,1
663,9056455A046    ,2023,37,0.93,3.0,TP131ﾌﾀﾅｼ,1.0,1.0,0.73,100.0,1.0,,,（株）ムロコーポレーション,1
664,9056457A134    ,2023,35,0.93,3.0,TP131ﾌﾀﾅｼ,1.0,1.0,0.73,100.0,1.0,21.3,,（株）ムロコーポレーション,1
665,9056457A134    ,2023,36,0.93,3.0,TP131ﾌﾀﾅｼ,1.0,1.0,0.73,100.0,1.0,16.57,1.14,（株）ムロコーポレーション,1
666,9056457A134    ,2023,37,0.93,3.0,TP131ﾌﾀﾅｼ,1.0,1.0,0.73,100.0,1.0,,,（株）ムロコーポレーション,1
667,9056457A135    ,2023,35,0.93,3.0,TP131ﾌﾀﾅｼ,1.0,1.0,0.73,100.0,1.0,11.46,,（株）ムロコーポレーション,3
668,9056457A135    ,2023,36,0.93,3.0,TP131ﾌﾀﾅｼ,1.0,1.0,0.73,100.0,1.0,18.166666666666668,1.71,（株）ムロコーポレーション,4
669,9056457A135    ,2023,37,0.93,3.0,TP131ﾌﾀﾅｼ,1.0,1.0,0.73,100.0,1.0,,,（株）ムロコーポレーション,1
670,9056457A135    ,2023,38,0.93,3.0,TP131ﾌﾀﾅｼ,1.0,1.0,0.73,100.0,1.0,6.37,1.84,（株）ムロコーポレーション,2
671,9056457A136    ,2023,35,0.93,3.0,TP131ﾌﾀﾅｼ,1.0,1.0,0.73,100.0,1.0,6.912000000000001,,（株）ムロコーポレーション,5
672,9056457A136    ,2023,36,0.93,3.0,TP131ﾌﾀﾅｼ,1.0,1.0,0.73,100.0,1.0,6.034000000000001,0.9640000000000001,（株）ムロコーポレーション,7
673,9056457A136    ,2023,37,0.93,3.0,TP131ﾌﾀﾅｼ,1.0,1.0,0.73,100.0,1.0,7.220000000000001,0.8999999999999999,（株）ムロコーポレーション,7
674,9056457A136    ,2023,38,0.93,3.0,TP131ﾌﾀﾅｼ,1.0,1.0,0.73,100.0,1.0,6.348000000000001,0.96,（株）ムロコーポレーション,6
675,9056457A136    ,2023,39,0.93,3.0,TP131ﾌﾀﾅｼ,1.0,1.0,0.73,100.0,1.0,2.18,0.88,（株）ムロコーポレーション,1
676,9056457A137    ,2023,35,0.93,3.0,TP131ﾌﾀﾅｼ,1.0,1.0,0.73,100.0,1.0,4.536,,（株）ムロコーポレーション,6
677,9056457A137    ,2023,36,0.93,3.0,TP131ﾌﾀﾅｼ,1.0,1.0,0.73,100.0,1.0,2.734,0.492,（株）ムロコーポレーション,7
678,9056457A137    ,2023,37,0.93,3.0,TP131ﾌﾀﾅｼ,1.0,1.0,0.73,100.0,1.0,2.9766666666666666,0.3133333333333333,（株）ムロコーポレーション,7
679,9056457A137    ,2023,38,0.93,3.0,TP131ﾌﾀﾅｼ,1.0,1.0,0.73,100.0,1.0,5.09,0.37,（株）ムロコーポレーション,4
680,9056457A137    ,2023,39,0.93,3.0,TP131ﾌﾀﾅｼ,1.0,1.0,0.73,100.0,1.0,2.86,0.31666666666666665,（株）ムロコーポレーション,3
681,9056457A138    ,2023,35,0.93,3.0,TP131ﾌﾀﾅｼ,1.0,1.0,0.73,100.0,1.0,4.675,,（株）ムロコーポレーション,5
682,9056457A138    ,2023,36,0.93,3.0,TP131ﾌﾀﾅｼ,1.0,1.0,0.73,100.0,1.0,4.36,0.12666666666666668,（株）ムロコーポレーション,4
683,9056457A138    ,2023,37,0.93,3.0,TP131ﾌﾀﾅｼ,1.0,1.0,0.73,100.0,1.0,7.085000000000001,0.065,（株）ムロコーポレーション,5
684,9056457A138    ,2023,38,0.93,3.0,TP131ﾌﾀﾅｼ,1.0,1.0,0.73,100.0,1.0,6.600000000000001,0.13,（株）ムロコーポレーション,1
685,9056457A139    ,2023,35,0.93,3.0,TP131ﾌﾀﾅｼ,1.0,1.0,0.73,100.0,1.0,14.83,,（株）ムロコーポレーション,3
686,9056463A032    ,2023,35,0.93,3.0,TP131ﾌﾀﾅｼ,1.0,1.0,0.73,100.0,1.0,11.959999999999999,,（株）ムロコーポレーション,3
687,9056463A032    ,2023,36,0.93,3.0,TP131ﾌﾀﾅｼ,1.0,1.0,0.73,100.0,1.0,13.586666666666666,0.36000000000000004,（株）ムロコーポレーション,3
688,9056463A032    ,2023,37,0.93,3.0,TP131ﾌﾀﾅｼ,1.0,1.0,0.73,100.0,1.0,,,（株）ムロコーポレーション,1
689,9056463A033    ,2023,35,0.93,3.0,TP131ﾌﾀﾅｼ,1.0,1.0,0.73,100.0,1.0,4.537999999999999,,（株）ムロコーポレーション,6
690,9056463A033    ,2023,36,0.93,3.0,TP131ﾌﾀﾅｼ,1.0,1.0,0.73,100.0,1.0,5.62,0.10600000000000001,（株）ムロコーポレーション,6
691,9056463A033    ,2023,37,0.93,3.0,TP131ﾌﾀﾅｼ,1.0,1.0,0.73,100.0,1.0,3.56,0.13,（株）ムロコーポレーション,3
692,9056463A033    ,2023,38,0.93,3.0,TP131ﾌﾀﾅｼ,1.0,1.0,0.73,100.0,1.0,5.155,0.125,（株）ムロコーポレーション,2
693,9056463A033    ,2023,39,0.93,3.0,TP131ﾌﾀﾅｼ,1.0,1.0,0.73,100.0,1.0,2.165,0.125,（株）ムロコーポレーション,2
694,9056463A034    ,2023,35,0.93,3.0,TP131ﾌﾀﾅｼ,1.0,1.0,0.73,100.0,1.0,3.758,,（株）ムロコーポレーション,6
695,9056463A034    ,2023,36,0.93,3.0,TP131ﾌﾀﾅｼ,1.0,1.0,0.73,100.0,1.0,3.318,0.046,（株）ムロコーポレーション,6
696,9056463A034    ,2023,37,0.93,3.0,TP131ﾌﾀﾅｼ,1.0,1.0,0.73,100.0,1.0,4.4399999999999995,0.05,（株）ムロコーポレーション,6
697,9056463A034    ,2023,38,0.93,3.0,TP131ﾌﾀﾅｼ,1.0,1.0,0.73,100.0,1.0,4.095,0.042499999999999996,（株）ムロコーポレーション,5
698,9056463A034    ,2023,39,0.93,3.0,TP131ﾌﾀﾅｼ,1.0,1.0,0.73,100.0,1.0,2.185,0.042499999999999996,（株）ムロコーポレーション,4
699,9056463A035    ,2023,35,0.93,3.0,TP131ﾌﾀﾅｼ,1.0,1.0,0.73,100.0,1.0,3.65,,（株）ムロコーポレーション,4
700,9056463A035    ,2023,36,0.93,3.0,TP131ﾌﾀﾅｼ,1.0,1.0,0.73,100.0,1.0,4.0275,0.0,（株）ムロコーポレーション,5
701,9056463A035    ,2023,37,0.93,3.0,TP131ﾌﾀﾅｼ,1.0,1.0,0.73,100.0,1.0,2.775,0.0,（株）ムロコーポレーション,5
702,9056463A035    ,2023,38,0.93,3.0,TP131ﾌﾀﾅｼ,1.0,1.0,0.73,100.0,1.0,2.8280000000000003,0.0,（株）ムロコーポレーション,6
703,9056463A035    ,2023,39,0.93,3.0,TP131ﾌﾀﾅｼ,1.0,1.0,0.73,100.0,1.0,1.84,0.0,（株）ムロコーポレーション,3
704,9056463A036    ,2023,35,0.93,3.0,TP131ﾌﾀﾅｼ,1.0,1.0,0.73,100.0,1.0,7.380000000000001,,（株）ムロコーポレーション,2
705,9056463A036    ,2023,36,0.93,3.0,TP131ﾌﾀﾅｼ,1.0,1.0,0.73,100.0,1.0,4.78,0.0,（株）ムロコーポレーション,2
706,9056463A036    ,2023,37,0.93,3.0,TP131ﾌﾀﾅｼ,1.0,1.0,0.73,100.0,1.0,1.25,0.0,（株）ムロコーポレーション,4
707,9056463A036    ,2023,38,0.93,3.0,TP131ﾌﾀﾅｼ,1.0,1.0,0.73,100.0,1.0,3.2439999999999998,0.0,（株）ムロコーポレーション,5
708,9056463A036    ,2023,39,0.93,3.0,TP131ﾌﾀﾅｼ,1.0,1.0,0.73,100.0,1.0,2.0400000000000005,0.0,（株）ムロコーポレーション,1
709,9056463A037    ,2023,35,0.93,3.0,TP131ﾌﾀﾅｼ,1.0,1.0,0.73,100.0,1.0,,,（株）ムロコーポレーション,1
710,9056463A037    ,2023,36,0.93,3.0,TP131ﾌﾀﾅｼ,1.0,1.0,0.73,100.0,1.0,12.63,0.0,（株）ムロコーポレーション,1
711,9056463A037    ,2023,37,0.93,3.0,TP131ﾌﾀﾅｼ,1.0,1.0,0.73,100.0,1.0,7.19,0.0,（株）ムロコーポレーション,2
712,9056463A037    ,2023,38,0.93,3.0,TP131ﾌﾀﾅｼ,1.0,1.0,0.73,100.0,1.0,9.860000000000001,0.0,（株）ムロコーポレーション,1
713,9093003179,2023,35,0.5,1.0,ＴＰ３３１フタナシ,1.0,6.0,5.76,500.0,2.625,4.1450000000000005,1.89,（株）青山製作所,8
714,9093003179,2023,36,0.5,1.0,ＴＰ３３１フタナシ,1.0,6.0,5.76,500.0,2.5714285714285716,5.5928571428571425,1.544285714285714,（株）青山製作所,7
715,9093003179,2023,37,0.5,1.0,ＴＰ３３１フタナシ,1.0,6.0,5.76,500.0,4.2,3.6399999999999997,1.5628888888888888,（株）青山製作所,10
716,9093003179,2023,38,0.5,1.0,ＴＰ３３１フタナシ,1.0,6.0,5.76,500.0,3.857142857142857,4.208333333333333,1.7936666666666667,（株）青山製作所,7
717,9093003179,2023,39,0.5,1.0,ＴＰ３３１フタナシ,1.0,6.0,5.76,500.0,3.0,2.1300000000000003,1.289,（株）青山製作所,4
718,9094906A012    ,2023,35,0.59,3.0,AW131ﾌﾀﾅｼ,1.0,2.0,2.34,500.0,1.5625,2.5428125,4.332,中庸スプリング（株）,32
719,9094906A012    ,2023,36,0.59,3.0,AW131ﾌﾀﾅｼ,1.0,2.0,2.34,500.0,1.4,2.298,6.121333333333333,中庸スプリング（株）,30
720,9094906A012    ,2023,37,0.59,3.0,AW131ﾌﾀﾅｼ,1.0,2.0,2.34,500.0,1.393939393939394,1.9354545454545453,5.5458181818181815,中庸スプリング（株）,33
721,9094906A012    ,2023,38,0.59,3.0,AW131ﾌﾀﾅｼ,1.0,2.0,2.34,500.0,1.5,2.5353333333333334,5.613933333333334,中庸スプリング（株）,30
722,9094906A012    ,2023,39,0.59,3.0,AW131ﾌﾀﾅｼ,1.0,2.0,2.34,500.0,1.3333333333333333,1.31,5.18552380952381,中庸スプリング（株）,21
723,9155180614,2023,35,0.54,3.0,ＴＰ３３１フタナシ,1.0,6.0,5.76,1500.0,3.7333333333333334,2.661428571428572,3.0693333333333337,（株）青山製作所,15
724,9155180614,2023,36,0.54,3.0,ＴＰ３３１フタナシ,1.0,6.0,5.76,1500.0,3.8,2.1700000000000004,2.803377777777778,（株）青山製作所,15
725,9155180614,2023,37,0.54,3.0,ＴＰ３３１フタナシ,1.0,6.0,5.76,1500.0,3.066666666666667,2.417857142857143,2.680095238095238,（株）青山製作所,15
726,9155180614,2023,38,0.54,3.0,ＴＰ３３１フタナシ,1.0,6.0,5.76,1500.0,3.142857142857143,2.587142857142857,2.8364761904761906,（株）青山製作所,14
727,9155180614,2023,39,0.54,3.0,ＴＰ３３１フタナシ,1.0,6.0,5.76,1500.0,2.6666666666666665,2.0433333333333334,2.6548148148148147,（株）青山製作所,9
728,9155180640,2023,35,0.54,3.0,ＴＰ３３１フタナシ,1.0,6.0,5.76,1000.0,3.2222222222222223,5.5811111111111105,1.79,（株）青山製作所,9
729,9155180640,2023,36,0.54,3.0,ＴＰ３３１フタナシ,1.0,6.0,5.76,1000.0,4.3,4.2988888888888885,1.8688888888888888,（株）青山製作所,10
730,9155180640,2023,37,0.54,3.0,ＴＰ３３１フタナシ,1.0,6.0,5.76,1000.0,3.6666666666666665,5.82625,1.2854999999999999,（株）青山製作所,9
731,9155180640,2023,38,0.54,3.0,ＴＰ３３１フタナシ,1.0,6.0,5.76,1000.0,4.875,4.1433333333333335,1.5023333333333333,（株）青山製作所,8
732,9155180640,2023,39,0.54,3.0,ＴＰ３３１フタナシ,1.0,6.0,5.76,1000.0,3.3333333333333335,1.5599999999999998,1.798,（株）青山製作所,3
733,9161140614,2023,35,0.52,3.0,ＴＰ３３１フタナシ,1.0,6.0,5.76,2500.0,3.413793103448276,1.7182758620689655,4.8396799999999995,（株）青山製作所,29
734,9161140614,2023,36,0.52,3.0,ＴＰ３３１フタナシ,1.0,6.0,5.76,2500.0,3.5172413793103448,1.3017241379310345,5.379310344827586,（株）青山製作所,29
735,9161140614,2023,37,0.52,3.0,ＴＰ３３１フタナシ,1.0,6.0,5.76,2500.0,3.3548387096774195,1.6610344827586208,5.498262068965517,（株）青山製作所,31
736,9161140614,2023,38,0.52,3.0,ＴＰ３３１フタナシ,1.0,6.0,5.76,2500.0,3.5357142857142856,1.474,5.133568,（株）青山製作所,28
737,9161140614,2023,39,0.52,3.0,ＴＰ３３１フタナシ,1.0,6.0,5.76,2500.0,3.7142857142857144,1.227142857142857,5.1626666666666665,（株）青山製作所,21
738,9167180618,2023,35,0.53,3.0,ＴＰ３３１フタナシ,1.0,6.0,5.76,1000.0,3.0714285714285716,3.0171428571428573,2.838,（株）青山製作所,14
739,9167180618,2023,36,0.53,3.0,ＴＰ３３１フタナシ,1.0,6.0,5.76,1000.0,3.142857142857143,3.3053846153846154,2.5721538461538462,（株）青山製作所,14
740,9167180618,2023,37,0.53,3.0,ＴＰ３３１フタナシ,1.0,6.0,5.76,1000.0,3.357142857142857,3.49,2.440384615384615,（株）青山製作所,14
741,9167180618,2023,38,0.53,3.0,ＴＰ３３１フタナシ,1.0,6.0,5.76,1000.0,3.857142857142857,2.9200000000000004,2.359090909090909,（株）青山製作所,14
742,9167180618,2023,39,0.53,3.0,ＴＰ３３１フタナシ,1.0,6.0,5.76,1000.0,2.125,2.3587499999999997,2.044125,（株）青山製作所,8
743,G1144ECB010    ,2023,35,0.63,2.0,ＴＰ３３１フタナシ,1.0,1.0,2.28,6.0,1.0,2.2461464968152867,68.5,住友電気工業（株）,314
744,G1144ECB010    ,2023,36,0.63,2.0,ＴＰ３３１フタナシ,1.0,1.0,2.28,6.0,1.0,1.6896855345911952,61.70754716981132,住友電気工業（株）,318
745,G1144ECB010    ,2023,37,0.63,2.0,ＴＰ３３１フタナシ,1.0,1.0,2.28,6.0,1.0,1.6429253731343283,58.9910447761194,住友電気工業（株）,335
746,G1144ECB010    ,2023,38,0.63,2.0,ＴＰ３３１フタナシ,1.0,1.0,2.28,6.0,1.0,1.6245723684210527,58.773574561403514,住友電気工業（株）,304
747,G1144ECB010    ,2023,39,0.63,2.0,ＴＰ３３１フタナシ,1.0,1.0,2.28,6.0,1.0,1.226476868327402,58.90747330960854,住友電気工業（株）,281
748,G1144ECE010    ,2023,35,0.58,2.0,ＴＰ３３１フタアリ,1.0,1.0,1.79,8.0,1.0,2.11935860058309,63.792910447761194,矢崎総業（株）,343
749,G1144ECE010    ,2023,36,0.58,2.0,ＴＰ３３１フタアリ,1.0,1.0,1.79,8.0,1.0,1.9741479099678458,59.353697749196144,矢崎総業（株）,311
750,G1144ECE010    ,2023,37,0.58,2.0,ＴＰ３３１フタアリ,1.0,1.0,1.79,8.0,1.0,1.9146319018404907,57.202837423312886,矢崎総業（株）,326
751,G1144ECE010    ,2023,38,0.58,2.0,ＴＰ３３１フタアリ,1.0,1.0,1.79,8.0,1.0,1.9686577181208054,56.769295302013425,矢崎総業（株）,298
752,G1144ECE010    ,2023,39,0.58,2.0,ＴＰ３３１フタアリ,1.0,1.0,1.79,8.0,1.0,1.3638976377952756,55.51673228346457,矢崎総業（株）,254
753,G1163ECB010    ,2023,35,0.54,1.0,ＴＰ３３１フタナシ,1.0,6.0,5.76,80.0,3.1666666666666665,0.8111428571428572,5.64,（株）青山製作所,36
754,G1163ECB010    ,2023,36,0.54,1.0,ＴＰ３３１フタナシ,1.0,6.0,5.76,80.0,3.42,0.8808510638297872,8.709574468085107,（株）青山製作所,50
755,G1163ECB010    ,2023,37,0.54,1.0,ＴＰ３３１フタナシ,1.0,6.0,5.76,80.0,3.4545454545454546,0.9946341463414634,7.93079268292683,（株）青山製作所,44
756,G1163ECB010    ,2023,38,0.54,1.0,ＴＰ３３１フタナシ,1.0,6.0,5.76,80.0,3.282608695652174,1.077906976744186,8.094767441860466,（株）青山製作所,46
757,G1163ECB010    ,2023,39,0.54,1.0,ＴＰ３３１フタナシ,1.0,6.0,5.76,80.0,3.3684210526315788,0.9728947368421053,8.200657894736842,（株）青山製作所,38
758,G1163ECE010    ,2023,35,0.53,1.0,ＴＰ３３１フタナシ,1.0,6.0,5.76,100.0,3.3168316831683167,1.2771000000000001,12.946875,（株）青山製作所,101
759,G1163ECE010    ,2023,36,0.53,1.0,ＴＰ３３１フタナシ,1.0,6.0,5.76,100.0,3.4757281553398056,1.0651515151515152,18.566666666666666,（株）青山製作所,103
760,G1163ECE010    ,2023,37,0.53,1.0,ＴＰ３３１フタナシ,1.0,6.0,5.76,100.0,3.443396226415094,1.3740625,17.912187499999998,（株）青山製作所,106
761,G1163ECE010    ,2023,38,0.53,1.0,ＴＰ３３１フタナシ,1.0,6.0,5.76,100.0,3.2795698924731185,1.4614285714285715,17.592197802197802,（株）青山製作所,93
762,G1163ECE010    ,2023,39,0.53,1.0,ＴＰ３３１フタナシ,1.0,6.0,5.76,100.0,3.3,0.9962500000000001,17.229375,（株）青山製作所,80
763,G117362010     ,2023,35,0.85,1.0,ＴＰ３３１．５フタナシ,1.0,1.0,3.05,18.0,1.0,2.7916342412451365,52.51781970649895,多摩川精機販売（株）,257
764,G117362010     ,2023,36,0.85,1.0,ＴＰ３３１．５フタナシ,1.0,1.0,3.05,18.0,1.0,2.4869230769230772,46.73100664767331,多摩川精機販売（株）,234
765,G117362010     ,2023,37,0.85,1.0,ＴＰ３３１．５フタナシ,1.0,1.0,3.05,18.0,1.0,2.3294615384615387,45.019444444444446,多摩川精機販売（株）,260
766,G117362010     ,2023,38,0.85,1.0,ＴＰ３３１．５フタナシ,1.0,1.0,3.05,18.0,1.0,2.357142857142857,44.608225108225106,多摩川精機販売（株）,231
767,G117362010     ,2023,39,0.85,1.0,ＴＰ３３１．５フタナシ,1.0,1.0,3.05,18.0,1.0,1.561489361702128,43.97872340425532,多摩川精機販売（株）,188
768,G1174ECB010    ,2023,35,0.85,1.0,ＴＰ３６２フタナシ,1.0,1.0,2.28,50.0,1.0,3.5065789473684212,8.235000000000001,住友電装（株）,38
769,G1174ECB010    ,2023,36,0.85,1.0,ＴＰ３６２フタナシ,1.0,1.0,2.28,50.0,1.0,2.3634285714285714,7.233714285714286,住友電装（株）,35
770,G1174ECB010    ,2023,37,0.85,1.0,ＴＰ３６２フタナシ,1.0,1.0,2.28,50.0,1.0,2.39780487804878,6.920487804878049,住友電装（株）,41
771,G1174ECB010    ,2023,38,0.85,1.0,ＴＰ３６２フタナシ,1.0,1.0,2.28,50.0,1.0,2.424285714285714,6.981142857142857,住友電装（株）,35
772,G1174ECB010    ,2023,39,0.85,1.0,ＴＰ３６２フタナシ,1.0,1.0,2.28,50.0,1.0,1.6113333333333335,7.059333333333333,住友電装（株）,30
773,G1174ECE010    ,2023,35,0.87,1.0,ＴＰ３６２フタナシ,1.0,1.0,2.28,50.0,1.0,3.4874545454545456,10.63090909090909,住友電装（株）,55
774,G1174ECE010    ,2023,36,0.87,1.0,ＴＰ３６２フタナシ,1.0,1.0,2.28,50.0,1.0,3.127708333333333,9.529583333333333,住友電装（株）,48
775,G1174ECE010    ,2023,37,0.87,1.0,ＴＰ３６２フタナシ,1.0,1.0,2.28,50.0,1.0,3.064705882352941,9.016470588235293,住友電装（株）,51
776,G1174ECE010    ,2023,38,0.87,1.0,ＴＰ３６２フタナシ,1.0,1.0,2.28,50.0,1.0,2.955531914893617,9.029361702127659,住友電装（株）,47
777,G1174ECE010    ,2023,39,0.87,1.0,ＴＰ３６２フタナシ,1.0,1.0,2.28,50.0,1.0,1.996875,8.625625,住友電装（株）,32
778,G1250ECB010    ,2023,35,0.87,1.0,ＴＰ３３２フタナシ,1.0,2.0,6.2,60.0,1.4736842105263157,3.0989473684210522,3.2125,（株）バルカー,19
779,G1250ECB010    ,2023,36,0.87,1.0,ＴＰ３３２フタナシ,1.0,2.0,6.2,60.0,1.4444444444444444,2.4499999999999997,3.6657407407407407,（株）バルカー,18
780,G1250ECB010    ,2023,37,0.87,1.0,ＴＰ３３２フタナシ,1.0,2.0,6.2,60.0,1.5,2.0709999999999997,3.540833333333333,（株）バルカー,20
781,G1250ECB010    ,2023,38,0.87,1.0,ＴＰ３３２フタナシ,1.0,2.0,6.2,60.0,1.4736842105263157,2.3278947368421052,3.5078947368421054,（株）バルカー,19
782,G1250ECB010    ,2023,39,0.87,1.0,ＴＰ３３２フタナシ,1.0,2.0,6.2,60.0,1.3125,1.723125,3.5697916666666667,（株）バルカー,16
783,G1250ECC010    ,2023,35,0.87,1.0,ＴＰ３３２フタナシ,1.0,2.0,6.2,60.0,1.5,4.5075,2.6,（株）バルカー,12
784,G1250ECC010    ,2023,36,0.87,1.0,ＴＰ３３２フタナシ,1.0,2.0,6.2,60.0,1.6363636363636365,3.821818181818182,2.3954545454545455,（株）バルカー,11
785,G1250ECC010    ,2023,37,0.87,1.0,ＴＰ３３２フタナシ,1.0,2.0,6.2,60.0,1.4615384615384615,2.46,2.3589743589743586,（株）バルカー,13
786,G1250ECC010    ,2023,38,0.87,1.0,ＴＰ３３２フタナシ,1.0,2.0,6.2,60.0,1.4166666666666667,2.9675,2.2263888888888888,（株）バルカー,12
787,G1250ECC010    ,2023,39,0.87,1.0,ＴＰ３３２フタナシ,1.0,2.0,6.2,60.0,1.4444444444444444,2.0944444444444446,2.244444444444445,（株）バルカー,9
788,G1250ECE010    ,2023,35,0.88,1.0,ＴＰ３３２フタナシ,1.0,2.0,6.2,60.0,1.5348837209302326,3.145581395348837,7.993333333333334,（株）バルカー,43
789,G1250ECE010    ,2023,36,0.88,1.0,ＴＰ３３２フタナシ,1.0,2.0,6.2,60.0,1.4878048780487805,2.870731707317073,7.61788617886179,（株）バルカー,41
790,G1250ECE010    ,2023,37,0.88,1.0,ＴＰ３３２フタナシ,1.0,2.0,6.2,60.0,1.5,3.017142857142857,7.521825396825397,（株）バルカー,42
791,G1250ECE010    ,2023,38,0.88,1.0,ＴＰ３３２フタナシ,1.0,2.0,6.2,60.0,1.45,2.6614999999999998,7.6075,（株）バルカー,40
792,G1250ECE010    ,2023,39,0.88,1.0,ＴＰ３３２フタナシ,1.0,2.0,6.2,60.0,1.4482758620689655,1.9182758620689653,7.114367816091954,（株）バルカー,29
793,G9201ECB030    ,2023,35,0.78,2.0,Ｔ２０３フタナシ,1.0,2.0,5.82,8.0,1.4659498207885304,1.8927338129496405,49.43181818181818,佐藤工業（株）,279
794,G9201ECB030    ,2023,36,0.78,2.0,Ｔ２０３フタナシ,1.0,2.0,5.82,8.0,1.4335443037974684,4.176297468354431,46.78243670886076,佐藤工業（株）,316
795,G9201ECB030    ,2023,37,0.78,2.0,Ｔ２０３フタナシ,1.0,2.0,5.82,8.0,1.425,3.8214285714285716,42.605,佐藤工業（株）,200
796,G9201ECB030    ,2023,38,0.78,2.0,Ｔ２０３フタナシ,1.0,2.0,5.82,8.0,1.4324324324324325,2.095675675675676,42.52094594594595,佐藤工業（株）,185
797,G9201ECB030    ,2023,39,0.78,2.0,Ｔ２０３フタナシ,1.0,2.0,5.82,8.0,1.4251207729468598,1.1889371980676329,44.17028985507246,佐藤工業（株）,207
798,G9201ECE010    ,2023,35,0.86,2.0,サンボックス＃２０Ｂフタナシ,1.0,2.0,5.82,8.0,1.48,2.49155,64.20210280373831,佐藤工業（株）,400
799,G9201ECE010    ,2023,36,0.86,2.0,サンボックス＃２０Ｂフタナシ,1.0,2.0,5.82,8.0,1.4148148148148147,5.470617283950617,59.965123456790124,佐藤工業（株）,405
800,G9201ECE010    ,2023,37,0.86,2.0,サンボックス＃２０Ｂフタナシ,1.0,2.0,5.82,8.0,1.4086021505376345,3.8652789699570818,54.076716738197426,佐藤工業（株）,279
801,G9201ECE010    ,2023,38,0.86,2.0,サンボックス＃２０Ｂフタナシ,1.0,2.0,5.82,8.0,1.4221311475409837,1.950614754098361,54.470799180327866,佐藤工業（株）,244
802,G9201ECE010    ,2023,39,0.86,2.0,サンボックス＃２０Ｂフタナシ,1.0,2.0,5.82,8.0,1.4234693877551021,1.8131632653061225,53.46619897959184,佐藤工業（株）,196
803,G9210ECB010    ,2023,35,1.0,3.0,TP341.5ﾌﾀｱﾘ,1.0,6.0,3.3,1.0,4.826923076923077,,,（株）ＢｌｕＥ　Ｎｅｘｕｓ,156
804,G9210ECB010    ,2023,36,1.0,3.0,TP341.5ﾌﾀｱﾘ,1.0,6.0,3.3,1.0,4.380769230769231,,,（株）ＢｌｕＥ　Ｎｅｘｕｓ,260
805,G9210ECB010    ,2023,37,1.0,3.0,TP341.5ﾌﾀｱﾘ,1.0,6.0,3.3,1.0,5.444444444444445,,,（株）ＢｌｕＥ　Ｎｅｘｕｓ,54
806,G9210ECB010    ,2023,38,1.0,3.0,TP341.5ﾌﾀｱﾘ,1.0,6.0,3.3,1.0,5.311320754716981,,,（株）ＢｌｕＥ　Ｎｅｘｕｓ,212
807,G9210ECB010    ,2023,39,1.0,3.0,TP341.5ﾌﾀｱﾘ,1.0,6.0,3.3,1.0,4.893280632411067,,,（株）ＢｌｕＥ　Ｎｅｘｕｓ,253
808,G9210ECC010    ,2023,35,1.0,3.0,TP341.5ﾌﾀｱﾘ,1.0,6.0,3.3,1.0,4.37962962962963,,,（株）ＢｌｕＥ　Ｎｅｘｕｓ,108
809,G9210ECC010    ,2023,36,1.0,3.0,TP341.5ﾌﾀｱﾘ,1.0,6.0,3.3,1.0,4.86060606060606,,,（株）ＢｌｕＥ　Ｎｅｘｕｓ,165
810,G9210ECC010    ,2023,37,1.0,3.0,TP341.5ﾌﾀｱﾘ,1.0,6.0,3.3,1.0,4.285714285714286,,,（株）ＢｌｕＥ　Ｎｅｘｕｓ,28
811,G9210ECC010    ,2023,38,1.0,3.0,TP341.5ﾌﾀｱﾘ,1.0,6.0,3.3,1.0,4.925373134328358,,,（株）ＢｌｕＥ　Ｎｅｘｕｓ,134
812,G9210ECC010    ,2023,39,1.0,3.0,TP341.5ﾌﾀｱﾘ,1.0,6.0,3.3,1.0,5.238095238095238,,,（株）ＢｌｕＥ　Ｎｅｘｕｓ,126
813,G9210ECE010    ,2023,35,1.0,3.0,TP341.5ﾌﾀｱﾘ,1.0,6.0,3.3,1.0,4.428571428571429,,,（株）ＢｌｕＥ　Ｎｅｘｕｓ,105
814,G9210ECE010    ,2023,36,1.0,3.0,TP341.5ﾌﾀｱﾘ,1.0,6.0,3.3,1.0,4.8355263157894735,,,（株）ＢｌｕＥ　Ｎｅｘｕｓ,152
815,G9210ECE010    ,2023,37,1.0,3.0,TP341.5ﾌﾀｱﾘ,1.0,6.0,3.3,1.0,5.0,,,（株）ＢｌｕＥ　Ｎｅｘｕｓ,18
816,G9210ECE010    ,2023,38,1.0,3.0,TP341.5ﾌﾀｱﾘ,1.0,6.0,3.3,1.0,5.402010050251256,,,（株）ＢｌｕＥ　Ｎｅｘｕｓ,199
817,G9210ECE010    ,2023,39,1.0,3.0,TP341.5ﾌﾀｱﾘ,1.0,6.0,3.3,1.0,5.251968503937008,,,（株）ＢｌｕＥ　Ｎｅｘｕｓ,127
818,G9210ECE020    ,2023,35,1.0,3.0,TP341.5ﾌﾀｱﾘ,1.0,6.0,3.3,1.0,4.658064516129032,,,（株）ＢｌｕＥ　Ｎｅｘｕｓ,310
819,G9210ECE020    ,2023,36,1.0,3.0,TP341.5ﾌﾀｱﾘ,1.0,6.0,3.3,1.0,5.041841004184101,,,（株）ＢｌｕＥ　Ｎｅｘｕｓ,239
820,G9210ECE020    ,2023,37,1.0,3.0,TP341.5ﾌﾀｱﾘ,1.0,6.0,3.3,1.0,3.272727272727273,,,（株）ＢｌｕＥ　Ｎｅｘｕｓ,66
821,G9210ECE020    ,2023,38,1.0,3.0,TP341.5ﾌﾀｱﾘ,1.0,6.0,3.3,1.0,5.496644295302014,,,（株）ＢｌｕＥ　Ｎｅｘｕｓ,298
822,G9210ECE020    ,2023,39,1.0,3.0,TP341.5ﾌﾀｱﾘ,1.0,6.0,3.3,1.0,5.086330935251799,,,（株）ＢｌｕＥ　Ｎｅｘｕｓ,278
823,G9210ECE030    ,2023,36,1.0,3.0,TP341.5,1.0,6.0,3.3,1.0,5.0,,,（株）ＢｌｕＥ　Ｎｅｘｕｓ,30
824,G9210ECE030    ,2023,39,1.0,3.0,TP341.5,1.0,6.0,3.3,1.0,5.0,,,（株）ＢｌｕＥ　Ｎｅｘｕｓ,30
